Domain Name,Sub Domain Name,Table/View Name,Column Name,Data Type
Vendor Management,,AdminGridColumnSetting,ID,uniqueidentifier
Vendor Management,,AdminGridColumnSetting,MenuId,int
Vendor Management,,AdminGridColumnSetting,Columns,nvarchar
Vendor Management,,AdminGridColumnSetting,IsActive,bit
Vendor Management,,AdminGridColumnSetting,CreatedOn,datetimeoffset
Vendor Management,,AdminGridColumnSetting,CreatedBy,nvarchar
Vendor Management,,AdminGridColumnSetting,ModifiedOn,datetimeoffset
Vendor Management,,AdminGridColumnSetting,ModifiedBy,nvarchar
Vendor Management,,AdminGridColumnSetting,IsDeleted,bit
Vendor Management,,AdminGridColumnSetting,Version,timestamp
Vendor Management,,AllColumnsforColumnSettins,Id,uniqueidentifier
Vendor Management,,AllColumnsforColumnSettins,MenuId,int
Vendor Management,,AllColumnsforColumnSettins,Columns,varchar
Vendor Management,,AllColumnsforColumnSettins,IsActive,bit
Vendor Management,,AllColumnsforColumnSettins,CreatedOn,datetime
Vendor Management,,AllColumnsforColumnSettins,CreatedBy,varchar
Vendor Management,,AllColumnsforColumnSettins,ModifiedOn,datetime
Vendor Management,,AllColumnsforColumnSettins,ModifiedBy,varchar
Vendor Management,,AllColumnsforColumnSettins,IsDeleted,bit
Vendor Management,,AllColumnsforColumnSettins,Version,timestamp
Vendor Management,,AOP,Id,uniqueidentifier
Vendor Management,,AOP,AOPPlanningCode,nvarchar
Vendor Management,,AOP,CFCycleId,uniqueidentifier
Vendor Management,,AOP,CompanyId,uniqueidentifier
Vendor Management,,AOP,ValueIn,nvarchar
Vendor Management,,AOP,CurrencyId,uniqueidentifier
Vendor Management,,AOP,POPlanningLevel,nvarchar
Vendor Management,,AOP,ExchangeRate,decimal
Vendor Management,,AOP,TotalEquivalentCapacity,decimal
Vendor Management,,AOP,TotalProjectedPO,decimal
Vendor Management,,AOP,TotalProjectedRevenue,decimal
Vendor Management,,AOP,Status,nvarchar
Vendor Management,,AOP,CfCycleName,nvarchar
Vendor Management,,AOP,PlanningYearId,nvarchar
Vendor Management,,AOP,CfCyclePlanningMonth,nvarchar
Vendor Management,,AOP,CfCycleYear,int
Vendor Management,,AOP,CfCyclePlanningStartDate,datetime
Vendor Management,,AOP,CfCyclePlanningEndate,datetime
Vendor Management,,AOP,CreatedOn,datetimeoffset
Vendor Management,,AOP,CreatedBy,nvarchar
Vendor Management,,AOP,ModifiedOn,datetimeoffset
Vendor Management,,AOP,ModifiedBy,nvarchar
Vendor Management,,AOP,IsDeleted,bit
Vendor Management,,AOP,Version,timestamp
Vendor Management,,AOP,ActivitySpocId,nvarchar
Vendor Management,,AOP,CurrencyName,nvarchar
Vendor Management,,AOP,DelegateApproval,nvarchar
Vendor Management,,AOPFirstLevelPlanning,Id,uniqueidentifier
Vendor Management,,AOPFirstLevelPlanning,AOPId,uniqueidentifier
Vendor Management,,AOPFirstLevelPlanning,FLPlanningCode,nvarchar
Vendor Management,,AOPFirstLevelPlanning,OrganizationUnitId,int
Vendor Management,,AOPFirstLevelPlanning,OrganizationUnitName,nvarchar
Vendor Management,,AOPFirstLevelPlanning,PlanningOrgLevel,nvarchar
Vendor Management,,AOPFirstLevelPlanning,ActivitySPOCId,int
Vendor Management,,AOPFirstLevelPlanning,TotalEquivalentCapacity,decimal
Vendor Management,,AOPFirstLevelPlanning,TotalProjectedPO,decimal
Vendor Management,,AOPFirstLevelPlanning,TotalProjectedRevenue,decimal
Vendor Management,,AOPFirstLevelPlanning,Status,nvarchar
Vendor Management,,AOPFirstLevelPlanning,CreatedOn,datetimeoffset
Vendor Management,,AOPFirstLevelPlanning,CreatedBy,nvarchar
Vendor Management,,AOPFirstLevelPlanning,ModifiedOn,datetimeoffset
Vendor Management,,AOPFirstLevelPlanning,ModifiedBy,nvarchar
Vendor Management,,AOPFirstLevelPlanning,IsDeleted,bit
Vendor Management,,AOPFirstLevelPlanning,Version,timestamp
Vendor Management,,AOPSecondLevelPlanning,Id,uniqueidentifier
Vendor Management,,AOPSecondLevelPlanning,AOPId,uniqueidentifier
Vendor Management,,AOPSecondLevelPlanning,AOPFLId,uniqueidentifier
Vendor Management,,AOPSecondLevelPlanning,SLPlanningCode,nvarchar
Vendor Management,,AOPSecondLevelPlanning,OrganizationUnitId,int
Vendor Management,,AOPSecondLevelPlanning,OrganizationUnitName,nvarchar
Vendor Management,,AOPSecondLevelPlanning,PlanningOrgLevel,nvarchar
Vendor Management,,AOPSecondLevelPlanning,ActivitySPOCId,nvarchar
Vendor Management,,AOPSecondLevelPlanning,TotalEquivalentCapacity,decimal
Vendor Management,,AOPSecondLevelPlanning,TotalProjectedPO,decimal
Vendor Management,,AOPSecondLevelPlanning,TotalProjectedRevenue,decimal
Vendor Management,,AOPSecondLevelPlanning,Status,nvarchar
Vendor Management,,AOPSecondLevelPlanning,CreatedOn,datetimeoffset
Vendor Management,,AOPSecondLevelPlanning,CreatedBy,nvarchar
Vendor Management,,AOPSecondLevelPlanning,ModifiedOn,datetimeoffset
Vendor Management,,AOPSecondLevelPlanning,ModifiedBy,nvarchar
Vendor Management,,AOPSecondLevelPlanning,IsDeleted,bit
Vendor Management,,AOPSecondLevelPlanning,Version,timestamp
Vendor Management,,AOPSecondLevelPlanning,DelegateApproval,nvarchar
Vendor Management,,ApprovalStateDetails,Id,int
Vendor Management,,ApprovalStateDetails,ApprovalState,nvarchar
Vendor Management,,ApprovalStateDetails,CreatedOn,datetimeoffset
Vendor Management,,ApprovalStateDetails,CreatedBy,nvarchar
Vendor Management,,ApprovalStateDetails,ModifiedOn,datetimeoffset
Vendor Management,,ApprovalStateDetails,ModifiedBy,nvarchar
Vendor Management,,ApprovalStateDetails,IsDeleted,bit
Vendor Management,,ApprovalStateDetails,Version,timestamp
Vendor Management,,AuditAop,Id,uniqueidentifier
Vendor Management,,AuditAop,AopId,uniqueidentifier
Vendor Management,,AuditAop,AOPPlanningCode,nvarchar
Vendor Management,,AuditAop,CFCycleId,uniqueidentifier
Vendor Management,,AuditAop,CompanyId,uniqueidentifier
Vendor Management,,AuditAop,ValueIn,nvarchar
Vendor Management,,AuditAop,CurrencyId,uniqueidentifier
Vendor Management,,AuditAop,ActivitySPOCId,nvarchar
Vendor Management,,AuditAop,POPlanningLevel,nvarchar
Vendor Management,,AuditAop,ExchangeRate,decimal
Vendor Management,,AuditAop,TotalEquivalentCapacity,decimal
Vendor Management,,AuditAop,TotalProjectedPO,decimal
Vendor Management,,AuditAop,TotalProjectedRevenue,decimal
Vendor Management,,AuditAop,Status,nvarchar
Vendor Management,,AuditAop,CfCycleName,nvarchar
Vendor Management,,AuditAop,PlanningYearId,nvarchar
Vendor Management,,AuditAop,CfCyclePlanningMonth,nvarchar
Vendor Management,,AuditAop,CfCycleYear,int
Vendor Management,,AuditAop,CfCyclePlanningStartDate,datetime
Vendor Management,,AuditAop,CfCyclePlanningEndate,datetime
Vendor Management,,AuditAop,CreatedOn,datetimeoffset
Vendor Management,,AuditAop,CreatedBy,nvarchar
Vendor Management,,AuditAop,ModifiedOn,datetimeoffset
Vendor Management,,AuditAop,ModifiedBy,nvarchar
Vendor Management,,AuditAop,IsDeleted,bit
Vendor Management,,AuditAop,Version,timestamp
Vendor Management,,AuditAopFl,Id,uniqueidentifier
Vendor Management,,AuditAopFl,AOPId,uniqueidentifier
Vendor Management,,AuditAopFl,AopFlId,uniqueidentifier
Vendor Management,,AuditAopFl,FLPlanningCode,nvarchar
Vendor Management,,AuditAopFl,OrganizationUnitId,int
Vendor Management,,AuditAopFl,OrganizationUnitName,nvarchar
Vendor Management,,AuditAopFl,PlanningOrgLevel,nvarchar
Vendor Management,,AuditAopFl,ActivitySPOCId,int
Vendor Management,,AuditAopFl,TotalEquivalentCapacity,decimal
Vendor Management,,AuditAopFl,TotalProjectedPO,decimal
Vendor Management,,AuditAopFl,TotalProjectedRevenue,decimal
Vendor Management,,AuditAopFl,Status,nvarchar
Vendor Management,,AuditAopFl,CreatedOn,datetimeoffset
Vendor Management,,AuditAopFl,CreatedBy,nvarchar
Vendor Management,,AuditAopFl,ModifiedOn,datetimeoffset
Vendor Management,,AuditAopFl,ModifiedBy,nvarchar
Vendor Management,,AuditAopFl,IsDeleted,bit
Vendor Management,,AuditAopFl,Version,timestamp
Vendor Management,,AuditAopSl,Id,uniqueidentifier
Vendor Management,,AuditAopSl,AopSlId,uniqueidentifier
Vendor Management,,AuditAopSl,AopFlId,uniqueidentifier
Vendor Management,,AuditAopSl,AOPId,uniqueidentifier
Vendor Management,,AuditAopSl,SLPlanningCode,nvarchar
Vendor Management,,AuditAopSl,OrganizationUnitId,int
Vendor Management,,AuditAopSl,OrganizationUnitName,nvarchar
Vendor Management,,AuditAopSl,PlanningOrgLevel,nvarchar
Vendor Management,,AuditAopSl,ActivitySPOCId,nvarchar
Vendor Management,,AuditAopSl,TotalEquivalentCapacity,decimal
Vendor Management,,AuditAopSl,TotalProjectedPO,decimal
Vendor Management,,AuditAopSl,TotalProjectedRevenue,decimal
Vendor Management,,AuditAopSl,Status,nvarchar
Vendor Management,,AuditAopSl,CreatedOn,datetimeoffset
Vendor Management,,AuditAopSl,CreatedBy,nvarchar
Vendor Management,,AuditAopSl,ModifiedOn,datetimeoffset
Vendor Management,,AuditAopSl,ModifiedBy,nvarchar
Vendor Management,,AuditAopSl,IsDeleted,bit
Vendor Management,,AuditAopSl,Version,timestamp
Vendor Management,,AuditTable,Id,bigint
Vendor Management,,AuditTable,ActionBy,nvarchar
Vendor Management,,AuditTable,Action,nvarchar
Vendor Management,,AuditTable,CreatedOn,datetime2
Vendor Management,,BusinessSupport,Id,uniqueidentifier
Vendor Management,,BusinessSupport,BusinessSupportName,nvarchar
Vendor Management,,BusinessSupport,IsApplicableToSowJd,bit
Vendor Management,,BusinessSupport,BusinessSupportCode,varchar
Vendor Management,,Classification,Id,uniqueidentifier
Vendor Management,,Classification,ClassificationName,nvarchar
Vendor Management,,Clusters,Id,uniqueidentifier
Vendor Management,,Clusters,ClusterId,nvarchar
Vendor Management,,Clusters,ClusterName,nvarchar
Vendor Management,,Clusters,CreatedOn,datetimeoffset
Vendor Management,,Clusters,CreatedBy,nvarchar
Vendor Management,,Clusters,ModifiedOn,datetimeoffset
Vendor Management,,Clusters,ModifiedBy,nvarchar
Vendor Management,,Clusters,IsDeleted,bit
Vendor Management,,Clusters,Version,timestamp
Vendor Management,,CMSOWjdDetails,Id,uniqueidentifier
Vendor Management,,CMSOWjdDetails,CMRequestID,nvarchar
Vendor Management,,CMSOWjdDetails,SignOffId,nvarchar
Vendor Management,,CMSOWjdDetails,SowJdID,nvarchar
Vendor Management,,CMSOWjdDetails,SkillSet,nvarchar
Vendor Management,,CMSOWjdDetails,Grade,nvarchar
Vendor Management,,CMSOWjdDetails,PurchaseOrder,nvarchar
Vendor Management,,CMSOWjdDetails,PoLineItem,nvarchar
Vendor Management,,CMSOWjdDetails,PersonalArea,nvarchar
Vendor Management,,CMSOWjdDetails,PersonalSubArea,nvarchar
Vendor Management,,CMSOWjdDetails,OrganizationUnit,nvarchar
Vendor Management,,CMSOWjdDetails,CreatedBy,varchar
Vendor Management,,CMSOWjdDetails,CreatedDate,date
Vendor Management,,CMSOWjdDetails,IsDeleted,bit
Vendor Management,,CMSOWjdDetails,ChangeType,varchar
Vendor Management,,CMSOWjdDetails,SowJdEndDate,nvarchar
Vendor Management,,CMSOWjdDetails,Billable,varchar
Vendor Management,,CMSOWjdDetails,OldResourcePlanID,uniqueidentifier
Vendor Management,,CommonModuleLogs,Id,uniqueidentifier
Vendor Management,,CommonModuleLogs,StatusCode,nvarchar
Vendor Management,,CommonModuleLogs,URL,nvarchar
Vendor Management,,CommonModuleLogs,Request,nvarchar
Vendor Management,,CommonModuleLogs,Response,nvarchar
Vendor Management,,CommonModuleLogs,ErrorMessage,nvarchar
Vendor Management,,CommonModuleLogs,CreatedOn,datetime
Vendor Management,,CommonModuleLogs,CreatedBy,nvarchar
Vendor Management,,CommonModuleLogs,ModifiedOn,datetime
Vendor Management,,CommonModuleLogs,ModifiedBy,nvarchar
Vendor Management,,CommonModuleLogs,IsDeleted,bit
Vendor Management,,DeleteConfigurationSetting,Id,int
Vendor Management,,DeleteConfigurationSetting,CompanyId,uniqueidentifier
Vendor Management,,DeleteConfigurationSetting,RetentionYears,int
Vendor Management,,DeleteConfigurationSetting,CreatedBy,nvarchar
Vendor Management,,DeleteConfigurationSetting,CreatedOn,datetime
Vendor Management,,DeleteConfigurationSetting,ModifiedBy,nvarchar
Vendor Management,,DeleteConfigurationSetting,ModifiedOn,datetime
Vendor Management,,DeleteConfigurationSetting,Isdelete,bit
Vendor Management,,EmailNotificationRecipients,Id,int
Vendor Management,,EmailNotificationRecipients,NotificationId,int
Vendor Management,,EmailNotificationRecipients,Email,nvarchar
Vendor Management,,EmailNotificationRecipients,RecipientType,nvarchar
Vendor Management,,EmailNotificationRecipients,Subject,nvarchar
Vendor Management,,EmailNotificationRecipients,CreatedBy,nvarchar
Vendor Management,,EmailNotificationRecipients,CreatedOn,datetime
Vendor Management,,EmailNotificationRecipients,ModifiedBy,nvarchar
Vendor Management,,EmailNotificationRecipients,ModifiedOn,datetime
Vendor Management,,EmailNotificationRecipients,IsDelete,bit
Vendor Management,,EnricoAdministrators,Id,uniqueidentifier
Vendor Management,,EnricoAdministrators,Name,nvarchar
Vendor Management,,EnricoAdministrators,AdminDomainId,nvarchar
Vendor Management,,EnricoAdministrators,IsDeleted,bit
Vendor Management,,EnricoBusinessRoles,Id,uniqueidentifier
Vendor Management,,EnricoBusinessRoles,EntityId,uniqueidentifier
Vendor Management,,EnricoBusinessRoles,EntityBusinessRoleName,nvarchar
Vendor Management,,EnricoBusinessRoles,EntityBusinessRoleStatus,bit
Vendor Management,,EnricoBusinessRoles,FirstApprover,bit
Vendor Management,,EnricoBusinessRoles,SecondApprover,bit
Vendor Management,,EnricoBusinessRoles,CreatedOn,datetimeoffset
Vendor Management,,EnricoBusinessRoles,CreatedBy,nvarchar
Vendor Management,,EnricoBusinessRoles,ModifiedOn,datetimeoffset
Vendor Management,,EnricoBusinessRoles,ModifiedBy,nvarchar
Vendor Management,,EnricoBusinessRoles,IsDeleted,bit
Vendor Management,,EnricoEmailTemplate,Id,uniqueidentifier
Vendor Management,,EnricoEmailTemplate,EntityId,uniqueidentifier
Vendor Management,,EnricoEmailTemplate,To,nvarchar
Vendor Management,,EnricoEmailTemplate,CC,nvarchar
Vendor Management,,EnricoEmailTemplate,Subject,nvarchar
Vendor Management,,EnricoEmailTemplate,Content,nvarchar
Vendor Management,,EnricoEmailTemplate,StorageContainer,nvarchar
Vendor Management,,EnricoEmailTemplate,IsReminded,bit
Vendor Management,,EnricoEmailTemplate,RemindedInDays,int
Vendor Management,,EnricoEmailTemplate,FolderName,nvarchar
Vendor Management,,EnricoEmailTemplate,CreatedOn,datetime
Vendor Management,,EnricoEmailTemplate,CreatedBy,nvarchar
Vendor Management,,EnricoEmailTemplate,ModifiedOn,datetime
Vendor Management,,EnricoEmailTemplate,ModifiedBy,nvarchar
Vendor Management,,EnricoEmailTemplate,IsDeleted,bit
Vendor Management,,EnricoEmailTemplate,FeatureCode,nvarchar
Vendor Management,,EnricoEntities,Id,uniqueidentifier
Vendor Management,,EnricoEntities,EntityName,nvarchar
Vendor Management,,EnricoEntities,EntityFullName,nvarchar
Vendor Management,,EnricoEntities,CreatedOn,datetimeoffset
Vendor Management,,EnricoEntities,CreatedBy,nvarchar
Vendor Management,,EnricoEntities,ModifiedOn,datetimeoffset
Vendor Management,,EnricoEntities,ModifiedBy,nvarchar
Vendor Management,,EnricoEntities,IsDeleted,bit
Vendor Management,,EnricoEntities,CompanyCode,nvarchar
Vendor Management,,EnricoEntityAdmins,Id,uniqueidentifier
Vendor Management,,EnricoEntityAdmins,EntityId,uniqueidentifier
Vendor Management,,EnricoEntityAdmins,EntityAdminUser,nvarchar
Vendor Management,,EnricoEntityAdmins,EntityAdminStatus,bit
Vendor Management,,EnricoEntityAdmins,CreatedOn,datetimeoffset
Vendor Management,,EnricoEntityAdmins,CreatedBy,nvarchar
Vendor Management,,EnricoEntityAdmins,ModifiedOn,datetimeoffset
Vendor Management,,EnricoEntityAdmins,ModifiedBy,nvarchar
Vendor Management,,EnricoEntityAdmins,IsDeleted,bit
Vendor Management,,EnricoFeatures,Id,uniqueidentifier
Vendor Management,,EnricoFeatures,ModuleId,uniqueidentifier
Vendor Management,,EnricoFeatures,FeatureName,nvarchar
Vendor Management,,EnricoFeatures,FeatureDescription,nvarchar
Vendor Management,,EnricoFeatures,UrlPath,nvarchar
Vendor Management,,EnricoFeatures,CreatedOn,datetimeoffset
Vendor Management,,EnricoFeatures,CreatedBy,nvarchar
Vendor Management,,EnricoFeatures,ModifiedOn,datetimeoffset
Vendor Management,,EnricoFeatures,ModifiedBy,nvarchar
Vendor Management,,EnricoFeatures,IsDeleted,bit
Vendor Management,,EnricoFeatures,FeatureCode,nvarchar
Vendor Management,,EnricoFeatures,FeatureNumber,nvarchar
Vendor Management,,EnricoModules,Id,uniqueidentifier
Vendor Management,,EnricoModules,ModuleName,nvarchar
Vendor Management,,EnricoModules,ModuleIcon,nvarchar
Vendor Management,,EnricoModules,ModuleDescription,nvarchar
Vendor Management,,EnricoModules,UrlPath,nvarchar
Vendor Management,,EnricoModules,CreatedOn,datetimeoffset
Vendor Management,,EnricoModules,CreatedBy,nvarchar
Vendor Management,,EnricoModules,ModifiedOn,datetimeoffset
Vendor Management,,EnricoModules,ModifiedBy,nvarchar
Vendor Management,,EnricoModules,IsDeleted,bit
Vendor Management,,EnricoModules,IsBelongToVendor,bit
Vendor Management,,EnricoNotification,Id,uniqueidentifier
Vendor Management,,EnricoNotification,EntityId,uniqueidentifier
Vendor Management,,EnricoNotification,FeatureId,uniqueidentifier
Vendor Management,,EnricoNotification,DataObjectId,nvarchar
Vendor Management,,EnricoNotification,NotificationTitle,nvarchar
Vendor Management,,EnricoNotification,NotificationDescription,nvarchar
Vendor Management,,EnricoNotification,CreatedOn,datetime
Vendor Management,,EnricoNotification,CreatedBy,nvarchar
Vendor Management,,EnricoNotification,ModifiedOn,datetime
Vendor Management,,EnricoNotification,ModifiedBy,nvarchar
Vendor Management,,EnricoNotification,IsDeleted,bit
Vendor Management,,EnricoNotificationSentDetails,Id,uniqueidentifier
Vendor Management,,EnricoNotificationSentDetails,NotificationId,uniqueidentifier
Vendor Management,,EnricoNotificationSentDetails,NTID,nvarchar
Vendor Management,,EnricoNotificationSentDetails,IsSeen,bit
Vendor Management,,EnricoNotificationSentDetails,CreatedOn,datetime
Vendor Management,,EnricoNotificationSentDetails,CreatedBy,nvarchar
Vendor Management,,EnricoNotificationSentDetails,ModifiedOn,datetime
Vendor Management,,EnricoNotificationSentDetails,ModifiedBy,nvarchar
Vendor Management,,EnricoNotificationSentDetails,IsDeleted,bit
Vendor Management,,EnricoPermission,Id,int
Vendor Management,,EnricoPermission,Name,nvarchar
Vendor Management,,EnricoPermission,Description,nvarchar
Vendor Management,,EnricoPermission,IsActive,bit
Vendor Management,,EnricoPermission,IsDeleted,bit
Vendor Management,,EnricoPermissionsOnBusinessRoles,Id,uniqueidentifier
Vendor Management,,EnricoPermissionsOnBusinessRoles,EntityId,uniqueidentifier
Vendor Management,,EnricoPermissionsOnBusinessRoles,BusinessRoleId,uniqueidentifier
Vendor Management,,EnricoPermissionsOnBusinessRoles,FeatureId,uniqueidentifier
Vendor Management,,EnricoPermissionsOnBusinessRoles,PermissionId,int
Vendor Management,,EnricoPermissionsOnBusinessRoles,PermissionStatus,bit
Vendor Management,,EnricoPermissionsOnBusinessRoles,CreatedOn,datetimeoffset
Vendor Management,,EnricoPermissionsOnBusinessRoles,CreatedBy,nvarchar
Vendor Management,,EnricoPermissionsOnBusinessRoles,ModifiedOn,datetimeoffset
Vendor Management,,EnricoPermissionsOnBusinessRoles,ModifiedBy,nvarchar
Vendor Management,,EnricoPermissionsOnBusinessRoles,IsDeleted,bit
Vendor Management,,EnricoUsers,Ntid,nvarchar
Vendor Management,,EnricoUsers,EmployeeNumber,bigint
Vendor Management,,EnricoUsers,Name,nvarchar
Vendor Management,,EnricoUsers,GroupCode,nvarchar
Vendor Management,,EnricoUsers,DeptCode,nvarchar
Vendor Management,,EnricoUsers,Email,nvarchar
Vendor Management,,EnricoUsers,JoinDate,date
Vendor Management,,EnricoUsers,LastModifiedDate,date
Vendor Management,,EnricoUsers,CreatedDate,date
Vendor Management,,EnricoUsers,EmployeeLocation,bigint
Vendor Management,,EnricoUsers,EmployeeCatGroup,smallint
Vendor Management,,EnricoUsers,EmployeeCatSubGroup,smallint
Vendor Management,,EnricoUsers,EmployeeStatus,smallint
Vendor Management,,EnricoUsers,CostCenter,nvarchar
Vendor Management,,EnricoUsers,EmployeeSubLocationCode,nvarchar
Vendor Management,,EnricoUsers,GID,nvarchar
Vendor Management,,EnricoUsers,FirstName,nvarchar
Vendor Management,,EnricoUsers,LastName,nvarchar
Vendor Management,,EnricoUsers,HRBPGID,nvarchar
Vendor Management,,EnricoUsers,BusinessArea,nvarchar
Vendor Management,,EnricoUsers,CompanyCode,nvarchar
Vendor Management,,EnricoUsers,EmployeeRole,nvarchar
Vendor Management,,EnricoUsersInBusinessRoles,Id,uniqueidentifier
Vendor Management,,EnricoUsersInBusinessRoles,EntityId,uniqueidentifier
Vendor Management,,EnricoUsersInBusinessRoles,BusinessRoleId,uniqueidentifier
Vendor Management,,EnricoUsersInBusinessRoles,BusinessUserNTID,nvarchar
Vendor Management,,EnricoUsersInBusinessRoles,BusinessUserStatus,bit
Vendor Management,,EnricoUsersInBusinessRoles,CreatedOn,datetimeoffset
Vendor Management,,EnricoUsersInBusinessRoles,CreatedBy,nvarchar
Vendor Management,,EnricoUsersInBusinessRoles,ModifiedOn,datetimeoffset
Vendor Management,,EnricoUsersInBusinessRoles,ModifiedBy,nvarchar
Vendor Management,,EnricoUsersInBusinessRoles,IsDeleted,bit
Vendor Management,,EscalationLevel,Id,uniqueidentifier
Vendor Management,,EscalationLevel,EscalationLevelValue,nvarchar
Vendor Management,,ExitReasonMaster,Id,int
Vendor Management,,ExitReasonMaster,ExitReason,nvarchar
Vendor Management,,ExitReasonMaster,CreatedOn,datetimeoffset
Vendor Management,,ExitReasonMaster,CreatedBy,nvarchar
Vendor Management,,ExitReasonMaster,ModifiedOn,datetimeoffset
Vendor Management,,ExitReasonMaster,ModifiedBy,nvarchar
Vendor Management,,ExitReasonMaster,IsDeleted,bit
Vendor Management,,ExitReasonMaster,Version,timestamp
Vendor Management,,FixedHoliday,Id,uniqueidentifier
Vendor Management,,FixedHoliday,CompanyCode,nvarchar
Vendor Management,,FixedHoliday,Location,nvarchar
Vendor Management,,FixedHoliday,HolidayDate,datetime
Vendor Management,,FixedHoliday,HolidayName,nvarchar
Vendor Management,,FixedHoliday,CreatedOn,datetimeoffset
Vendor Management,,FixedHoliday,CreatedBy,nvarchar
Vendor Management,,FixedHoliday,ModifiedOn,datetimeoffset
Vendor Management,,FixedHoliday,ModifiedBy,nvarchar
Vendor Management,,FixedHoliday,IsDeleted,bit
Vendor Management,,FundCenters,Id,uniqueidentifier
Vendor Management,,FundCenters,Fmarea,nvarchar
Vendor Management,,FundCenters,FundCenter,nvarchar
Vendor Management,,FundCenters,FundCenterName,nvarchar
Vendor Management,,FundCenters,Description,nvarchar
Vendor Management,,FundCenters,ValidFrom,datetime
Vendor Management,,FundCenters,ValidTo,datetime
Vendor Management,,FundCenters,Source,nvarchar
Vendor Management,,FundCenters,CreatedOn,datetimeoffset
Vendor Management,,FundCenters,CreatedBy,nvarchar
Vendor Management,,FundCenters,ModifiedOn,datetimeoffset
Vendor Management,,FundCenters,ModifiedBy,nvarchar
Vendor Management,,FundCenters,IsDeleted,bit
Vendor Management,,FundCenters,Version,timestamp
Vendor Management,,FundCenters,Imported,bit
Vendor Management,,FundCenters,IsActive,bit
Vendor Management,,FundCenters,BusinessArea,nvarchar
Vendor Management,,FundCenters,CompanyCode,nvarchar
Vendor Management,,FundCenters,EnteredOn,datetime
Vendor Management,,FundCenters,ChangedOn,datetime
Vendor Management,,FundCodeDetails,id,uniqueidentifier
Vendor Management,,FundCodeDetails,fundcode,varchar
Vendor Management,,FundCodeDetails,createdOn,datetime
Vendor Management,,FundCodeDetails,createdBy,varchar
Vendor Management,,FundsCenterMaster,Id,bigint
Vendor Management,,FundsCenterMaster,FMArea,nvarchar
Vendor Management,,FundsCenterMaster,FundCentre,nvarchar
Vendor Management,,FundsCenterMaster,FundCentreName,nvarchar
Vendor Management,,FundsCenterMaster,Description,nvarchar
Vendor Management,,FundsCenterMaster,ValidFrom,datetime2
Vendor Management,,FundsCenterMaster,ValidTo,datetime2
Vendor Management,,FundsCenterMaster,Source,nvarchar
Vendor Management,,FundsCenterMaster,IsActive,bit
Vendor Management,,FundsCenterMaster,CreatedOn,datetime2
Vendor Management,,FundsCenterMaster,CreatedBy,nvarchar
Vendor Management,,FundsCenterMaster,ModifiedOn,datetime2
Vendor Management,,FundsCenterMaster,ModifiedBy,nvarchar
Vendor Management,,GradeDetails,Id,int
Vendor Management,,GradeDetails,Grade,nvarchar
Vendor Management,,GradeDetails,CreatedOn,datetimeoffset
Vendor Management,,GradeDetails,CreatedBy,nvarchar
Vendor Management,,GradeDetails,ModifiedOn,datetimeoffset
Vendor Management,,GradeDetails,ModifiedBy,nvarchar
Vendor Management,,GradeDetails,IsDeleted,bit
Vendor Management,,GradeDetails,Version,timestamp
Vendor Management,,InterfaceClientApps,Id,uniqueidentifier
Vendor Management,,InterfaceClientApps,ClientName,nvarchar
Vendor Management,,InterfaceClientApps,Secret,nvarchar
Vendor Management,,InterfaceClientApps,CreatedOn,datetimeoffset
Vendor Management,,InterfaceClientApps,CreatedBy,nvarchar
Vendor Management,,InterfaceClientApps,ModifiedOn,datetimeoffset
Vendor Management,,InterfaceClientApps,ModifiedBy,nvarchar
Vendor Management,,InterfaceClientApps,Version,timestamp
Vendor Management,,InterfaceLogs,Id,int
Vendor Management,,InterfaceLogs,Message,nvarchar
Vendor Management,,InterfaceLogs,Level,nvarchar
Vendor Management,,InterfaceLogs,TimeStamp,datetime2
Vendor Management,,InterfaceLogs,Properties,xml
Vendor Management,,InterfaceLogs,MessageTemplate,nvarchar
Vendor Management,,InterfaceLogs,Exception,nvarchar
Vendor Management,,InterfaceLogs,LogEvent,nvarchar
Vendor Management,,Logs,Id,uniqueidentifier
Vendor Management,,Logs,Message,nvarchar
Vendor Management,,Logs,Level,nvarchar
Vendor Management,,Logs,TimeStamp,datetime2
Vendor Management,,Logs,Properties,xml
Vendor Management,,Logs,MessageTemplate,nvarchar
Vendor Management,,Logs,Exception,nvarchar
Vendor Management,,Logs,LogEvent,nvarchar
Vendor Management,,MasterAccessoriesSPOC,Id,uniqueidentifier
Vendor Management,,MasterAccessoriesSPOC,CompanyId,uniqueidentifier
Vendor Management,,MasterAccessoriesSPOC,PlantId,uniqueidentifier
Vendor Management,,MasterAccessoriesSPOC,SpocName,nvarchar
Vendor Management,,MasterAccessoriesSPOC,ValidityStart,datetime
Vendor Management,,MasterAccessoriesSPOC,ValidityEnd,datetime
Vendor Management,,MasterAccessoriesSPOC,CreatedOn,datetimeoffset
Vendor Management,,MasterAccessoriesSPOC,CreatedBy,nvarchar
Vendor Management,,MasterAccessoriesSPOC,ModifiedOn,datetimeoffset
Vendor Management,,MasterAccessoriesSPOC,ModifiedBy,nvarchar
Vendor Management,,MasterAccessoriesSPOC,IsDeleted,bit
Vendor Management,,MasterApprovalDetails,Id,uniqueidentifier
Vendor Management,,MasterApprovalDetails,ModuleId,int
Vendor Management,,MasterApprovalDetails,ObjectId,uniqueidentifier
Vendor Management,,MasterApprovalDetails,Remark,nvarchar
Vendor Management,,MasterApprovalDetails,IsActive,bit
Vendor Management,,MasterApprovalDetails,ApprovedBy,nvarchar
Vendor Management,,MasterApprovalDetails,ApprovedDate,datetime
Vendor Management,,MasterApprovalDetails,CreatedOn,datetimeoffset
Vendor Management,,MasterApprovalDetails,CreatedBy,nvarchar
Vendor Management,,MasterApprovalDetails,ModifiedOn,datetimeoffset
Vendor Management,,MasterApprovalDetails,ModifiedBy,nvarchar
Vendor Management,,MasterApprovalDetails,IsDeleted,bit
Vendor Management,,MasterApprovalDetails,Version,timestamp
Vendor Management,,MasterApprovalDetails,ApprovalStatusId,int
Vendor Management,,MasterApprovalDetails,ApprovalEno,nvarchar
Vendor Management,,MasterApprovalStatus,ApprovalStatusId,int
Vendor Management,,MasterApprovalStatus,ApprovalStatusName,nvarchar
Vendor Management,,MasterApprovedBillingPeriod,Id,uniqueidentifier
Vendor Management,,MasterApprovedBillingPeriod,BillingPeriodId,uniqueidentifier
Vendor Management,,MasterApprovedBillingPeriod,ValidityStart,datetime
Vendor Management,,MasterApprovedBillingPeriod,ValidityEnd,datetime
Vendor Management,,MasterApprovedBillingPeriod,CompanyId,uniqueidentifier
Vendor Management,,MasterApprovedBillingPeriod,PeriodId,int
Vendor Management,,MasterApprovedBillingPeriod,PeriodStart,datetime
Vendor Management,,MasterApprovedBillingPeriod,PeriodEnd,datetime
Vendor Management,,MasterApprovedBillingPeriod,StandardDays,int
Vendor Management,,MasterApprovedBillingPeriod,StandardHours,int
Vendor Management,,MasterApprovedBillingPeriod,CreatedOn,datetimeoffset
Vendor Management,,MasterApprovedBillingPeriod,CreatedBy,nvarchar
Vendor Management,,MasterApprovedBillingPeriod,ModifiedOn,datetimeoffset
Vendor Management,,MasterApprovedBillingPeriod,ModifiedBy,nvarchar
Vendor Management,,MasterApprovedBillingPeriod,IsDeleted,bit
Vendor Management,,MasterApprovedBillingPeriod,Version,timestamp
Vendor Management,,MasterApprovedBillingPeriod,PeriodOwner,nvarchar
Vendor Management,,MasterApprovedBillingPeriod,BillingMonth,nvarchar
Vendor Management,,MasterApprovedBillingPeriod,BillingPeriodYear,int
Vendor Management,,MasterApprovedBillingPeriod,IsBillingCompleted,bit
Vendor Management,,MasterApprovedBillingPeriod,IsBillingYetToStart,bit
Vendor Management,,MasterApprovedBillingPeriod,OTRatio,decimal
Vendor Management,,MasterApprovedBillingPeriod,WorkingDays,decimal
Vendor Management,,MasterApprovedBillingPeriod,BillingStatus,nvarchar
Vendor Management,,MasterApprovedBillingPeriod,ODCBilling,nvarchar
Vendor Management,,MasterApprovedBillingPeriod,SectionSpocApproval,nvarchar
Vendor Management,,MasterApprovedBillingPeriod,WorkingHour,int
Vendor Management,,MasterApprovedBillingPeriod,WorkingHours,int
Vendor Management,,MasterApprovedBoschOH,Id,uniqueidentifier
Vendor Management,,MasterApprovedBoschOH,MasterBoschOHId,uniqueidentifier
Vendor Management,,MasterApprovedBoschOH,CompanyId,uniqueidentifier
Vendor Management,,MasterApprovedBoschOH,ValidityStart,datetime
Vendor Management,,MasterApprovedBoschOH,ValidityEnd,datetime
Vendor Management,,MasterApprovedBoschOH,BusinessUnit,bigint
Vendor Management,,MasterApprovedBoschOH,LocationMode,int
Vendor Management,,MasterApprovedBoschOH,CostDifference,decimal
Vendor Management,,MasterApprovedBoschOH,CreatedOn,datetimeoffset
Vendor Management,,MasterApprovedBoschOH,CreatedBy,nvarchar
Vendor Management,,MasterApprovedBoschOH,ModifiedOn,datetimeoffset
Vendor Management,,MasterApprovedBoschOH,ModifiedBy,nvarchar
Vendor Management,,MasterApprovedBoschOH,IsDeleted,bit
Vendor Management,,MasterApprovedBoschOH,Version,timestamp
Vendor Management,,MasterApprovedBoschRateCard,Id,uniqueidentifier
Vendor Management,,MasterApprovedBoschRateCard,BoschRateCardId,uniqueidentifier
Vendor Management,,MasterApprovedBoschRateCard,CompanyId,uniqueidentifier
Vendor Management,,MasterApprovedBoschRateCard,SkillsetId,uniqueidentifier
Vendor Management,,MasterApprovedBoschRateCard,ValidityStart,datetime
Vendor Management,,MasterApprovedBoschRateCard,ValidityEnd,datetime
Vendor Management,,MasterApprovedBoschRateCard,CreatedOn,datetimeoffset
Vendor Management,,MasterApprovedBoschRateCard,CreatedBy,nvarchar
Vendor Management,,MasterApprovedBoschRateCard,ModifiedOn,datetimeoffset
Vendor Management,,MasterApprovedBoschRateCard,ModifiedBy,nvarchar
Vendor Management,,MasterApprovedBoschRateCard,IsDeleted,bit
Vendor Management,,MasterApprovedBoschRateCard,Version,timestamp
Vendor Management,,MasterApprovedBoschRateCard,Grade0,decimal
Vendor Management,,MasterApprovedBoschRateCard,Grade1,decimal
Vendor Management,,MasterApprovedBoschRateCard,Grade2,decimal
Vendor Management,,MasterApprovedBoschRateCard,Grade3,decimal
Vendor Management,,MasterApprovedBoschRateCard,Grade4,decimal
Vendor Management,,MasterApprovedBoschRateCard,CurrencyId,uniqueidentifier
Vendor Management,,MasterApprovedBuHot,Id,uniqueidentifier
Vendor Management,,MasterApprovedBuHot,BuHotId,uniqueidentifier
Vendor Management,,MasterApprovedBuHot,BuId,bigint
Vendor Management,,MasterApprovedBuHot,HotName,nvarchar
Vendor Management,,MasterApprovedBuHot,ValidityStart,datetime
Vendor Management,,MasterApprovedBuHot,ValidityEnd,datetime
Vendor Management,,MasterApprovedBuHot,CreatedOn,datetimeoffset
Vendor Management,,MasterApprovedBuHot,CreatedBy,nvarchar
Vendor Management,,MasterApprovedBuHot,ModifiedOn,datetimeoffset
Vendor Management,,MasterApprovedBuHot,ModifiedBy,nvarchar
Vendor Management,,MasterApprovedBuHot,IsDeleted,bit
Vendor Management,,MasterApprovedBuHot,Version,timestamp
Vendor Management,,MasterApprovedBuHot,CompanyId,uniqueidentifier
Vendor Management,,MasterApprovedBuSPOC,Id,uniqueidentifier
Vendor Management,,MasterApprovedBuSPOC,BuSpocId,uniqueidentifier
Vendor Management,,MasterApprovedBuSPOC,BuId,bigint
Vendor Management,,MasterApprovedBuSPOC,SpocName,nvarchar
Vendor Management,,MasterApprovedBuSPOC,ValidityStart,datetime
Vendor Management,,MasterApprovedBuSPOC,ValidityEnd,datetime
Vendor Management,,MasterApprovedBuSPOC,CreatedOn,datetimeoffset
Vendor Management,,MasterApprovedBuSPOC,CreatedBy,nvarchar
Vendor Management,,MasterApprovedBuSPOC,ModifiedOn,datetimeoffset
Vendor Management,,MasterApprovedBuSPOC,ModifiedBy,nvarchar
Vendor Management,,MasterApprovedBuSPOC,IsDeleted,bit
Vendor Management,,MasterApprovedBuSPOC,Version,timestamp
Vendor Management,,MasterApprovedBuSPOC,CompanyId,uniqueidentifier
Vendor Management,,MasterApprovedGBBusinessArea,Id,uniqueidentifier
Vendor Management,,MasterApprovedGBBusinessArea,GBBusinessAreaId,uniqueidentifier
Vendor Management,,MasterApprovedGBBusinessArea,GbCode,nvarchar
Vendor Management,,MasterApprovedGBBusinessArea,GBDescription,nvarchar
Vendor Management,,MasterApprovedGBBusinessArea,BusinessSector,nvarchar
Vendor Management,,MasterApprovedGBBusinessArea,CreatedOn,datetimeoffset
Vendor Management,,MasterApprovedGBBusinessArea,CreatedBy,nvarchar
Vendor Management,,MasterApprovedGBBusinessArea,ModifiedOn,datetimeoffset
Vendor Management,,MasterApprovedGBBusinessArea,ModifiedBy,nvarchar
Vendor Management,,MasterApprovedGBBusinessArea,IsDeleted,bit
Vendor Management,,MasterApprovedGBBusinessArea,Version,timestamp
Vendor Management,,MasterApprovedSectionSpoc,Id,uniqueidentifier
Vendor Management,,MasterApprovedSectionSpoc,SectionSpocId,uniqueidentifier
Vendor Management,,MasterApprovedSectionSpoc,SectionName,nvarchar
Vendor Management,,MasterApprovedSectionSpoc,SpocName,nvarchar
Vendor Management,,MasterApprovedSectionSpoc,ValidityStart,datetime
Vendor Management,,MasterApprovedSectionSpoc,ValidityEnd,datetime
Vendor Management,,MasterApprovedSectionSpoc,CreatedOn,datetimeoffset
Vendor Management,,MasterApprovedSectionSpoc,CreatedBy,nvarchar
Vendor Management,,MasterApprovedSectionSpoc,ModifiedOn,datetimeoffset
Vendor Management,,MasterApprovedSectionSpoc,ModifiedBy,nvarchar
Vendor Management,,MasterApprovedSectionSpoc,IsDeleted,bit
Vendor Management,,MasterApprovedSectionSpoc,Version,timestamp
Vendor Management,,MasterApprovedSectionSpoc,CompanyId,uniqueidentifier
Vendor Management,,MasterApprovedTargetSaving,Id,uniqueidentifier
Vendor Management,,MasterApprovedTargetSaving,CompanyId,uniqueidentifier
Vendor Management,,MasterApprovedTargetSaving,TargetSavingId,uniqueidentifier
Vendor Management,,MasterApprovedTargetSaving,ValidityStart,datetime
Vendor Management,,MasterApprovedTargetSaving,ValidityEnd,datetime
Vendor Management,,MasterApprovedTargetSaving,TargetSavingValue,decimal
Vendor Management,,MasterApprovedTargetSaving,CreatedOn,datetimeoffset
Vendor Management,,MasterApprovedTargetSaving,CreatedBy,nvarchar
Vendor Management,,MasterApprovedTargetSaving,ModifiedOn,datetimeoffset
Vendor Management,,MasterApprovedTargetSaving,ModifiedBy,nvarchar
Vendor Management,,MasterApprovedTargetSaving,IsDeleted,bit
Vendor Management,,MasterApprovedTargetSaving,Version,timestamp
Vendor Management,,MasterApprovedVendorRateCard,Id,uniqueidentifier
Vendor Management,,MasterApprovedVendorRateCard,VendorRateCardId,uniqueidentifier
Vendor Management,,MasterApprovedVendorRateCard,VendorId,uniqueidentifier
Vendor Management,,MasterApprovedVendorRateCard,CompanyId,uniqueidentifier
Vendor Management,,MasterApprovedVendorRateCard,SkillsetId,uniqueidentifier
Vendor Management,,MasterApprovedVendorRateCard,ValidityStart,datetime
Vendor Management,,MasterApprovedVendorRateCard,ValidityEnd,datetime
Vendor Management,,MasterApprovedVendorRateCard,CreatedOn,datetimeoffset
Vendor Management,,MasterApprovedVendorRateCard,CreatedBy,nvarchar
Vendor Management,,MasterApprovedVendorRateCard,ModifiedOn,datetimeoffset
Vendor Management,,MasterApprovedVendorRateCard,ModifiedBy,nvarchar
Vendor Management,,MasterApprovedVendorRateCard,IsDeleted,bit
Vendor Management,,MasterApprovedVendorRateCard,Version,timestamp
Vendor Management,,MasterApprovedVendorRateCard,Grade0,decimal
Vendor Management,,MasterApprovedVendorRateCard,Grade1,decimal
Vendor Management,,MasterApprovedVendorRateCard,Grade2,decimal
Vendor Management,,MasterApprovedVendorRateCard,Grade3,decimal
Vendor Management,,MasterApprovedVendorRateCard,Grade4,decimal
Vendor Management,,MasterApprovedVendorRateCard,CurrencyId,uniqueidentifier
Vendor Management,,MasterApprovedVendorRateCard,LocationId,int
Vendor Management,,MasterApprovedVendorSkillset,Id,uniqueidentifier
Vendor Management,,MasterApprovedVendorSkillset,VendorSkillsetId,uniqueidentifier
Vendor Management,,MasterApprovedVendorSkillset,VendorId,uniqueidentifier
Vendor Management,,MasterApprovedVendorSkillset,CompanyId,uniqueidentifier
Vendor Management,,MasterApprovedVendorSkillset,SkillsetId,uniqueidentifier
Vendor Management,,MasterApprovedVendorSkillset,ValidityStart,datetime
Vendor Management,,MasterApprovedVendorSkillset,ValidityEnd,datetime
Vendor Management,,MasterApprovedVendorSkillset,CreatedOn,datetimeoffset
Vendor Management,,MasterApprovedVendorSkillset,CreatedBy,nvarchar
Vendor Management,,MasterApprovedVendorSkillset,ModifiedOn,datetimeoffset
Vendor Management,,MasterApprovedVendorSkillset,ModifiedBy,nvarchar
Vendor Management,,MasterApprovedVendorSkillset,IsDeleted,bit
Vendor Management,,MasterApprovedVendorSkillset,Version,timestamp
Vendor Management,,MasterApprovedVendorSkillset,Grade0,nvarchar
Vendor Management,,MasterApprovedVendorSkillset,Grade1,nvarchar
Vendor Management,,MasterApprovedVendorSkillset,Grade2,nvarchar
Vendor Management,,MasterApprovedVendorSkillset,Grade3,nvarchar
Vendor Management,,MasterApprovedVendorSkillset,Grade4,nvarchar
Vendor Management,,MasterApprovedVendorSkillset,CurrencyId,uniqueidentifier
Vendor Management,,MasterApprovedVendorSkillset,LocationId,int
Vendor Management,,MasterAssetSPOC,Id,uniqueidentifier
Vendor Management,,MasterAssetSPOC,CompanyId,uniqueidentifier
Vendor Management,,MasterAssetSPOC,PlantId,uniqueidentifier
Vendor Management,,MasterAssetSPOC,SpocName,nvarchar
Vendor Management,,MasterAssetSPOC,ValidityStart,datetime
Vendor Management,,MasterAssetSPOC,ValidityEnd,datetime
Vendor Management,,MasterAssetSPOC,CreatedOn,datetimeoffset
Vendor Management,,MasterAssetSPOC,CreatedBy,nvarchar
Vendor Management,,MasterAssetSPOC,ModifiedOn,datetimeoffset
Vendor Management,,MasterAssetSPOC,ModifiedBy,nvarchar
Vendor Management,,MasterAssetSPOC,IsDeleted,bit
Vendor Management,,MasterBillingPeriod,Id,uniqueidentifier
Vendor Management,,MasterBillingPeriod,ValidityStart,datetime
Vendor Management,,MasterBillingPeriod,ValidityEnd,datetime
Vendor Management,,MasterBillingPeriod,CompanyId,uniqueidentifier
Vendor Management,,MasterBillingPeriod,PeriodId,int
Vendor Management,,MasterBillingPeriod,PeriodStart,datetime
Vendor Management,,MasterBillingPeriod,PeriodEnd,datetime
Vendor Management,,MasterBillingPeriod,StandardDays,int
Vendor Management,,MasterBillingPeriod,StandardHours,int
Vendor Management,,MasterBillingPeriod,CreatedOn,datetimeoffset
Vendor Management,,MasterBillingPeriod,CreatedBy,nvarchar
Vendor Management,,MasterBillingPeriod,ModifiedOn,datetimeoffset
Vendor Management,,MasterBillingPeriod,ModifiedBy,nvarchar
Vendor Management,,MasterBillingPeriod,IsDeleted,bit
Vendor Management,,MasterBillingPeriod,Version,timestamp
Vendor Management,,MasterBillingPeriod,PeriodOwner,nvarchar
Vendor Management,,MasterBillingPeriod,BillingMonth,nvarchar
Vendor Management,,MasterBillingPeriod,BillingPeriodYear,int
Vendor Management,,MasterBillingPeriod,IsBillingCompleted,bit
Vendor Management,,MasterBillingPeriod,IsBillingYetToStart,bit
Vendor Management,,MasterBillingPeriod,OTRatio,decimal
Vendor Management,,MasterBillingPeriod,WorkingDays,decimal
Vendor Management,,MasterBillingPeriod,BillingStatus,nvarchar
Vendor Management,,MasterBillingPeriod,ODCBilling,nvarchar
Vendor Management,,MasterBillingPeriod,SectionSpocApproval,nvarchar
Vendor Management,,MasterBillingPeriod,WorkingHour,int
Vendor Management,,MasterBillingPeriod,WorkingHours,int
Vendor Management,,MasterBoschOH,Id,uniqueidentifier
Vendor Management,,MasterBoschOH,CompanyId,uniqueidentifier
Vendor Management,,MasterBoschOH,ValidityStart,datetime
Vendor Management,,MasterBoschOH,ValidityEnd,datetime
Vendor Management,,MasterBoschOH,BusinessUnit,bigint
Vendor Management,,MasterBoschOH,LocationMode,int
Vendor Management,,MasterBoschOH,CostDifference,decimal
Vendor Management,,MasterBoschOH,CreatedOn,datetimeoffset
Vendor Management,,MasterBoschOH,CreatedBy,nvarchar
Vendor Management,,MasterBoschOH,ModifiedOn,datetimeoffset
Vendor Management,,MasterBoschOH,ModifiedBy,nvarchar
Vendor Management,,MasterBoschOH,IsDeleted,bit
Vendor Management,,MasterBoschOH,Version,timestamp
Vendor Management,,MasterBoschRateCard,Id,uniqueidentifier
Vendor Management,,MasterBoschRateCard,CompanyId,uniqueidentifier
Vendor Management,,MasterBoschRateCard,SkillsetId,uniqueidentifier
Vendor Management,,MasterBoschRateCard,ValidityStart,datetime
Vendor Management,,MasterBoschRateCard,ValidityEnd,datetime
Vendor Management,,MasterBoschRateCard,CreatedOn,datetimeoffset
Vendor Management,,MasterBoschRateCard,CreatedBy,nvarchar
Vendor Management,,MasterBoschRateCard,ModifiedOn,datetimeoffset
Vendor Management,,MasterBoschRateCard,ModifiedBy,nvarchar
Vendor Management,,MasterBoschRateCard,IsDeleted,bit
Vendor Management,,MasterBoschRateCard,Version,timestamp
Vendor Management,,MasterBoschRateCard,Grade0,decimal
Vendor Management,,MasterBoschRateCard,Grade1,decimal
Vendor Management,,MasterBoschRateCard,Grade2,decimal
Vendor Management,,MasterBoschRateCard,Grade3,decimal
Vendor Management,,MasterBoschRateCard,Grade4,decimal
Vendor Management,,MasterBoschRateCard,CurrencyId,uniqueidentifier
Vendor Management,,MasterBuHot,Id,uniqueidentifier
Vendor Management,,MasterBuHot,BuId,bigint
Vendor Management,,MasterBuHot,HotName,nvarchar
Vendor Management,,MasterBuHot,ValidityStart,datetime
Vendor Management,,MasterBuHot,ValidityEnd,datetime
Vendor Management,,MasterBuHot,CreatedOn,datetimeoffset
Vendor Management,,MasterBuHot,CreatedBy,nvarchar
Vendor Management,,MasterBuHot,ModifiedOn,datetimeoffset
Vendor Management,,MasterBuHot,ModifiedBy,nvarchar
Vendor Management,,MasterBuHot,IsDeleted,bit
Vendor Management,,MasterBuHot,Version,timestamp
Vendor Management,,MasterBuHot,IsActive,bit
Vendor Management,,MasterBuHot,CompanyId,uniqueidentifier
Vendor Management,,MasterBuSPOC,Id,uniqueidentifier
Vendor Management,,MasterBuSPOC,BuId,bigint
Vendor Management,,MasterBuSPOC,SpocName,nvarchar
Vendor Management,,MasterBuSPOC,ValidityStart,datetime
Vendor Management,,MasterBuSPOC,ValidityEnd,datetime
Vendor Management,,MasterBuSPOC,CreatedOn,datetimeoffset
Vendor Management,,MasterBuSPOC,CreatedBy,nvarchar
Vendor Management,,MasterBuSPOC,ModifiedOn,datetimeoffset
Vendor Management,,MasterBuSPOC,ModifiedBy,nvarchar
Vendor Management,,MasterBuSPOC,IsDeleted,bit
Vendor Management,,MasterBuSPOC,Version,timestamp
Vendor Management,,MasterBuSPOC,IsActive,bit
Vendor Management,,MasterBuSPOC,CompanyId,uniqueidentifier
Vendor Management,,MasterCfCycle,Id,uniqueidentifier
Vendor Management,,MasterCfCycle,CompanyId,uniqueidentifier
Vendor Management,,MasterCfCycle,CfCycleName,nvarchar
Vendor Management,,MasterCfCycle,CfCycleYear,int
Vendor Management,,MasterCfCycle,CfCyclePlanningMonth,nvarchar
Vendor Management,,MasterCfCycle,CFCyclePlanningStartDate,datetime
Vendor Management,,MasterCfCycle,CFCyclePlanningEndate,datetime
Vendor Management,,MasterCfCycle,CFCycleStandardDays,int
Vendor Management,,MasterCfCycle,CFCycleStandardHours,int
Vendor Management,,MasterCfCycle,CreatedOn,datetimeoffset
Vendor Management,,MasterCfCycle,CreatedBy,nvarchar
Vendor Management,,MasterCfCycle,ModifiedOn,datetimeoffset
Vendor Management,,MasterCfCycle,ModifiedBy,nvarchar
Vendor Management,,MasterCfCycle,IsDeleted,bit
Vendor Management,,MasterCfCycle,Version,timestamp
Vendor Management,,MasterCfCycle,Status,nvarchar
Vendor Management,,MasterCfCycle,PlanningYearId,nvarchar
Vendor Management,,MasterCfCycle,IsActive,bit
Vendor Management,,MasterCompanies,Id,uniqueidentifier
Vendor Management,,MasterCompanies,CompanyCode,nvarchar
Vendor Management,,MasterCompanies,CompanyFullName,nvarchar
Vendor Management,,MasterCompanies,CompanyShortName,nvarchar
Vendor Management,,MasterCompanies,CompanyAddressStreet,nvarchar
Vendor Management,,MasterCompanies,CompanyAddressPostalCode,nvarchar
Vendor Management,,MasterCompanies,CompanyAddressCity,nvarchar
Vendor Management,,MasterCompanies,CompanyRegionName,nvarchar
Vendor Management,,MasterCompanies,CompanyCountryName,nvarchar
Vendor Management,,MasterCompanies,CompanyCurrencyId,uniqueidentifier
Vendor Management,,MasterCompanies,CreatedOn,datetimeoffset
Vendor Management,,MasterCompanies,CreatedBy,nvarchar
Vendor Management,,MasterCompanies,ModifiedOn,datetimeoffset
Vendor Management,,MasterCompanies,ModifiedBy,nvarchar
Vendor Management,,MasterCompanies,IsDeleted,bit
Vendor Management,,MasterCompanies,Version,timestamp
Vendor Management,,MasterCompanies,Status,bit
Vendor Management,,MasterCompanies,Description,nvarchar
Vendor Management,,MasterCompanies,supportText,nvarchar
Vendor Management,,MasterCompanies,emailCompose,nvarchar
Vendor Management,,MasterCompanies,iconText,nvarchar
Vendor Management,,MasterCompanies,Category,nvarchar
Vendor Management,,MasterCompleteECLSPOC,Id,uniqueidentifier
Vendor Management,,MasterCompleteECLSPOC,CompanyId,uniqueidentifier
Vendor Management,,MasterCompleteECLSPOC,PlantId,uniqueidentifier
Vendor Management,,MasterCompleteECLSPOC,SpocName,nvarchar
Vendor Management,,MasterCompleteECLSPOC,ValidityStart,datetime
Vendor Management,,MasterCompleteECLSPOC,ValidityEnd,datetime
Vendor Management,,MasterCompleteECLSPOC,CreatedOn,datetimeoffset
Vendor Management,,MasterCompleteECLSPOC,CreatedBy,nvarchar
Vendor Management,,MasterCompleteECLSPOC,ModifiedOn,datetimeoffset
Vendor Management,,MasterCompleteECLSPOC,ModifiedBy,nvarchar
Vendor Management,,MasterCompleteECLSPOC,IsDeleted,bit
Vendor Management,,MasterCostCenter,Id,uniqueidentifier
Vendor Management,,MasterCostCenter,ControllingArea,nvarchar
Vendor Management,,MasterCostCenter,CostCenter,nvarchar
Vendor Management,,MasterCostCenter,Name,nvarchar
Vendor Management,,MasterCostCenter,Description,nvarchar
Vendor Management,,MasterCostCenter,BusinessArea,nvarchar
Vendor Management,,MasterCostCenter,CompanyID,uniqueidentifier
Vendor Management,,MasterCostCenter,ValidFrom,datetime2
Vendor Management,,MasterCostCenter,ValidTo,datetime2
Vendor Management,,MasterCostCenter,Imported,bit
Vendor Management,,MasterCostCenter,CreatedOn,datetimeoffset
Vendor Management,,MasterCostCenter,CreatedBy,nvarchar
Vendor Management,,MasterCostCenter,ModifiedOn,datetimeoffset
Vendor Management,,MasterCostCenter,ModifiedBy,nvarchar
Vendor Management,,MasterCostCenter,IsDeleted,bit
Vendor Management,,MasterCostCenter,Version,timestamp
Vendor Management,,MasterCostCenter,DepartmentId,int
Vendor Management,,MasterCostCenter,IsActive,bit
Vendor Management,,MasterCostCenter,SAPCreatedOn,datetime
Vendor Management,,MasterCostCenter,DepartmentName,nvarchar
Vendor Management,,MasterCostCenter,CompanyCode,nvarchar
Vendor Management,,MasterCostCenter,Department,nvarchar
Vendor Management,,MasterCurrencies,Id,uniqueidentifier
Vendor Management,,MasterCurrencies,CurrencyName,nvarchar
Vendor Management,,MasterDeboardingSPOC,Id,uniqueidentifier
Vendor Management,,MasterDeboardingSPOC,CompanyId,uniqueidentifier
Vendor Management,,MasterDeboardingSPOC,PlantId,uniqueidentifier
Vendor Management,,MasterDeboardingSPOC,SpocName,nvarchar
Vendor Management,,MasterDeboardingSPOC,ValidityStart,datetime
Vendor Management,,MasterDeboardingSPOC,ValidityEnd,datetime
Vendor Management,,MasterDeboardingSPOC,CreatedOn,datetimeoffset
Vendor Management,,MasterDeboardingSPOC,CreatedBy,nvarchar
Vendor Management,,MasterDeboardingSPOC,ModifiedOn,datetimeoffset
Vendor Management,,MasterDeboardingSPOC,ModifiedBy,nvarchar
Vendor Management,,MasterDeboardingSPOC,IsDeleted,bit
Vendor Management,,MasterDepartmentSPOC,Id,uniqueidentifier
Vendor Management,,MasterDepartmentSPOC,DepartmentId,bigint
Vendor Management,,MasterDepartmentSPOC,SpocName,nvarchar
Vendor Management,,MasterDepartmentSPOC,ValidityStart,datetime
Vendor Management,,MasterDepartmentSPOC,ValidityEnd,datetime
Vendor Management,,MasterDepartmentSPOC,CreatedOn,datetimeoffset
Vendor Management,,MasterDepartmentSPOC,CreatedBy,nvarchar
Vendor Management,,MasterDepartmentSPOC,ModifiedOn,datetimeoffset
Vendor Management,,MasterDepartmentSPOC,ModifiedBy,nvarchar
Vendor Management,,MasterDepartmentSPOC,IsDeleted,bit
Vendor Management,,MasterDepartmentSPOC,Version,timestamp
Vendor Management,,MasterDepartmentSPOC,IsActive,bit
Vendor Management,,MasterDepartmentSPOC,SecretaryEno,nvarchar
Vendor Management,,MasterDepartmentSPOC,CompanyId,uniqueidentifier
Vendor Management,,MasterEmployeeCardSPOC,Id,uniqueidentifier
Vendor Management,,MasterEmployeeCardSPOC,CompanyId,uniqueidentifier
Vendor Management,,MasterEmployeeCardSPOC,PlantId,uniqueidentifier
Vendor Management,,MasterEmployeeCardSPOC,SpocName,nvarchar
Vendor Management,,MasterEmployeeCardSPOC,ValidityStart,datetime
Vendor Management,,MasterEmployeeCardSPOC,ValidityEnd,datetime
Vendor Management,,MasterEmployeeCardSPOC,CreatedOn,datetimeoffset
Vendor Management,,MasterEmployeeCardSPOC,CreatedBy,nvarchar
Vendor Management,,MasterEmployeeCardSPOC,ModifiedOn,datetimeoffset
Vendor Management,,MasterEmployeeCardSPOC,ModifiedBy,nvarchar
Vendor Management,,MasterEmployeeCardSPOC,IsDeleted,bit
Vendor Management,,MasterEmployees,Id,uniqueidentifier
Vendor Management,,MasterEmployees,EmployeeNumber,bigint
Vendor Management,,MasterEmployees,GlobalId,nvarchar
Vendor Management,,MasterEmployees,Firstname,nvarchar
Vendor Management,,MasterEmployees,Lastname,nvarchar
Vendor Management,,MasterEmployees,Fullname,nvarchar
Vendor Management,,MasterEmployees,EmploymentStatus,nvarchar
Vendor Management,,MasterEmployees,EmployeeGroup,varchar
Vendor Management,,MasterEmployees,EmployeeSubGroup,nvarchar
Vendor Management,,MasterEmployees,BusinessArea,nvarchar
Vendor Management,,MasterEmployees,PersonnelArea,nvarchar
Vendor Management,,MasterEmployees,PersonnelSubArea,nvarchar
Vendor Management,,MasterEmployees,BUId,bigint
Vendor Management,,MasterEmployees,SectionId,bigint
Vendor Management,,MasterEmployees,DepartmentId,bigint
Vendor Management,,MasterEmployees,GroupId,bigint
Vendor Management,,MasterEmployees,OrganizationalUnit,nvarchar
Vendor Management,,MasterEmployees,CostCenterId,uniqueidentifier
Vendor Management,,MasterEmployees,GenderKey,char
Vendor Management,,MasterEmployees,DateOfJoining,datetime2
Vendor Management,,MasterEmployees,ContEnd,datetime2
Vendor Management,,MasterEmployees,Salarylevel,nvarchar
Vendor Management,,MasterEmployees,Position,varchar
Vendor Management,,MasterEmployees,DateofLeaving,datetime2
Vendor Management,,MasterEmployees,Ntid,varchar
Vendor Management,,MasterEmployees,OrganizationName,nvarchar
Vendor Management,,MasterEmployees,EmailOfficial,nvarchar
Vendor Management,,MasterEmployees,ActionType,nvarchar
Vendor Management,,MasterEmployees,ReasonforAction,nvarchar
Vendor Management,,MasterEmployees,Changedby,nvarchar
Vendor Management,,MasterEmployees,StartDate,datetime2
Vendor Management,,MasterEmployees,HRLocal,nvarchar
Vendor Management,,MasterEmployees,HRBPGlobalEmployeeID,nvarchar
Vendor Management,,MasterEmployees,PersAdmin,nvarchar
Vendor Management,,MasterEmployees,CountryofBirth,nvarchar
Vendor Management,,MasterEmployees,Nationality,nvarchar
Vendor Management,,MasterEmployees,AddressType,nvarchar
Vendor Management,,MasterEmployees,StreetandHouseNo,nvarchar
Vendor Management,,MasterEmployees,PostalCode,nvarchar
Vendor Management,,MasterEmployees,District,nvarchar
Vendor Management,,MasterEmployees,WardTown,nvarchar
Vendor Management,,MasterEmployees,Region,nvarchar
Vendor Management,,MasterEmployees,CountryKey,nvarchar
Vendor Management,,MasterEmployees,TelephoneNumber,nvarchar
Vendor Management,,MasterEmployees,Email,nvarchar
Vendor Management,,MasterEmployees,NameOfManager,nvarchar
Vendor Management,,MasterEmployees,CreatedOn,datetimeoffset
Vendor Management,,MasterEmployees,CreatedBy,nvarchar
Vendor Management,,MasterEmployees,ModifiedOn,datetimeoffset
Vendor Management,,MasterEmployees,ModifiedBy,nvarchar
Vendor Management,,MasterEmployees,IsDeleted,bit
Vendor Management,,MasterEmployees,Version,timestamp
Vendor Management,,MasterEmployees,CompanyId,uniqueidentifier
Vendor Management,,MasterEmployees,Imported,bit
Vendor Management,,MasterEmployees,IsActive,bit
Vendor Management,,MasterEmployees,CostCenterCode,nvarchar
Vendor Management,,MasterEmployees,BUName,nvarchar
Vendor Management,,MasterEmployees,SectionName,nvarchar
Vendor Management,,MasterEmployees,DepartmentName,nvarchar
Vendor Management,,MasterEmployees,GroupName,nvarchar
Vendor Management,,MasterEmployees,CompanyCode,nvarchar
Vendor Management,,MasterFCMSecurity,Id,uniqueidentifier
Vendor Management,,MasterFCMSecurity,CompanyId,uniqueidentifier
Vendor Management,,MasterFCMSecurity,PlantId,uniqueidentifier
Vendor Management,,MasterFCMSecurity,SpocName,nvarchar
Vendor Management,,MasterFCMSecurity,ValidityStart,datetime
Vendor Management,,MasterFCMSecurity,ValidityEnd,datetime
Vendor Management,,MasterFCMSecurity,CreatedOn,datetimeoffset
Vendor Management,,MasterFCMSecurity,CreatedBy,nvarchar
Vendor Management,,MasterFCMSecurity,ModifiedOn,datetimeoffset
Vendor Management,,MasterFCMSecurity,ModifiedBy,nvarchar
Vendor Management,,MasterFCMSecurity,IsDeleted,bit
Vendor Management,,MasterFundDetails,Id,uniqueidentifier
Vendor Management,,MasterFundDetails,FundDetails,nvarchar
Vendor Management,,MasterGBBusinessArea,Id,uniqueidentifier
Vendor Management,,MasterGBBusinessArea,GbCode,nvarchar
Vendor Management,,MasterGBBusinessArea,GBDescription,nvarchar
Vendor Management,,MasterGBBusinessArea,BusinessSector,nvarchar
Vendor Management,,MasterGBBusinessArea,CreatedOn,datetimeoffset
Vendor Management,,MasterGBBusinessArea,CreatedBy,nvarchar
Vendor Management,,MasterGBBusinessArea,ModifiedOn,datetimeoffset
Vendor Management,,MasterGBBusinessArea,ModifiedBy,nvarchar
Vendor Management,,MasterGBBusinessArea,IsDeleted,bit
Vendor Management,,MasterGBBusinessArea,Version,timestamp
Vendor Management,,MasterGBBusinessArea,Status,bit
Vendor Management,,MasterGBBusinessArea,CompanyId,uniqueidentifier
Vendor Management,,MasterGcnSPOC,Id,uniqueidentifier
Vendor Management,,MasterGcnSPOC,CompanyId,uniqueidentifier
Vendor Management,,MasterGcnSPOC,PlantId,uniqueidentifier
Vendor Management,,MasterGcnSPOC,SpocName,nvarchar
Vendor Management,,MasterGcnSPOC,ValidityStart,datetime
Vendor Management,,MasterGcnSPOC,ValidityEnd,datetime
Vendor Management,,MasterGcnSPOC,CreatedOn,datetimeoffset
Vendor Management,,MasterGcnSPOC,CreatedBy,nvarchar
Vendor Management,,MasterGcnSPOC,ModifiedOn,datetimeoffset
Vendor Management,,MasterGcnSPOC,ModifiedBy,nvarchar
Vendor Management,,MasterGcnSPOC,IsDeleted,bit
Vendor Management,,MasterGrade,Id,uniqueidentifier
Vendor Management,,MasterGrade,Name,nvarchar
Vendor Management,,MasterGrade,CreatedOn,datetimeoffset
Vendor Management,,MasterGrade,CreatedBy,nvarchar
Vendor Management,,MasterGrade,ModifiedOn,datetimeoffset
Vendor Management,,MasterGrade,ModifiedBy,nvarchar
Vendor Management,,MasterGrade,IsDeleted,bit
Vendor Management,,MasterGrade,Version,timestamp
Vendor Management,,MasterHistory,Id,uniqueidentifier
Vendor Management,,MasterHistory,MenuId,int
Vendor Management,,MasterHistory,FileName,nvarchar
Vendor Management,,MasterHistory,Url,nvarchar
Vendor Management,,MasterHistory,CreatedOn,datetimeoffset
Vendor Management,,MasterHistory,CreatedBy,nvarchar
Vendor Management,,MasterHistory,ModifiedOn,datetimeoffset
Vendor Management,,MasterHistory,ModifiedBy,nvarchar
Vendor Management,,MasterHistory,IsDeleted,bit
Vendor Management,,MasterHistory,Version,timestamp
Vendor Management,,MasterHistory,ActionType,nvarchar
Vendor Management,,MasterHistory,TimeStamp,datetime2
Vendor Management,,MasterHistory,TableName,nvarchar
Vendor Management,,MasterHistory,Remarks,nvarchar
Vendor Management,,MasterHolidayCalendar,Id,uniqueidentifier
Vendor Management,,MasterHolidayCalendar,CompanyId,uniqueidentifier
Vendor Management,,MasterHolidayCalendar,PlantId,uniqueidentifier
Vendor Management,,MasterHolidayCalendar,HolidayDate,datetime
Vendor Management,,MasterHolidayCalendar,HolidayName,varchar
Vendor Management,,MasterHolidayCalendar,IsActive,bit
Vendor Management,,MasterHolidayCalendar,CreatedOn,datetimeoffset
Vendor Management,,MasterHolidayCalendar,CreatedBy,nvarchar
Vendor Management,,MasterHolidayCalendar,ModifiedOn,datetimeoffset
Vendor Management,,MasterHolidayCalendar,ModifiedBy,nvarchar
Vendor Management,,MasterHolidayCalendar,IsDeleted,bit
Vendor Management,,MasterHolidayCalendar,Version,timestamp
Vendor Management,,MasterHRcompleteECLSPOC,Id,uniqueidentifier
Vendor Management,,MasterHRcompleteECLSPOC,CompanyCode,nvarchar
Vendor Management,,MasterHRcompleteECLSPOC,Plant,nvarchar
Vendor Management,,MasterHRcompleteECLSPOC,SPOC,nvarchar
Vendor Management,,MasterHRcompleteECLSPOC,ValidityStartDate,datetime
Vendor Management,,MasterHRcompleteECLSPOC,ValidityEndDate,datetime
Vendor Management,,MasterHRcompleteECLSPOC,HolidayName,nvarchar
Vendor Management,,MasterHRcompleteECLSPOC,CreatedOn,datetimeoffset
Vendor Management,,MasterHRcompleteECLSPOC,CreatedBy,nvarchar
Vendor Management,,MasterHRcompleteECLSPOC,ModifiedOn,datetimeoffset
Vendor Management,,MasterHRcompleteECLSPOC,ModifiedBy,nvarchar
Vendor Management,,MasterHRcompleteECLSPOC,IsDeleted,bit
Vendor Management,,MasterHrSPOC,Id,uniqueidentifier
Vendor Management,,MasterHrSPOC,CompanyId,uniqueidentifier
Vendor Management,,MasterHrSPOC,PlantId,uniqueidentifier
Vendor Management,,MasterHrSPOC,SpocName,nvarchar
Vendor Management,,MasterHrSPOC,ValidityStart,datetime
Vendor Management,,MasterHrSPOC,ValidityEnd,datetime
Vendor Management,,MasterHrSPOC,CreatedOn,datetimeoffset
Vendor Management,,MasterHrSPOC,CreatedBy,nvarchar
Vendor Management,,MasterHrSPOC,ModifiedOn,datetimeoffset
Vendor Management,,MasterHrSPOC,ModifiedBy,nvarchar
Vendor Management,,MasterHrSPOC,IsDeleted,bit
Vendor Management,,MasterInvoice,Id,uniqueidentifier
Vendor Management,,MasterInvoice,InvoiceNumber,nvarchar
Vendor Management,,MasterInvoice,InvoiceLineItem,int
Vendor Management,,MasterInvoice,InvoiceQty,decimal
Vendor Management,,MasterInvoice,PostingDate,datetime
Vendor Management,,MasterInvoice,VendorSAPId,int
Vendor Management,,MasterInvoice,VendorInvoiceNumber,nvarchar
Vendor Management,,MasterInvoice,VendorInvoiceDate,datetime
Vendor Management,,MasterInvoice,PurchaseOrder,nvarchar
Vendor Management,,MasterInvoice,PurchaseOrderLineItem,int
Vendor Management,,MasterInvoice,InvoiceValueByFC,decimal
Vendor Management,,MasterInvoice,InvoiceValueByLC,decimal
Vendor Management,,MasterInvoice,Currency,nvarchar
Vendor Management,,MasterInvoice,Source,nvarchar
Vendor Management,,MasterInvoice,CreatedOn,datetimeoffset
Vendor Management,,MasterInvoice,CreatedBy,nvarchar
Vendor Management,,MasterInvoice,ModifiedOn,datetimeoffset
Vendor Management,,MasterInvoice,ModifiedBy,nvarchar
Vendor Management,,MasterInvoice,IsDeleted,bit
Vendor Management,,MasterInvoice,Version,timestamp
Vendor Management,,MasterInvoice,VendorName,nvarchar
Vendor Management,,MasterInvoice,Imported,bit
Vendor Management,,MasterInvoice,DebitCreditIndicator,nvarchar
Vendor Management,,MasterInvoice,Year,nvarchar
Vendor Management,,MasterLocationMode,Id,int
Vendor Management,,MasterLocationMode,Name,nvarchar
Vendor Management,,MasterNTIDSPOC,Id,uniqueidentifier
Vendor Management,,MasterNTIDSPOC,CompanyId,uniqueidentifier
Vendor Management,,MasterNTIDSPOC,PlantId,uniqueidentifier
Vendor Management,,MasterNTIDSPOC,SpocName,nvarchar
Vendor Management,,MasterNTIDSPOC,ValidityStart,datetime
Vendor Management,,MasterNTIDSPOC,ValidityEnd,datetime
Vendor Management,,MasterNTIDSPOC,CreatedOn,datetimeoffset
Vendor Management,,MasterNTIDSPOC,CreatedBy,nvarchar
Vendor Management,,MasterNTIDSPOC,ModifiedOn,datetimeoffset
Vendor Management,,MasterNTIDSPOC,ModifiedBy,nvarchar
Vendor Management,,MasterNTIDSPOC,IsDeleted,bit
Vendor Management,,MasterODC,Id,uniqueidentifier
Vendor Management,,MasterODC,ODCId,nvarchar
Vendor Management,,MasterODC,ODCName,nvarchar
Vendor Management,,MasterODC,CompanyId,uniqueidentifier
Vendor Management,,MasterODC,PlantId,uniqueidentifier
Vendor Management,,MasterODC,VendorId,uniqueidentifier
Vendor Management,,MasterODC,IsActive,bit
Vendor Management,,MasterODC,SequenceNumber,bigint
Vendor Management,,MasterODC,IsDeleted,bit
Vendor Management,,MasterODC,CreatedBy,varchar
Vendor Management,,MasterODC,CreatedOn,datetime
Vendor Management,,MasterODC,ModifiedBy,varchar
Vendor Management,,MasterODC,ModifiedOn,datetime
Vendor Management,,MasterODCHeadCount,Id,uniqueidentifier
Vendor Management,,MasterODCHeadCount,FKOCDId,uniqueidentifier
Vendor Management,,MasterODCHeadCount,ODCCostPerHeadCount,decimal
Vendor Management,,MasterODCHeadCount,ValidityStart,datetime
Vendor Management,,MasterODCHeadCount,ValidityEnd,datetime
Vendor Management,,MasterODCHeadCount,IsDeleted,bit
Vendor Management,,MasterODCHeadCount,CreatedBy,varchar
Vendor Management,,MasterODCHeadCount,CreatedOn,datetime
Vendor Management,,MasterODCHeadCount,ModifiedBy,varchar
Vendor Management,,MasterODCHeadCount,ModifiedOn,datetime
Vendor Management,,MasterPlant,Id,uniqueidentifier
Vendor Management,,MasterPlant,PlantName,nvarchar
Vendor Management,,MasterPlant,CompanyId,uniqueidentifier
Vendor Management,,MasterPlant,PlantAddressStreet,nvarchar
Vendor Management,,MasterPlant,PlantAddressCity,nvarchar
Vendor Management,,MasterPlant,PlantStateName,nvarchar
Vendor Management,,MasterPlant,PlantCountryName,nvarchar
Vendor Management,,MasterPlant,PlantPostalCode,int
Vendor Management,,MasterPlant,PlantCurrency,uniqueidentifier
Vendor Management,,MasterPlant,CreatedOn,datetimeoffset
Vendor Management,,MasterPlant,CreatedBy,nvarchar
Vendor Management,,MasterPlant,ModifiedOn,datetimeoffset
Vendor Management,,MasterPlant,ModifiedBy,nvarchar
Vendor Management,,MasterPlant,IsDeleted,bit
Vendor Management,,MasterPlant,Version,timestamp
Vendor Management,,MasterPlant,Status,bit
Vendor Management,,MasterPlant,PlantCode,nvarchar
Vendor Management,,MasterPlant,BusinessArea,uniqueidentifier
Vendor Management,,MasterPlant,IsBusinessArea,bit
Vendor Management,,MasterPlant,BusinessAreaId,uniqueidentifier
Vendor Management,,MasterPlant,JoiningLocationId,uniqueidentifier
Vendor Management,,MasterPlant,PersonnelSubArea,nvarchar
Vendor Management,,MasterPMOConversion,Id,uniqueidentifier
Vendor Management,,MasterPMOConversion,CompanyId,uniqueidentifier
Vendor Management,,MasterPMOConversion,ValidityStart,datetime
Vendor Management,,MasterPMOConversion,ValidityEnd,datetime
Vendor Management,,MasterPMOConversion,ConversionHour,decimal
Vendor Management,,MasterPMOConversion,CreatedOn,datetimeoffset
Vendor Management,,MasterPMOConversion,CreatedBy,nvarchar
Vendor Management,,MasterPMOConversion,ModifiedOn,datetimeoffset
Vendor Management,,MasterPMOConversion,ModifiedBy,nvarchar
Vendor Management,,MasterPMOConversion,IsDeleted,bit
Vendor Management,,MasterPMOConversion,Version,timestamp
Vendor Management,,MasterPMOConversion,ConversionDays,int
Vendor Management,,MasterPMOSecretary,Id,uniqueidentifier
Vendor Management,,MasterPMOSecretary,DepartmentId,bigint
Vendor Management,,MasterPMOSecretary,SpocName,nvarchar
Vendor Management,,MasterPMOSecretary,ValidityStart,datetime
Vendor Management,,MasterPMOSecretary,ValidityEnd,datetime
Vendor Management,,MasterPMOSecretary,CreatedOn,datetimeoffset
Vendor Management,,MasterPMOSecretary,CreatedBy,nvarchar
Vendor Management,,MasterPMOSecretary,ModifiedOn,datetimeoffset
Vendor Management,,MasterPMOSecretary,ModifiedBy,nvarchar
Vendor Management,,MasterPMOSecretary,IsDeleted,bit
Vendor Management,,MasterPMOSecretary,Version,timestamp
Vendor Management,,MasterPMOSecretary,IsActive,bit
Vendor Management,,MasterPMOSecretary,CompanyId,uniqueidentifier
Vendor Management,,MasterSapIdmSPOC,Id,uniqueidentifier
Vendor Management,,MasterSapIdmSPOC,CompanyId,uniqueidentifier
Vendor Management,,MasterSapIdmSPOC,PlantId,uniqueidentifier
Vendor Management,,MasterSapIdmSPOC,SpocName,nvarchar
Vendor Management,,MasterSapIdmSPOC,ValidityStart,datetime
Vendor Management,,MasterSapIdmSPOC,ValidityEnd,datetime
Vendor Management,,MasterSapIdmSPOC,CreatedOn,datetimeoffset
Vendor Management,,MasterSapIdmSPOC,CreatedBy,nvarchar
Vendor Management,,MasterSapIdmSPOC,ModifiedOn,datetimeoffset
Vendor Management,,MasterSapIdmSPOC,ModifiedBy,nvarchar
Vendor Management,,MasterSapIdmSPOC,IsDeleted,bit
Vendor Management,,MasterSectionSPOC,Id,uniqueidentifier
Vendor Management,,MasterSectionSPOC,SectionId,bigint
Vendor Management,,MasterSectionSPOC,SpocName,nvarchar
Vendor Management,,MasterSectionSPOC,ValidityStart,datetime
Vendor Management,,MasterSectionSPOC,ValidityEnd,datetime
Vendor Management,,MasterSectionSPOC,CreatedOn,datetimeoffset
Vendor Management,,MasterSectionSPOC,CreatedBy,nvarchar
Vendor Management,,MasterSectionSPOC,ModifiedOn,datetimeoffset
Vendor Management,,MasterSectionSPOC,ModifiedBy,nvarchar
Vendor Management,,MasterSectionSPOC,IsDeleted,bit
Vendor Management,,MasterSectionSPOC,Version,timestamp
Vendor Management,,MasterSectionSPOC,IsActive,bit
Vendor Management,,MasterSectionSPOC,CompanyId,uniqueidentifier
Vendor Management,,MasterSkillsets,Id,uniqueidentifier
Vendor Management,,MasterSkillsets,ImportedCode,bigint
Vendor Management,,MasterSkillsets,EnricoCode,nvarchar
Vendor Management,,MasterSkillsets,Imported,bit
Vendor Management,,MasterSkillsets,SkillsetName,nvarchar
Vendor Management,,MasterSkillsets,ClassificationId,uniqueidentifier
Vendor Management,,MasterSkillsets,ClusterId,uniqueidentifier
Vendor Management,,MasterSkillsets,CreatedOn,datetimeoffset
Vendor Management,,MasterSkillsets,CreatedBy,nvarchar
Vendor Management,,MasterSkillsets,ModifiedOn,datetimeoffset
Vendor Management,,MasterSkillsets,ModifiedBy,nvarchar
Vendor Management,,MasterSkillsets,IsDeleted,bit
Vendor Management,,MasterSkillsets,Version,timestamp
Vendor Management,,MasterSkillsets,Status,bit
Vendor Management,,MasterSRNInvoiceSPOC,Id,uniqueidentifier
Vendor Management,,MasterSRNInvoiceSPOC,CompanyId,uniqueidentifier
Vendor Management,,MasterSRNInvoiceSPOC,SpocName,nvarchar
Vendor Management,,MasterSRNInvoiceSPOC,ProxySpocName,nvarchar
Vendor Management,,MasterSRNInvoiceSPOC,ValidityStart,datetime
Vendor Management,,MasterSRNInvoiceSPOC,ValidityEnd,datetime
Vendor Management,,MasterSRNInvoiceSPOC,CreatedOn,datetimeoffset
Vendor Management,,MasterSRNInvoiceSPOC,CreatedBy,nvarchar
Vendor Management,,MasterSRNInvoiceSPOC,ModifiedOn,datetimeoffset
Vendor Management,,MasterSRNInvoiceSPOC,ModifiedBy,nvarchar
Vendor Management,,MasterSRNInvoiceSPOC,IsDeleted,bit
Vendor Management,,MasterStandardCost,Id,uniqueidentifier
Vendor Management,,MasterStandardCost,CompanyId,uniqueidentifier
Vendor Management,,MasterStandardCost,ValidityStart,datetime
Vendor Management,,MasterStandardCost,ValidityEnd,datetime
Vendor Management,,MasterStandardCost,StandardCostValue,decimal
Vendor Management,,MasterStandardCost,CostDifference,bigint
Vendor Management,,MasterStandardCost,CreatedOn,datetimeoffset
Vendor Management,,MasterStandardCost,CreatedBy,nvarchar
Vendor Management,,MasterStandardCost,ModifiedOn,datetimeoffset
Vendor Management,,MasterStandardCost,ModifiedBy,nvarchar
Vendor Management,,MasterStandardCost,IsDeleted,bit
Vendor Management,,MasterStandardCost,Version,timestamp
Vendor Management,,MasterStandardCost,BuId,bigint
Vendor Management,,MasterTableMapping,Id,int
Vendor Management,,MasterTableMapping,Title,varchar
Vendor Management,,MasterTableMapping,TableName,varchar
Vendor Management,,MasterTableMapping,ColumnNames,nvarchar
Vendor Management,,MasterTableMapping,OrderSequence,int
Vendor Management,,MasterTableMapping,IsActive,bit
Vendor Management,,MasterTableMapping,PrimaryColumn,varchar
Vendor Management,,MasterTableMapping,UiJson,nvarchar
Vendor Management,,MasterTableMapping,ColumnSequence,nvarchar
Vendor Management,,MasterTargetSaving,Id,uniqueidentifier
Vendor Management,,MasterTargetSaving,CompanyId,uniqueidentifier
Vendor Management,,MasterTargetSaving,ValidityStart,datetime
Vendor Management,,MasterTargetSaving,ValidityEnd,datetime
Vendor Management,,MasterTargetSaving,TargetSavingValue,decimal
Vendor Management,,MasterTargetSaving,CreatedOn,datetimeoffset
Vendor Management,,MasterTargetSaving,CreatedBy,nvarchar
Vendor Management,,MasterTargetSaving,ModifiedOn,datetimeoffset
Vendor Management,,MasterTargetSaving,ModifiedBy,nvarchar
Vendor Management,,MasterTargetSaving,IsDeleted,bit
Vendor Management,,MasterTargetSaving,Version,timestamp
Vendor Management,,MasterTransportSPOC,Id,uniqueidentifier
Vendor Management,,MasterTransportSPOC,CompanyId,uniqueidentifier
Vendor Management,,MasterTransportSPOC,PlantId,uniqueidentifier
Vendor Management,,MasterTransportSPOC,SpocName,nvarchar
Vendor Management,,MasterTransportSPOC,ValidityStart,datetime
Vendor Management,,MasterTransportSPOC,ValidityEnd,datetime
Vendor Management,,MasterTransportSPOC,CreatedOn,datetimeoffset
Vendor Management,,MasterTransportSPOC,CreatedBy,nvarchar
Vendor Management,,MasterTransportSPOC,ModifiedOn,datetimeoffset
Vendor Management,,MasterTransportSPOC,ModifiedBy,nvarchar
Vendor Management,,MasterTransportSPOC,IsDeleted,bit
Vendor Management,,MasterUserAdminForDataView,Id,uniqueidentifier
Vendor Management,,MasterUserAdminForDataView,UserNTID,nvarchar
Vendor Management,,MasterUserAdminForDataView,CreatedOn,datetimeoffset
Vendor Management,,MasterUserAdminForDataView,CreatedBy,nvarchar
Vendor Management,,MasterUserAdminForDataView,ModifiedOn,datetimeoffset
Vendor Management,,MasterUserAdminForDataView,ModifiedBy,nvarchar
Vendor Management,,MasterUserAdminForDataView,IsDeleted,bit
Vendor Management,,MasterUserAdminForDataView,CompanyId,uniqueidentifier
Vendor Management,,MasterVendorContactDetails,Id,uniqueidentifier
Vendor Management,,MasterVendorContactDetails,ContactName,nvarchar
Vendor Management,,MasterVendorContactDetails,Email,nvarchar
Vendor Management,,MasterVendorContactDetails,Mobile,nvarchar
Vendor Management,,MasterVendorContactDetails,Designation,nvarchar
Vendor Management,,MasterVendorContactDetails,DomainResponsibility,nvarchar
Vendor Management,,MasterVendorContactDetails,PrimaryContact,bit
Vendor Management,,MasterVendorContactDetails,status,bit
Vendor Management,,MasterVendorContactDetails,Note,nvarchar
Vendor Management,,MasterVendorContactDetails,CreatedOn,datetimeoffset
Vendor Management,,MasterVendorContactDetails,CreatedBy,nvarchar
Vendor Management,,MasterVendorContactDetails,ModifiedOn,datetimeoffset
Vendor Management,,MasterVendorContactDetails,ModifiedBy,nvarchar
Vendor Management,,MasterVendorContactDetails,IsDeleted,bit
Vendor Management,,MasterVendorContactDetails,Version,timestamp
Vendor Management,,MasterVendorContactDetails,VendorId,uniqueidentifier
Vendor Management,,MasterVendorContactDetails,EscalateLevel ,uniqueidentifier
Vendor Management,,MasterVendorContactDetails,CountryCode,nvarchar
Vendor Management,,MasterVendorContactDetails,ContactType,int
Vendor Management,,MasterVendorRateCard,Id,uniqueidentifier
Vendor Management,,MasterVendorRateCard,VendorId,uniqueidentifier
Vendor Management,,MasterVendorRateCard,CompanyId,uniqueidentifier
Vendor Management,,MasterVendorRateCard,SkillsetId,uniqueidentifier
Vendor Management,,MasterVendorRateCard,ValidityStart,datetime
Vendor Management,,MasterVendorRateCard,ValidityEnd,datetime
Vendor Management,,MasterVendorRateCard,CreatedOn,datetimeoffset
Vendor Management,,MasterVendorRateCard,CreatedBy,nvarchar
Vendor Management,,MasterVendorRateCard,ModifiedOn,datetimeoffset
Vendor Management,,MasterVendorRateCard,ModifiedBy,nvarchar
Vendor Management,,MasterVendorRateCard,IsDeleted,bit
Vendor Management,,MasterVendorRateCard,Version,timestamp
Vendor Management,,MasterVendorRateCard,LocationId,int
Vendor Management,,MasterVendorRateCard,IsActive,bit
Vendor Management,,MasterVendorRateCard,Grade0,decimal
Vendor Management,,MasterVendorRateCard,Grade1,decimal
Vendor Management,,MasterVendorRateCard,Grade2,decimal
Vendor Management,,MasterVendorRateCard,Grade3,decimal
Vendor Management,,MasterVendorRateCard,Grade4,decimal
Vendor Management,,MasterVendorRateCard,CurrencyId,uniqueidentifier
Vendor Management,,MasterVendors,Id,uniqueidentifier
Vendor Management,,MasterVendors,CompanyId,uniqueidentifier
Vendor Management,,MasterVendors,VendorSAPID,int
Vendor Management,,MasterVendors,VendorName,nvarchar
Vendor Management,,MasterVendors,ParentVendorId,uniqueidentifier
Vendor Management,,MasterVendors,VendorAddressStreet,nvarchar
Vendor Management,,MasterVendors,VendorAddressCity,nvarchar
Vendor Management,,MasterVendors,VendorRegionName,nvarchar
Vendor Management,,MasterVendors,VendorCountryName,nvarchar
Vendor Management,,MasterVendors,VendorCurrencyId,uniqueidentifier
Vendor Management,,MasterVendors,VendorTypeID,uniqueidentifier
Vendor Management,,MasterVendors,BusinessSupportID,uniqueidentifier
Vendor Management,,MasterVendors,ClassificationID,uniqueidentifier
Vendor Management,,MasterVendors,StatusID,uniqueidentifier
Vendor Management,,MasterVendors,CreatedOn,datetimeoffset
Vendor Management,,MasterVendors,CreatedBy,nvarchar
Vendor Management,,MasterVendors,ModifiedOn,datetimeoffset
Vendor Management,,MasterVendors,ModifiedBy,nvarchar
Vendor Management,,MasterVendors,IsDeleted,bit
Vendor Management,,MasterVendors,Version,timestamp
Vendor Management,,MasterVendors,IsActive,bit
Vendor Management,,MasterVendors,DomainId,nvarchar
Vendor Management,,MasterVendors,SubcontractAllowed,nvarchar
Vendor Management,,MasterVendorSkillset,Id,uniqueidentifier
Vendor Management,,MasterVendorSkillset,VendorId,uniqueidentifier
Vendor Management,,MasterVendorSkillset,CompanyId,uniqueidentifier
Vendor Management,,MasterVendorSkillset,SkillsetId,uniqueidentifier
Vendor Management,,MasterVendorSkillset,ValidityStart,datetime
Vendor Management,,MasterVendorSkillset,ValidityEnd,datetime
Vendor Management,,MasterVendorSkillset,CreatedOn,datetimeoffset
Vendor Management,,MasterVendorSkillset,CreatedBy,nvarchar
Vendor Management,,MasterVendorSkillset,ModifiedOn,datetimeoffset
Vendor Management,,MasterVendorSkillset,ModifiedBy,nvarchar
Vendor Management,,MasterVendorSkillset,IsDeleted,bit
Vendor Management,,MasterVendorSkillset,Version,timestamp
Vendor Management,,MasterVendorSkillset,LocationId,int
Vendor Management,,MasterVendorSkillset,IsActive,bit
Vendor Management,,MasterVendorSkillset,Grade0,nvarchar
Vendor Management,,MasterVendorSkillset,Grade1,nvarchar
Vendor Management,,MasterVendorSkillset,Grade2,nvarchar
Vendor Management,,MasterVendorSkillset,Grade3,nvarchar
Vendor Management,,MasterVendorSkillset,Grade4,nvarchar
Vendor Management,,MasterVendorSkillset,CurrencyId,uniqueidentifier
Vendor Management,,MaterialGroupDetails,Id,uniqueidentifier
Vendor Management,,MaterialGroupDetails,MaterialGroup,nvarchar
Vendor Management,,MaterialGroupDetails,CreatedOn,datetimeoffset
Vendor Management,,MaterialGroupDetails,CreatedBy,nvarchar
Vendor Management,,MaterialGroupDetails,ModifiedOn,datetimeoffset
Vendor Management,,MaterialGroupDetails,ModifiedBy,nvarchar
Vendor Management,,MaterialGroupDetails,IsDeleted,bit
Vendor Management,,MaterialGroupDetails,Version,timestamp
Vendor Management,,MaterialGroupDetails,displayorder,int
Vendor Management,,Menu,MenuId,int
Vendor Management,,Menu,Name,varchar
Vendor Management,,Menu,MainMenuId,int
Vendor Management,,Menu,Icon,varbinary
Vendor Management,,Menu,IsActive,bit
Vendor Management,,Menu,CreatedBy,int
Vendor Management,,Menu,CreatedDate,datetime
Vendor Management,,Menu,UpdatedBy,int
Vendor Management,,Menu,UpdatedDate,datetime
Vendor Management,,Menu,OrderSequence,int
Vendor Management,,Menu,RouterLink,nvarchar
Vendor Management,,OnboardingAcknowledgeBGV,Id,uniqueidentifier
Vendor Management,,OnboardingAcknowledgeBGV,ResourceOBRequestID,uniqueidentifier
Vendor Management,,OnboardingAcknowledgeBGV,Remark,nvarchar
Vendor Management,,OnboardingAcknowledgeBGV,CreatedBy,nvarchar
Vendor Management,,OnboardingAcknowledgeBGV,CreatedOn,datetimeoffset
Vendor Management,,OnboardingAcknowledgeBGV,IsDeleted,bit
Vendor Management,,OnboardingBGSVaddditionalDetail,Id,uniqueidentifier
Vendor Management,,OnboardingBGSVaddditionalDetail,ResourceOBRequestID,uniqueidentifier
Vendor Management,,OnboardingBGSVaddditionalDetail,OnboardingDeviceClassMasterId,int
Vendor Management,,OnboardingBGSVaddditionalDetail,IsResourceAccessCardRequired,bit
Vendor Management,,OnboardingBGSVaddditionalDetail,IsNtidRequired,bit
Vendor Management,,OnboardingBGSVaddditionalDetail,IsInternetAccessRequired,bit
Vendor Management,,OnboardingBGSVaddditionalDetail,IsMailAccessRequired ,bit
Vendor Management,,OnboardingBGSVaddditionalDetail,BuildingAndFloorAccessLevel,nvarchar
Vendor Management,,OnboardingBGSVaddditionalDetail,DeviceClass,nvarchar
Vendor Management,,OnboardingBGSVaddditionalDetail,CreatedBy,nvarchar
Vendor Management,,OnboardingBGSVaddditionalDetail,CreatedOn,datetimeoffset
Vendor Management,,OnboardingBGSVaddditionalDetail,ModifiedBy,nvarchar
Vendor Management,,OnboardingBGSVaddditionalDetail,ModifiedOn,datetimeoffset
Vendor Management,,OnboardingBGSVaddditionalDetail,IsDeleted,bit
Vendor Management,,OnboardingDeviceClassMaster,Id,int
Vendor Management,,OnboardingDeviceClassMaster,DeviceName,nvarchar
Vendor Management,,OnboardingDeviceClassMaster,CreatedOn,datetimeoffset
Vendor Management,,OnboardingDeviceClassMaster,CreatedBy,nvarchar
Vendor Management,,OnboardingDeviceClassMaster,IsDeleted,bit
Vendor Management,,OnboardingInitiateBGV,Id,uniqueidentifier
Vendor Management,,OnboardingInitiateBGV,ResourceOBRequestID,uniqueidentifier
Vendor Management,,OnboardingInitiateBGV,Remark,nvarchar
Vendor Management,,OnboardingInitiateBGV,CreatedBy,nvarchar
Vendor Management,,OnboardingInitiateBGV,CreatedOn,datetimeoffset
Vendor Management,,OnboardingInitiateBGV,IsDeleted,bit
Vendor Management,,OnboardingInitiateBGV,BgvVendorId,uniqueidentifier
Vendor Management,,OnboardingInitiateBGV,BgvVendorName,nvarchar
Vendor Management,,OnboardingNtidDeactivation,Id,uniqueidentifier
Vendor Management,,OnboardingNtidDeactivation,ResourceOBRequestID,uniqueidentifier
Vendor Management,,OnboardingNtidDeactivation,NtidDeactivatedDate,datetimeoffset
Vendor Management,,OnboardingNtidDeactivation,NtidDeletedDate,datetimeoffset
Vendor Management,,OnboardingNtidDeactivation,Remark,nvarchar
Vendor Management,,OnboardingNtidDeactivation,CreatedBy,nvarchar
Vendor Management,,OnboardingNtidDeactivation,CreatedOn,datetimeoffset
Vendor Management,,OnboardingNtidDeactivation,IsDeleted,bit
Vendor Management,,OnboardingResDocuments,Id,uniqueidentifier
Vendor Management,,OnboardingResDocuments,ResourceId,uniqueidentifier
Vendor Management,,OnboardingResDocuments,ResourceType,nvarchar
Vendor Management,,OnboardingResDocuments,DocumentName,nvarchar
Vendor Management,,OnboardingResDocuments,DocumentURL,nvarchar
Vendor Management,,OnboardingResDocuments,CreatedOn,datetimeoffset
Vendor Management,,OnboardingResDocuments,CreatedBy,nvarchar
Vendor Management,,OnboardingResDocuments,ModifiedOn,datetimeoffset
Vendor Management,,OnboardingResDocuments,ModifiedBy,nvarchar
Vendor Management,,OnboardingResDocuments,IsDeleted,bit
Vendor Management,,OnboardingResDocuments,Version,timestamp
Vendor Management,,OnboardingResDocuments,IsActive,bit
Vendor Management,,OnboardingResDocumentsDeatils,Id,uniqueidentifier
Vendor Management,,OnboardingResDocumentsDeatils,ResourceOBRequestID,uniqueidentifier
Vendor Management,,OnboardingResDocumentsDeatils,PhotoDocUrl,nvarchar
Vendor Management,,OnboardingResDocumentsDeatils,PurchaseOrderDocUrl,nvarchar
Vendor Management,,OnboardingResDocumentsDeatils,LOUDocUrl,nvarchar
Vendor Management,,OnboardingResDocumentsDeatils,BGVReportDocUrl,nvarchar
Vendor Management,,OnboardingResDocumentsDeatils,ISPTrainingAckDocUrl,nvarchar
Vendor Management,,OnboardingResDocumentsDeatils,ParentOrgidcardDocUrl,nvarchar
Vendor Management,,OnboardingResDocumentsDeatils,PreviouEmployeeExpDocUrl,nvarchar
Vendor Management,,OnboardingResDocumentsDeatils,ISPCertificateDocUrl,nvarchar
Vendor Management,,OnboardingResDocumentsDeatils,DeclarationOfObligDocUrl,nvarchar
Vendor Management,,OnboardingResDocumentsDeatils,LOADocUrl,nvarchar
Vendor Management,,OnboardingResEducationandWorkDetails,Id,uniqueidentifier
Vendor Management,,OnboardingResEducationandWorkDetails,ResourceOBRequestID,uniqueidentifier
Vendor Management,,OnboardingResEducationandWorkDetails,SscBoard,nvarchar
Vendor Management,,OnboardingResEducationandWorkDetails,SscInstitution,nvarchar
Vendor Management,,OnboardingResEducationandWorkDetails,SscYearofPass,nvarchar
Vendor Management,,OnboardingResEducationandWorkDetails,SscPercentage,nvarchar
Vendor Management,,OnboardingResEducationandWorkDetails,SscMode,nvarchar
Vendor Management,,OnboardingResEducationandWorkDetails,SscDocurl,nvarchar
Vendor Management,,OnboardingResEducationandWorkDetails,HighestQualification,nvarchar
Vendor Management,,OnboardingResEducationandWorkDetails,HighestSpecialization,nvarchar
Vendor Management,,OnboardingResEducationandWorkDetails,HighestInstitution,nvarchar
Vendor Management,,OnboardingResEducationandWorkDetails,HighestYearofPass,nvarchar
Vendor Management,,OnboardingResEducationandWorkDetails,HighestPercentage,nvarchar
Vendor Management,,OnboardingResEducationandWorkDetails,HighestMode,nvarchar
Vendor Management,,OnboardingResEducationandWorkDetails,HighestDocurl,nvarchar
Vendor Management,,OnboardingResEducationandWorkDetails,TotalExperienceYear,nvarchar
Vendor Management,,OnboardingResEducationandWorkDetails,TotalExperienceMonth,nvarchar
Vendor Management,,OnboardingResEducationandWorkDetails,RelevantExperienceYear,nvarchar
Vendor Management,,OnboardingResEducationandWorkDetails,RelevantExperienceMonth,nvarchar
Vendor Management,,OnboardingResEducationandWorkDetails,IsPreviouslyWorkedinBGSW,bit
Vendor Management,,OnboardingResEducationandWorkDetails,BoschEmployeeNumber,nvarchar
Vendor Management,,OnboardingResEducationandWorkDetails,LWDatBGSW,date
Vendor Management,,OnboardingResourceCheckIn,Id,uniqueidentifier
Vendor Management,,OnboardingResourceCheckIn,ResourceOBRequestID,uniqueidentifier
Vendor Management,,OnboardingResourceCheckIn,Remark,nvarchar
Vendor Management,,OnboardingResourceCheckIn,CreatedBy,nvarchar
Vendor Management,,OnboardingResourceCheckIn,CreatedOn,datetimeoffset
Vendor Management,,OnboardingResourceCheckIn,IsDeleted,bit
Vendor Management,,OnboardingResourceDetails,Id,uniqueidentifier
Vendor Management,,OnboardingResourceDetails,Title,nvarchar
Vendor Management,,OnboardingResourceDetails,FirstName,nvarchar
Vendor Management,,OnboardingResourceDetails,MiddleName,nvarchar
Vendor Management,,OnboardingResourceDetails,LastName,nvarchar
Vendor Management,,OnboardingResourceDetails,DateofBirth,date
Vendor Management,,OnboardingResourceDetails,Gender,nvarchar
Vendor Management,,OnboardingResourceDetails,Nationality,nvarchar
Vendor Management,,OnboardingResourceDetails,OfficialEmailId,nvarchar
Vendor Management,,OnboardingResourceDetails,PersonalEmailId,nvarchar
Vendor Management,,OnboardingResourceDetails,PrimaryContactCode,char
Vendor Management,,OnboardingResourceDetails,PrimaryContactNumber,varchar
Vendor Management,,OnboardingResourceDetails,AlternateContactCode,char
Vendor Management,,OnboardingResourceDetails,AlternateContactNumber,varchar
Vendor Management,,OnboardingResourceDetails,EmergencyContactName,nvarchar
Vendor Management,,OnboardingResourceDetails,EmergencyContactCode,char
Vendor Management,,OnboardingResourceDetails,EmergencyNumber,varchar
Vendor Management,,OnboardingResourceDetails,IdentityType,varchar
Vendor Management,,OnboardingResourceDetails,IdNumber,varchar
Vendor Management,,OnboardingResourceDetails,POAIdType,varchar
Vendor Management,,OnboardingResourceDetails,POADocUrl,varchar
Vendor Management,,OnboardingResourceDetails,ResidentAddressHouseNoStreet,varchar
Vendor Management,,OnboardingResourceDetails,ResidentAddressLandMark,varchar
Vendor Management,,OnboardingResourceDetails,ResidentAddressCity,varchar
Vendor Management,,OnboardingResourceDetails,ResidentAddressState,varchar
Vendor Management,,OnboardingResourceDetails,ResidentAddressPostalCode,varchar
Vendor Management,,OnboardingResourceDetails,PermanentAddressHouseNoStreet,varchar
Vendor Management,,OnboardingResourceDetails,PermanentAddressLandMark,varchar
Vendor Management,,OnboardingResourceDetails,PermanentAddressCity,varchar
Vendor Management,,OnboardingResourceDetails,PermanentAddressState,varchar
Vendor Management,,OnboardingResourceDetails,PermanentAddressPostalCode,varchar
Vendor Management,,OnboardingResourceDetails,OnboardingRequestId,varchar
Vendor Management,,OnboardingResourceDetails,StatusID,int
Vendor Management,,OnboardingResourceDetails,IsISPtrainingCompleted,bit
Vendor Management,,OnboardingResourceDetails,IsBGVcompletedandPassed,bit
Vendor Management,,OnboardingResourceDetails,IsConfirmDeclaration,bit
Vendor Management,,OnboardingResourceDetails,ResourceOBRequestID,uniqueidentifier
Vendor Management,,OnboardingResourceExtendDoj,Id,uniqueidentifier
Vendor Management,,OnboardingResourceExtendDoj,ResourceOBRequestID,uniqueidentifier
Vendor Management,,OnboardingResourceExtendDoj,NewDoj,datetimeoffset
Vendor Management,,OnboardingResourceExtendDoj,Remark,nvarchar
Vendor Management,,OnboardingResourceExtendDoj,CreatedBy,nvarchar
Vendor Management,,OnboardingResourceExtendDoj,CreatedOn,datetimeoffset
Vendor Management,,OnboardingResourceExtendDoj,IsDeleted,bit
Vendor Management,,OnboardingResourceExtendDoj,IsDojExteded,bit
Vendor Management,,OnboardingResourceIssueIdCard,Id,uniqueidentifier
Vendor Management,,OnboardingResourceIssueIdCard,ResourceOBRequestID,uniqueidentifier
Vendor Management,,OnboardingResourceIssueIdCard,Remark,nvarchar
Vendor Management,,OnboardingResourceIssueIdCard,CreatedBy,nvarchar
Vendor Management,,OnboardingResourceIssueIdCard,CreatedOn,datetimeoffset
Vendor Management,,OnboardingResourceIssueIdCard,IsDeleted,bit
Vendor Management,,OnboardingResourceRemarks,Id,uniqueidentifier
Vendor Management,,OnboardingResourceRemarks,ResourceOBRequestID,uniqueidentifier
Vendor Management,,OnboardingResourceRemarks,Remark,nvarchar
Vendor Management,,OnboardingResourceRemarks,CreatedOn,datetimeoffset
Vendor Management,,OnboardingResourceRemarks,CreatedBy,nvarchar
Vendor Management,,OnboardingResourceRemarks,IsDeleted,bit
Vendor Management,,OnboardingResourceRemarks,StatusID,int
Vendor Management,,OnboardingResourceRequest,Id,uniqueidentifier
Vendor Management,,OnboardingResourceRequest,OnboardingRequestId,varchar
Vendor Management,,OnboardingResourceRequest,StatusID,int
Vendor Management,,OnboardingResourceRequest,IsISPtrainingCompleted,bit
Vendor Management,,OnboardingResourceRequest,IsBGVcompletedandPassed,bit
Vendor Management,,OnboardingResourceRequest,IsConfirmDeclaration,bit
Vendor Management,,OnboardingResourceRequest,FirstApproverNtId,nvarchar
Vendor Management,,OnboardingResourceRequest,SecondApproverNtId,nvarchar
Vendor Management,,OnboardingResourceRequest,IsFirstLevelApproved,bit
Vendor Management,,OnboardingResourceRequest,CreatedOn,datetimeoffset
Vendor Management,,OnboardingResourceRequest,CreatedBy,nvarchar
Vendor Management,,OnboardingResourceRequest,ModifiedOn,datetimeoffset
Vendor Management,,OnboardingResourceRequest,ModifiedBy,nvarchar
Vendor Management,,OnboardingResourceRequest,IsDeleted,bit
Vendor Management,,OnboardingResourceRequest,BgvStatusID,int
Vendor Management,,OnboardingResourceRequest,GbCode,nvarchar
Vendor Management,,OnboardingResourceShareNTId,Id,uniqueidentifier
Vendor Management,,OnboardingResourceShareNTId,ResourceOBRequestID,uniqueidentifier
Vendor Management,,OnboardingResourceShareNTId,NtId,nvarchar
Vendor Management,,OnboardingResourceShareNTId,NtIdPassword,nvarchar
Vendor Management,,OnboardingResourceShareNTId,Remark,nvarchar
Vendor Management,,OnboardingResourceShareNTId,CreatedBy,nvarchar
Vendor Management,,OnboardingResourceShareNTId,CreatedOn,datetimeoffset
Vendor Management,,OnboardingResourceShareNTId,IsDeleted,bit
Vendor Management,,OnboardingResourceUpdateNTId,Id,uniqueidentifier
Vendor Management,,OnboardingResourceUpdateNTId,ResourceOBRequestID,uniqueidentifier
Vendor Management,,OnboardingResourceUpdateNTId,NtId,nvarchar
Vendor Management,,OnboardingResourceUpdateNTId,NtidCreatedDt,date
Vendor Management,,OnboardingResourceUpdateNTId,Remark,nvarchar
Vendor Management,,OnboardingResourceUpdateNTId,CreatedBy,nvarchar
Vendor Management,,OnboardingResourceUpdateNTId,CreatedOn,datetimeoffset
Vendor Management,,OnboardingResourceUpdateNTId,IsDeleted,bit
Vendor Management,,OnboardingResourceUpdateNTId,BoschEmailId,nvarchar
Vendor Management,,OnboardingSendbackRemarks,Id,uniqueidentifier
Vendor Management,,OnboardingSendbackRemarks,ResourceOBRequestID,uniqueidentifier
Vendor Management,,OnboardingSendbackRemarks,Remark,nvarchar
Vendor Management,,OnboardingSendbackRemarks,Section,nvarchar
Vendor Management,,OnboardingSendbackRemarks,CreatedOn,datetimeoffset
Vendor Management,,OnboardingSendbackRemarks,CreatedBy,nvarchar
Vendor Management,,OnboardingSendbackRemarks,IsDeleted,bit
Vendor Management,,OnboardingSendbackRemarks,IsSecondLevelSendBack,bit
Vendor Management,,OnboardingSendbackRemarks,IsResubmitted,bit
Vendor Management,,OnboardingSOWJdDetails,Id,uniqueidentifier
Vendor Management,,OnboardingSOWJdDetails,SowjdID,uniqueidentifier
Vendor Management,,OnboardingSOWJdDetails,WorkLocation,nvarchar
Vendor Management,,OnboardingSOWJdDetails,PoLineitem,int
Vendor Management,,OnboardingSOWJdDetails,ExpectedDOJ,date
Vendor Management,,OnboardingSOWJdDetails,IsBillable,bit
Vendor Management,,OnboardingSOWJdDetails,BillingStartDate,date
Vendor Management,,OnboardingSOWJdDetails,ResourceOBRequestID,uniqueidentifier
Vendor Management,,OnboardingSOWJdDetails,OutSourcingType,nvarchar
Vendor Management,,OnboardingSOWJdDetails,GradeId,uniqueidentifier
Vendor Management,,OnboardingSOWJdDetails,SkillSetId,uniqueidentifier
Vendor Management,,OnboardingSOWJdDetails,PlantId,uniqueidentifier
Vendor Management,,OnboardingSOWJdDetails,TPResourcePlanId,uniqueidentifier
Vendor Management,,OnboardingSOWJdDetails,TechProposalId,uniqueidentifier
Vendor Management,,OnboardingSOWJdDetails,DeboardingRequestID,nvarchar
Vendor Management,,OnboardingSOWJdDetails,IsReplaceRequest,bit
Vendor Management,,OnboardingSOWJdDetails,PoNumber,nvarchar
Vendor Management,,OnboardingSOWJdDetails,ContractEndDate,datetime
Vendor Management,,OnboardingSOWJdDetails,GroupName,nvarchar
Vendor Management,,OnboardingSOWJdDetails,DepartmentName,nvarchar
Vendor Management,,OnboardingSOWJdDetails,SectionName,nvarchar
Vendor Management,,OnboardingSOWJdDetails,BuName,nvarchar
Vendor Management,,OnboardingSOWJdDetails,VendorEmail,nvarchar
Vendor Management,,OnboardingStatusBgv,Id,int
Vendor Management,,OnboardingStatusBgv,StatusDescription,nvarchar
Vendor Management,,OnboardingStatusBgv,CreatedOn,datetimeoffset
Vendor Management,,OnboardingStatusBgv,CreatedBy,nvarchar
Vendor Management,,OnboardingStatusBgv,IsDeleted,bit
Vendor Management,,OnboardingStatusMaster,Id,int
Vendor Management,,OnboardingStatusMaster,StatusDescription,nvarchar
Vendor Management,,OnboardingStatusMaster,CreatedOn,datetimeoffset
Vendor Management,,OnboardingStatusMaster,CreatedBy,nvarchar
Vendor Management,,OnboardingStatusMaster,ModifiedOn,datetimeoffset
Vendor Management,,OnboardingStatusMaster,ModifiedBy,nvarchar
Vendor Management,,OnboardingStatusMaster,IsDeleted,bit
Vendor Management,,OnboardingUpdateBgvReport,Id,uniqueidentifier
Vendor Management,,OnboardingUpdateBgvReport,ResourceOBRequestID,uniqueidentifier
Vendor Management,,OnboardingUpdateBgvReport,BgvReportStatus,nvarchar
Vendor Management,,OnboardingUpdateBgvReport,Remark,nvarchar
Vendor Management,,OnboardingUpdateBgvReport,ResourceType,nvarchar
Vendor Management,,OnboardingUpdateBgvReport,DocumentName,nvarchar
Vendor Management,,OnboardingUpdateBgvReport,DocumentURL,nvarchar
Vendor Management,,OnboardingUpdateBgvReport,CreatedOn,datetimeoffset
Vendor Management,,OnboardingUpdateBgvReport,CreatedBy,nvarchar
Vendor Management,,OnboardingUpdateBgvReport,IsDeleted,bit
Vendor Management,,OnboardingVendorDetails,Id,uniqueidentifier
Vendor Management,,OnboardingVendorDetails,VendorId,uniqueidentifier
Vendor Management,,OnboardingVendorDetails,ResourceType,nvarchar
Vendor Management,,OnboardingVendorDetails,RegNameSubContractor,nvarchar
Vendor Management,,OnboardingVendorDetails,DomainIdSubContractor,nvarchar
Vendor Management,,OnboardingVendorDetails,ResourceOBRequestID,uniqueidentifier
Vendor Management,,OnboardingVendorDetails,MSAScopeExtensionUrl,nvarchar
Vendor Management,,OnboardingVendorDetails,VendorSAPID,int
Vendor Management,Resource Management,OrgData,Id,uniqueidentifier
Vendor Management,Resource Management,OrgData,BuName,nvarchar
Vendor Management,Resource Management,OrgData,BuId,int
Vendor Management,Resource Management,OrgData,BuHeadEno,int
Vendor Management,Resource Management,OrgData,BuHeadName,nvarchar
Vendor Management,Resource Management,OrgData,BuHeadEmail,nvarchar
Vendor Management,Resource Management,OrgData,SectionName,nvarchar
Vendor Management,Resource Management,OrgData,SectionId,int
Vendor Management,Resource Management,OrgData,SectionHeadEno,int
Vendor Management,Resource Management,OrgData,SectionHeadName,nvarchar
Vendor Management,Resource Management,OrgData,SectionHeadEmail,nvarchar
Vendor Management,Resource Management,OrgData,DepartmentName,nvarchar
Vendor Management,Resource Management,OrgData,DepartmentId,bigint
Vendor Management,Resource Management,OrgData,DepartmentHeadEno,int
Vendor Management,Resource Management,OrgData,DepartmentHeadName,nvarchar
Vendor Management,Resource Management,OrgData,DepartmentHeadEmail,nvarchar
Vendor Management,Resource Management,OrgData,GroupName,nvarchar
Vendor Management,Resource Management,OrgData,GroupId,int
Vendor Management,Resource Management,OrgData,GroupMgrEno,int
Vendor Management,Resource Management,OrgData,GroupMgrName,nvarchar
Vendor Management,Resource Management,OrgData,GroupMgrEmail,nvarchar
Vendor Management,Resource Management,OrgData,IsActive,bit
Vendor Management,Resource Management,OrgData,IsDeleted,bit
Vendor Management,Resource Management,OrgData,CreatedOn,datetimeoffset
Vendor Management,Resource Management,OrgData,CreatedBy,nvarchar
Vendor Management,Resource Management,OrgData,ModifiedOn,datetimeoffset
Vendor Management,Resource Management,OrgData,ModifiedBy,nvarchar
Vendor Management,Resource Management,OrgData,CompanyId,uniqueidentifier
Vendor Management,Resource Management,OrgData,CompanyCode,nvarchar
Vendor Management,Resource Management,OrgData,Imported,bit
Vendor Management,,PlanningFiles,Id,uniqueidentifier
Vendor Management,,PlanningFiles,FileName,nvarchar
Vendor Management,,PlanningFiles,FileUri,nvarchar
Vendor Management,,PlanningFiles,Base64,nvarchar
Vendor Management,,PlanningFiles,AOPId,uniqueidentifier
Vendor Management,,PlanningFiles,AOPSlId,uniqueidentifier
Vendor Management,,PlanningFiles,AOPFlId,uniqueidentifier
Vendor Management,,PlanningFiles,CreatedOn,datetimeoffset
Vendor Management,,PlanningFiles,CreatedBy,nvarchar
Vendor Management,,PlanningFiles,ModifiedOn,datetimeoffset
Vendor Management,,PlanningFiles,ModifiedBy,nvarchar
Vendor Management,,PlanningFiles,IsDeleted,bit
Vendor Management,,PlanningFiles,Version,timestamp
Vendor Management,,PlanningOwnerRelationship,Id,uniqueidentifier
Vendor Management,,PlanningOwnerRelationship,FeatureCode,nvarchar
Vendor Management,,PlanningOwnerRelationship,ObjectId,uniqueidentifier
Vendor Management,,PlanningOwnerRelationship,OwnerEno,nvarchar
Vendor Management,,PlanningOwnerRelationship,IsActive,bit
Vendor Management,,PlanningOwnerRelationship,CreatedOn,datetimeoffset
Vendor Management,,PlanningOwnerRelationship,CreatedBy,nvarchar
Vendor Management,,PlanningOwnerRelationship,ModifiedOn,datetimeoffset
Vendor Management,,PlanningOwnerRelationship,ModifiedBy,nvarchar
Vendor Management,,PlanningOwnerRelationship,IsDeleted,bit
Vendor Management,,PlanningOwnerRelationship,Version,timestamp
Vendor Management,,PlanningOwnerRelationship,UniqueId,nvarchar
Vendor Management,,PlanningPurchaseOrders,Id,uniqueidentifier
Vendor Management,,PlanningPurchaseOrders,PlanningYearID,nvarchar
Vendor Management,,PlanningPurchaseOrders,PONumber,nvarchar
Vendor Management,,PlanningPurchaseOrders,CfCycleYear,int
Vendor Management,,PlanningPurchaseOrders,PlanningLevel,nvarchar
Vendor Management,,PlanningPurchaseOrders,PlanningOrgLevel,nvarchar
Vendor Management,,PlanningPurchaseOrders,POPlanningId,nvarchar
Vendor Management,,PlanningPurchaseOrders,LocationId,uniqueidentifier
Vendor Management,,PlanningPurchaseOrders,Location,nvarchar
Vendor Management,,PlanningPurchaseOrders,VendorId,uniqueidentifier
Vendor Management,,PlanningPurchaseOrders,Vendor,nvarchar
Vendor Management,,PlanningPurchaseOrders,OrganizationUnitId,int
Vendor Management,,PlanningPurchaseOrders,OrganizationUnitName,nvarchar
Vendor Management,,PlanningPurchaseOrders,CreatedOn,datetimeoffset
Vendor Management,,PlanningPurchaseOrders,CreatedBy,nvarchar
Vendor Management,,PlanningPurchaseOrders,ModifiedOn,datetimeoffset
Vendor Management,,PlanningPurchaseOrders,ModifiedBy,nvarchar
Vendor Management,,PlanningPurchaseOrders,IsDeleted,bit
Vendor Management,,PlanningPurchaseOrders,Version,timestamp
Vendor Management,,PlanningPurchaseOrders,CompanyId,uniqueidentifier
Vendor Management,,PlanningPurchaseOrders,CompanyName,nvarchar
Vendor Management,,PlanningResource,Id,uniqueidentifier
Vendor Management,,PlanningResource,AOPId,uniqueidentifier
Vendor Management,,PlanningResource,AOPSLId,uniqueidentifier
Vendor Management,,PlanningResource,AOPFLId,uniqueidentifier
Vendor Management,,PlanningResource,SkillsetId,uniqueidentifier
Vendor Management,,PlanningResource,Skillset,nvarchar
Vendor Management,,PlanningResource,GradeId,uniqueidentifier
Vendor Management,,PlanningResource,Grade,nvarchar
Vendor Management,,PlanningResource,LocationModeId,int
Vendor Management,,PlanningResource,LocationMode,nvarchar
Vendor Management,,PlanningResource,Vendor,nvarchar
Vendor Management,,PlanningResource,VendorId,uniqueidentifier
Vendor Management,,PlanningResource,GB,nvarchar
Vendor Management,,PlanningResource,GBId,uniqueidentifier
Vendor Management,,PlanningResource,VKMPrice,decimal
Vendor Management,,PlanningResource,SkillSetType,nvarchar
Vendor Management,,PlanningResource,RateCardPrice,decimal
Vendor Management,,PlanningResource,NonRateCardPrice,decimal
Vendor Management,,PlanningResource,Price,decimal
Vendor Management,,PlanningResource,EndingNumber,decimal
Vendor Management,,PlanningResource,TotalEquivalentCapacity,decimal
Vendor Management,,PlanningResource,TotalProjectedPO,decimal
Vendor Management,,PlanningResource,TotalProjectedRevenue,decimal
Vendor Management,,PlanningResource,IsImported,bit
Vendor Management,,PlanningResource,CreatedOn,datetimeoffset
Vendor Management,,PlanningResource,CreatedBy,nvarchar
Vendor Management,,PlanningResource,ModifiedOn,datetimeoffset
Vendor Management,,PlanningResource,ModifiedBy,nvarchar
Vendor Management,,PlanningResource,IsDeleted,bit
Vendor Management,,PlanningResource,Version,timestamp
Vendor Management,,PlanningResource,LocationId,uniqueidentifier
Vendor Management,,PlanningResource,Location,nvarchar
Vendor Management,,PlanningResourceDetails,Id,uniqueidentifier
Vendor Management,,PlanningResourceDetails,AOPId,uniqueidentifier
Vendor Management,,PlanningResourceDetails,AOPSLId,uniqueidentifier
Vendor Management,,PlanningResourceDetails,AOPFLId,uniqueidentifier
Vendor Management,,PlanningResourceDetails,ResourceId,uniqueidentifier
Vendor Management,,PlanningResourceDetails,group,nvarchar
Vendor Management,,PlanningResourceDetails,Jan,decimal
Vendor Management,,PlanningResourceDetails,Feb,decimal
Vendor Management,,PlanningResourceDetails,Mar,decimal
Vendor Management,,PlanningResourceDetails,Apr,decimal
Vendor Management,,PlanningResourceDetails,May,decimal
Vendor Management,,PlanningResourceDetails,Jun,decimal
Vendor Management,,PlanningResourceDetails,Jul,decimal
Vendor Management,,PlanningResourceDetails,Aug,decimal
Vendor Management,,PlanningResourceDetails,Sep,decimal
Vendor Management,,PlanningResourceDetails,Oct,decimal
Vendor Management,,PlanningResourceDetails,Nov,decimal
Vendor Management,,PlanningResourceDetails,Dec,decimal
Vendor Management,,PlanningResourceDetails,CreatedOn,datetimeoffset
Vendor Management,,PlanningResourceDetails,CreatedBy,nvarchar
Vendor Management,,PlanningResourceDetails,ModifiedOn,datetimeoffset
Vendor Management,,PlanningResourceDetails,ModifiedBy,nvarchar
Vendor Management,,PlanningResourceDetails,IsDeleted,bit
Vendor Management,,PlanningResourceDetails,Version,timestamp
Vendor Management,Resource Management,ProjectXCompetency,Id,uniqueidentifier
Vendor Management,Resource Management,ProjectXCompetency,PlantId,uniqueidentifier
Vendor Management,Resource Management,ProjectXCompetency,EmployeeNumber,bigint
Vendor Management,Resource Management,ProjectXCompetency,SOWJDId,uniqueidentifier
Vendor Management,Resource Management,ProjectXCompetency,SkillsetId,uniqueidentifier
Vendor Management,Resource Management,ProjectXCompetency,GradeId,uniqueidentifier
Vendor Management,Resource Management,ProjectXCompetency,LocationModeId,int
Vendor Management,Resource Management,ProjectXCompetency,CapacityAllocation,decimal
Vendor Management,Resource Management,ProjectXCompetency,Billable,bit
Vendor Management,Resource Management,ProjectXCompetency,BillingStartDate,datetime
Vendor Management,Resource Management,ProjectXCompetency,ValidityStart,datetime
Vendor Management,Resource Management,ProjectXCompetency,ValidityEnd,datetime
Vendor Management,Resource Management,ProjectXCompetency,IsDeleted,bit
Vendor Management,Resource Management,ProjectXCompetency,CreatedOn,datetimeoffset
Vendor Management,Resource Management,ProjectXCompetency,CreatedBy,nvarchar
Vendor Management,Resource Management,ProjectXCompetency,ModifiedOn,datetimeoffset
Vendor Management,Resource Management,ProjectXCompetency,ModifiedBy,nvarchar
Vendor Management,Resource Management,ProjectXCompetency,Version,timestamp
Vendor Management,Resource Management,ProjectXCompetency,GbId,uniqueidentifier
Vendor Management,Resource Management,ProjectXCompetency,SowjdSignOffId,uniqueidentifier
Vendor Management,Resource Management,ProjectXCompetency,ResourcePlanId,uniqueidentifier
Vendor Management,Resource Management,ProjectXCompetency,DeboardingRequestID,nvarchar
Vendor Management,,ProjectXCompetencyBackup,Employee_No,int
Vendor Management,,ProjectXCompetencyBackup,Employee_Name,nvarchar
Vendor Management,,ProjectXCompetencyBackup,NT_ID,nvarchar
Vendor Management,,ProjectXCompetencyBackup,SOW_JD_ID,nvarchar
Vendor Management,,ProjectXCompetencyBackup,GB,nvarchar
Vendor Management,,ProjectXCompetencyBackup,Skillset,nvarchar
Vendor Management,,ProjectXCompetencyBackup,Grade,nvarchar
Vendor Management,,ProjectXCompetencyBackup,Location_Mode,nvarchar
Vendor Management,,ProjectXCompetencyBackup,Business_Area,nvarchar
Vendor Management,,ProjectXCompetencyBackup,Plant,nvarchar
Vendor Management,,ProjectXCompetencyBackup,Company,varchar
Vendor Management,,ProjectXCompetencyBackup,Billable,nvarchar
Vendor Management,,ProjectXCompetencyBackup,Billing_Start_Date,date
Vendor Management,,ProjectXCompetencyBackup,Validity_Start,date
Vendor Management,,ProjectXCompetencyBackup,Validity_End_SOW_JD_End_Date,date
Vendor Management,,PurchaseHeaders,Id,uniqueidentifier
Vendor Management,,PurchaseHeaders,Ponumber,nvarchar
Vendor Management,,PurchaseHeaders,PurchasingDocumentType,nvarchar
Vendor Management,,PurchaseHeaders,DocumentDate,datetime
Vendor Management,,PurchaseHeaders,LastItem,nvarchar
Vendor Management,,PurchaseHeaders,ValidityStart,datetime2
Vendor Management,,PurchaseHeaders,ValidityEnd,datetime2
Vendor Management,,PurchaseHeaders,TermsofPayment,nvarchar
Vendor Management,,PurchaseHeaders,PaymentIn,nvarchar
Vendor Management,,PurchaseHeaders,PurchasingOrganization,nvarchar
Vendor Management,,PurchaseHeaders,PurchasingGroup,nvarchar
Vendor Management,,PurchaseHeaders,YourReference,nvarchar
Vendor Management,,PurchaseHeaders,Requisitioner,nvarchar
Vendor Management,,PurchaseHeaders,Email,nvarchar
Vendor Management,,PurchaseHeaders,Incomplete,nvarchar
Vendor Management,,PurchaseHeaders,CategoryofIncompleteness,nvarchar
Vendor Management,,PurchaseHeaders,Source,nvarchar
Vendor Management,,PurchaseHeaders,CreatedOn,datetimeoffset
Vendor Management,,PurchaseHeaders,CreatedBy,nvarchar
Vendor Management,,PurchaseHeaders,ModifiedOn,datetimeoffset
Vendor Management,,PurchaseHeaders,ModifiedBy,nvarchar
Vendor Management,,PurchaseHeaders,IsDeleted,bit
Vendor Management,,PurchaseHeaders,Version,timestamp
Vendor Management,,PurchaseHeaders,CompanyId,uniqueidentifier
Vendor Management,,PurchaseHeaders,VendorId,uniqueidentifier
Vendor Management,,PurchaseHeaders,ExchangeRate,bigint
Vendor Management,,PurchaseHeaders,CurrencyId,uniqueidentifier
Vendor Management,,PurchaseHeaders,Imported,bit
Vendor Management,,PurchaseHeaders,IsActive,bit
Vendor Management,,PurchaseHeaders,CompanyCode,nvarchar
Vendor Management,,PurchaseHeaders,Currency,nvarchar
Vendor Management,,PurchaseHeaders,VendorSAPID,int
Vendor Management,,PurchaseHeaders,VendorName,nvarchar
Vendor Management,,PurchaseHeaders,SAPCreatedBy,nvarchar
Vendor Management,,PurchaseHeaders,NetOrderValue,decimal
Vendor Management,,PurchaseLineItems,Id,uniqueidentifier
Vendor Management,,PurchaseLineItems,PurchaseID,nvarchar
Vendor Management,,PurchaseLineItems,PONumber,nvarchar
Vendor Management,,PurchaseLineItems,Lineitem,int
Vendor Management,,PurchaseLineItems,DeletionIndicator,nvarchar
Vendor Management,,PurchaseLineItems,DeliveryDate,datetime
Vendor Management,,PurchaseLineItems,AccountAssignment,nvarchar
Vendor Management,,PurchaseLineItems,Material,nvarchar
Vendor Management,,PurchaseLineItems,MaterialDescription,nvarchar
Vendor Management,,PurchaseLineItems,UOM,nvarchar
Vendor Management,,PurchaseLineItems,OrderCurrency,nvarchar
Vendor Management,,PurchaseLineItems,ExchangeRate,decimal
Vendor Management,,PurchaseLineItems,PlantId,uniqueidentifier
Vendor Management,,PurchaseLineItems,MaterialGroup,nvarchar
Vendor Management,,PurchaseLineItems,VendorId,uniqueidentifier
Vendor Management,,PurchaseLineItems,ValidityStart,datetime2
Vendor Management,,PurchaseLineItems,ValidityEnd,datetime2
Vendor Management,,PurchaseLineItems,SRMPONumber,bigint
Vendor Management,,PurchaseLineItems,Requisitioner,nvarchar
Vendor Management,,PurchaseLineItems,RequisitionerEmail,nvarchar
Vendor Management,,PurchaseLineItems,CostCenterId,uniqueidentifier
Vendor Management,,PurchaseLineItems,WBSId,uniqueidentifier
Vendor Management,,PurchaseLineItems,Fund,nvarchar
Vendor Management,,PurchaseLineItems,FundCenterId,uniqueidentifier
Vendor Management,,PurchaseLineItems,BudgetCode,nvarchar
Vendor Management,,PurchaseLineItems,Source,nvarchar
Vendor Management,,PurchaseLineItems,CreatedOn,datetimeoffset
Vendor Management,,PurchaseLineItems,CreatedBy,nvarchar
Vendor Management,,PurchaseLineItems,ModifiedOn,datetimeoffset
Vendor Management,,PurchaseLineItems,ModifiedBy,nvarchar
Vendor Management,,PurchaseLineItems,IsDeleted,bit
Vendor Management,,PurchaseLineItems,Version,timestamp
Vendor Management,,PurchaseLineItems,Imported,bit
Vendor Management,,PurchaseLineItems,IsActive,bit
Vendor Management,,PurchaseLineItems,Quantity,decimal
Vendor Management,,PurchaseLineItems,NetOrderPrice,decimal
Vendor Management,,PurchaseLineItems,NetOrderValue,decimal
Vendor Management,,PurchaseLineItems,PONetOrderValue,decimal
Vendor Management,,PurchaseLineItems,PlantCode,nvarchar
Vendor Management,,PurchaseLineItems,VendorSAPID,nvarchar
Vendor Management,,PurchaseLineItems,CostCenterCode,nvarchar
Vendor Management,,PurchaseLineItems,WbsElement,nvarchar
Vendor Management,,PurchaseLineItems,FundCenterCode,nvarchar
Vendor Management,,PurchaseLineItems,SAPCreatedOn,datetime2
Vendor Management,,PurchaseLineItems,ChangedOn,datetime2
Vendor Management,,PurchaseLineItems,VendorName,nvarchar
Vendor Management,,Remarks,Id,uniqueidentifier
Vendor Management,,Remarks,Description,nvarchar
Vendor Management,,Remarks,Status,nvarchar
Vendor Management,,Remarks,AOPId,uniqueidentifier
Vendor Management,,Remarks,AOPFLId,uniqueidentifier
Vendor Management,,Remarks,CFCycleId,uniqueidentifier
Vendor Management,,Remarks,CreatedOn,datetimeoffset
Vendor Management,,Remarks,CreatedBy,nvarchar
Vendor Management,,Remarks,ModifiedOn,datetimeoffset
Vendor Management,,Remarks,ModifiedBy,nvarchar
Vendor Management,,Remarks,IsDeleted,bit
Vendor Management,,Remarks,Version,timestamp
Vendor Management,,Remarks,AOPSLId,uniqueidentifier
Vendor Management,,ResourceAddressDetails,ID,uniqueidentifier
Vendor Management,,ResourceAddressDetails,EmployeeNumber,bigint
Vendor Management,,ResourceAddressDetails,NTID,varchar
Vendor Management,,ResourceAddressDetails,ResourceOBRequestID,uniqueidentifier
Vendor Management,,ResourceAddressDetails,Title,nvarchar
Vendor Management,,ResourceAddressDetails,FirstName,nvarchar
Vendor Management,,ResourceAddressDetails,MiddleName,nvarchar
Vendor Management,,ResourceAddressDetails,LastName,nvarchar
Vendor Management,,ResourceAddressDetails,ResidentAddressHouseNoStreet,nvarchar
Vendor Management,,ResourceAddressDetails,ResidentAddressLandMark,nvarchar
Vendor Management,,ResourceAddressDetails,ResidentAddressCity,varchar
Vendor Management,,ResourceAddressDetails,ResidentAddressState,varchar
Vendor Management,,ResourceAddressDetails,ResidentAddressPostalCode,varchar
Vendor Management,,ResourceAddressDetails,PermanentAddressHouseNoStreet,nvarchar
Vendor Management,,ResourceAddressDetails,PermanentAddressLandMark,nvarchar
Vendor Management,,ResourceAddressDetails,PermanentAddressCity,varchar
Vendor Management,,ResourceAddressDetails,PermanentAddressState,varchar
Vendor Management,,ResourceAddressDetails,PermanentAddressPostalCode,varchar
Vendor Management,,ResourceAddressDetails,ValidityStart,datetime
Vendor Management,,ResourceAddressDetails,ValidityEnd,datetime
Vendor Management,,ResourceAddressDetails,CreatedBy,nvarchar
Vendor Management,,ResourceAddressDetails,CreatedOn,datetime
Vendor Management,,ResourceAddressDetails,ModifiedBy,nvarchar
Vendor Management,,ResourceAddressDetails,ModifiedOn,datetime
Vendor Management,,ResourceAddressDetails,IsDeleted,bit
Vendor Management,,ResourceCommercial,Id,uniqueidentifier
Vendor Management,,ResourceCommercial,EmployeeNumber,bigint
Vendor Management,,ResourceCommercial,VendorId,uniqueidentifier
Vendor Management,,ResourceCommercial,PurchaseOrderId,uniqueidentifier
Vendor Management,,ResourceCommercial,PurchaseOrderLineItem,int
Vendor Management,,ResourceCommercial,PurchaseOrderEndDate,datetime
Vendor Management,,ResourceCommercial,ValidityStart,datetime
Vendor Management,,ResourceCommercial,ValidityEnd,datetime
Vendor Management,,ResourceCommercial,IsDeleted,bit
Vendor Management,,ResourceCommercial,CreatedOn,datetimeoffset
Vendor Management,,ResourceCommercial,CreatedBy,nvarchar
Vendor Management,,ResourceCommercial,ModifiedOn,datetimeoffset
Vendor Management,,ResourceCommercial,ModifiedBy,nvarchar
Vendor Management,,ResourceCommercial,Version,timestamp
Vendor Management,,ResourceCommercialBackup,Employee_No,int
Vendor Management,,ResourceCommercialBackup,Employee_Name,nvarchar
Vendor Management,,ResourceCommercialBackup,NT_ID,nvarchar
Vendor Management,,ResourceCommercialBackup,Company,varchar
Vendor Management,,ResourceCommercialBackup,Purchase_Order,int
Vendor Management,,ResourceCommercialBackup,PO_Line_Item,tinyint
Vendor Management,,ResourceCommercialBackup,PO_End_Date_delivery_Date,date
Vendor Management,,ResourceCommercialBackup,Vendor_ID,int
Vendor Management,,ResourceCommercialBackup,Vendor_Name,nvarchar
Vendor Management,,ResourceCommercialBackup,Validity_Start,date
Vendor Management,,ResourceCommercialBackup,Validity_End,date
Vendor Management,,ResourceCR,Id,uniqueidentifier
Vendor Management,,ResourceCR,CrNumber,nvarchar
Vendor Management,,ResourceCR,VendorId,nvarchar
Vendor Management,,ResourceCR,EmployeeId,nvarchar
Vendor Management,,ResourceCR,EmployeeNumber,bigint
Vendor Management,,ResourceCR,CrInitiateTypeId,int
Vendor Management,,ResourceCR,ValidityStart,datetime
Vendor Management,,ResourceCR,ValidityEnd,datetime
Vendor Management,,ResourceCR,SowJdId,uniqueidentifier
Vendor Management,,ResourceCR,SkillSetId,uniqueidentifier
Vendor Management,,ResourceCR,GradeId,uniqueidentifier
Vendor Management,,ResourceCR,PoId,uniqueidentifier
Vendor Management,,ResourceCR,PoIdLineItemId,uniqueidentifier
Vendor Management,,ResourceCR,PersonalAreaId,uniqueidentifier
Vendor Management,,ResourceCR,PersonalSubAreaId,uniqueidentifier
Vendor Management,,ResourceCR,OrganisationUnitId,bigint
Vendor Management,,ResourceCR,DelegatedUser,nvarchar
Vendor Management,,ResourceCR,Billable,bit
Vendor Management,,ResourceCR,BillingStartDate,datetime
Vendor Management,,ResourceCR,DeliveryManager,nvarchar
Vendor Management,,ResourceCR,SectionManager,nvarchar
Vendor Management,,ResourceCR,CrStatusTypeId,int
Vendor Management,,ResourceCR,CreatedOn,datetimeoffset
Vendor Management,,ResourceCR,CreatedBy,nvarchar
Vendor Management,,ResourceCR,ModifiedOn,datetimeoffset
Vendor Management,,ResourceCR,ModifiedBy,nvarchar
Vendor Management,,ResourceCR,IsDeleted,bit
Vendor Management,,ResourceCR,Version,timestamp
Vendor Management,,ResourceCR,SOWEndDate,datetime
Vendor Management,,ResourceCR,IsSamePO,bit
Vendor Management,,ResourceCR,IsSamePOLineItem,bit
Vendor Management,,ResourceCR,IsSameOrg,bit
Vendor Management,,ResourceCR,SignoffId,uniqueidentifier
Vendor Management,,ResourceCR,IsFirstLevelApproved,bit
Vendor Management,,ResourceCR,GbCode,nvarchar
Vendor Management,,ResourceCR,ResourcePlanId,uniqueidentifier
Vendor Management,,ResourceCR,CompanyCode,nvarchar
Vendor Management,,ResourceCR,ContactName,nvarchar
Vendor Management,,ResourceCR,VendorEmailId,nvarchar
Vendor Management,,ResourceCR,GroupId,bigint
Vendor Management,,ResourceCR,IsAutoWithDrawn,bit
Vendor Management,,ResourceCR,GbId,uniqueidentifier
Vendor Management,,ResourceCR,DeboardingRequestId,uniqueidentifier
Vendor Management,,ResourceCRExistingDetails,Id,uniqueidentifier
Vendor Management,,ResourceCRExistingDetails,CMRequestID,nvarchar
Vendor Management,,ResourceCRExistingDetails,SignOffId,uniqueidentifier
Vendor Management,,ResourceCRExistingDetails,SowJdID,uniqueidentifier
Vendor Management,,ResourceCRExistingDetails,SkillSet,uniqueidentifier
Vendor Management,,ResourceCRExistingDetails,Grade,uniqueidentifier
Vendor Management,,ResourceCRExistingDetails,PurchaseOrder,nvarchar
Vendor Management,,ResourceCRExistingDetails,PoLineItem,int
Vendor Management,,ResourceCRExistingDetails,PersonalArea,uniqueidentifier
Vendor Management,,ResourceCRExistingDetails,PersonalSubArea,uniqueidentifier
Vendor Management,,ResourceCRExistingDetails,OrganizationUnit,bigint
Vendor Management,,ResourceCRExistingDetails,CreatedBy,varchar
Vendor Management,,ResourceCRExistingDetails,CreatedDate,datetime
Vendor Management,,ResourceCRExistingDetails,IsDeleted,bit
Vendor Management,,ResourceCRExistingDetails,OldResourcePlanID,uniqueidentifier
Vendor Management,,ResourceCRExistingDetails,Billable,bit
Vendor Management,,ResourceCRInitiateTypeMaster,Id,uniqueidentifier
Vendor Management,,ResourceCRInitiateTypeMaster,CrInitiateTypeId,int
Vendor Management,,ResourceCRInitiateTypeMaster,Name,nvarchar
Vendor Management,,ResourceCRInitiateTypeMaster,Description,nvarchar
Vendor Management,,ResourceCRInitiateTypeMaster,CreatedOn,datetimeoffset
Vendor Management,,ResourceCRInitiateTypeMaster,CreatedBy,nvarchar
Vendor Management,,ResourceCRInitiateTypeMaster,ModifiedOn,datetimeoffset
Vendor Management,,ResourceCRInitiateTypeMaster,ModifiedBy,nvarchar
Vendor Management,,ResourceCRInitiateTypeMaster,IsDeleted,bit
Vendor Management,,ResourceCRInitiateTypeMaster,Version,timestamp
Vendor Management,,ResourceCRRemarks,Id,uniqueidentifier
Vendor Management,,ResourceCRRemarks,ResourceCrId,uniqueidentifier
Vendor Management,,ResourceCRRemarks,Remarks,nvarchar
Vendor Management,,ResourceCRRemarks,CrStatusTypeId,int
Vendor Management,,ResourceCRRemarks,CreatedOn,datetimeoffset
Vendor Management,,ResourceCRRemarks,CreatedBy,nvarchar
Vendor Management,,ResourceCRRemarks,ModifiedOn,datetimeoffset
Vendor Management,,ResourceCRRemarks,ModifiedBy,nvarchar
Vendor Management,,ResourceCRRemarks,IsDeleted,bit
Vendor Management,,ResourceCRRemarks,Version,timestamp
Vendor Management,,ResourceCRStatusDetails,Id,uniqueidentifier
Vendor Management,,ResourceCRStatusDetails,ResourceCrId,uniqueidentifier
Vendor Management,,ResourceCRStatusDetails,SubmittedBy,nvarchar
Vendor Management,,ResourceCRStatusDetails,SubmitteOn,datetimeoffset
Vendor Management,,ResourceCRStatusDetails,SendBackBy,nvarchar
Vendor Management,,ResourceCRStatusDetails,SendBackOn,datetimeoffset
Vendor Management,,ResourceCRStatusDetails,ReSubmittedBy,nvarchar
Vendor Management,,ResourceCRStatusDetails,ReSubmittedOn,datetimeoffset
Vendor Management,,ResourceCRStatusDetails,FirstApprovalBy,nvarchar
Vendor Management,,ResourceCRStatusDetails,FirstApprovalOn,datetimeoffset
Vendor Management,,ResourceCRStatusDetails,SecondApprovalBy,nvarchar
Vendor Management,,ResourceCRStatusDetails,SecondApprovalOn,datetimeoffset
Vendor Management,,ResourceCRStatusDetails,WithdrawBy,nvarchar
Vendor Management,,ResourceCRStatusDetails,WithdrawOn,datetimeoffset
Vendor Management,,ResourceCRStatusDetails,DelegateBy,nvarchar
Vendor Management,,ResourceCRStatusDetails,DelegatedUser,nvarchar
Vendor Management,,ResourceCRStatusDetails,DelegateOn,datetimeoffset
Vendor Management,,ResourceCRStatusDetails,Description,nvarchar
Vendor Management,,ResourceCRStatusDetails,CreatedOn,datetimeoffset
Vendor Management,,ResourceCRStatusDetails,CreatedBy,nvarchar
Vendor Management,,ResourceCRStatusDetails,ModifiedOn,datetimeoffset
Vendor Management,,ResourceCRStatusDetails,ModifiedBy,nvarchar
Vendor Management,,ResourceCRStatusDetails,IsDeleted,bit
Vendor Management,,ResourceCRStatusDetails,Version,timestamp
Vendor Management,,ResourceCRStatusTypeMaster,Id,uniqueidentifier
Vendor Management,,ResourceCRStatusTypeMaster,CrStatusTypeId,int
Vendor Management,,ResourceCRStatusTypeMaster,Name,nvarchar
Vendor Management,,ResourceCRStatusTypeMaster,Description,nvarchar
Vendor Management,,ResourceCRStatusTypeMaster,CreatedOn,datetimeoffset
Vendor Management,,ResourceCRStatusTypeMaster,CreatedBy,nvarchar
Vendor Management,,ResourceCRStatusTypeMaster,ModifiedOn,datetimeoffset
Vendor Management,,ResourceCRStatusTypeMaster,ModifiedBy,nvarchar
Vendor Management,,ResourceCRStatusTypeMaster,IsDeleted,bit
Vendor Management,,ResourceCRStatusTypeMaster,Version,timestamp
Vendor Management,,ResourceDeboardAccessories,Id,uniqueidentifier
Vendor Management,,ResourceDeboardAccessories,ResourceDbId,uniqueidentifier
Vendor Management,,ResourceDeboardAccessories,AccessoryCollectDt,date
Vendor Management,,ResourceDeboardAccessories,Remark,nvarchar
Vendor Management,,ResourceDeboardAccessories,CreatedBy,nvarchar
Vendor Management,,ResourceDeboardAccessories,CreatedDate,date
Vendor Management,,ResourceDeboardDevice,Id,uniqueidentifier
Vendor Management,,ResourceDeboardDevice,ResourceDbId,uniqueidentifier
Vendor Management,,ResourceDeboardDevice,DeviceCollectDt,date
Vendor Management,,ResourceDeboardDevice,ItTicketNumber,nvarchar
Vendor Management,,ResourceDeboardDevice,Remark,nvarchar
Vendor Management,,ResourceDeboardDevice,CreatedBy,nvarchar
Vendor Management,,ResourceDeboardDevice,AssetNumber,nvarchar
Vendor Management,,ResourceDeboardDevice,CreatedDate,date
Vendor Management,,ResourceDeboardEmployeecard,Id,uniqueidentifier
Vendor Management,,ResourceDeboardEmployeecard,ResourceDbId,uniqueidentifier
Vendor Management,,ResourceDeboardEmployeecard,IsEmployeeCardCollected,bit
Vendor Management,,ResourceDeboardEmployeecard,IsEmployeeCardDeactivated,bit
Vendor Management,,ResourceDeboardEmployeecard,EmployeeCardCollectDt,date
Vendor Management,,ResourceDeboardEmployeecard,EmployeeCardDeactivateDt,date
Vendor Management,,ResourceDeboardEmployeecard,Remark,nvarchar
Vendor Management,,ResourceDeboardEmployeecard,CreatedBy,nvarchar
Vendor Management,,ResourceDeboardEmployeecard,CreatedDate,date
Vendor Management,,ResourceDeboardingAdditionalDetails,Id,uniqueidentifier
Vendor Management,,ResourceDeboardingAdditionalDetails,ResourceDbId,uniqueidentifier
Vendor Management,,ResourceDeboardingAdditionalDetails,PersonalSubArea,nvarchar
Vendor Management,,ResourceDeboardingAdditionalDetails,ContractEndDate,datetime
Vendor Management,,ResourceDeboardingAdditionalDetails,PoNumber,nvarchar
Vendor Management,,ResourceDeboardingAdditionalDetails,Grup,nvarchar
Vendor Management,,ResourceDeboardingAdditionalDetails,ContactName,nvarchar
Vendor Management,,ResourceDeboardingAdditionalDetails,VendorEmail,nvarchar
Vendor Management,,ResourceDeboardingAdditionalDetails,Skillset,nvarchar
Vendor Management,,ResourceDeboardingAdditionalDetails,Grade,nvarchar
Vendor Management,,ResourceDeboardingAdditionalDetails,DelvieryManager,nvarchar
Vendor Management,,ResourceDeboardingAdditionalDetails,IsDelete,bit
Vendor Management,Resource Management,ResourceDeboardingRequest,Id,uniqueidentifier
Vendor Management,Resource Management,ResourceDeboardingRequest,EmployeeNumber,bigint
Vendor Management,Resource Management,ResourceDeboardingRequest,DeboardingRequestID,nvarchar
Vendor Management,Resource Management,ResourceDeboardingRequest,ExitReasonId,int
Vendor Management,Resource Management,ResourceDeboardingRequest,LastWorkingDay,date
Vendor Management,Resource Management,ResourceDeboardingRequest,IsReplaceRequest,bit
Vendor Management,Resource Management,ResourceDeboardingRequest,DojReplaceResource,date
Vendor Management,Resource Management,ResourceDeboardingRequest,StatusID,int
Vendor Management,Resource Management,ResourceDeboardingRequest,CreatedOn,datetimeoffset
Vendor Management,Resource Management,ResourceDeboardingRequest,CreatedBy,nvarchar
Vendor Management,Resource Management,ResourceDeboardingRequest,ModifiedOn,datetimeoffset
Vendor Management,Resource Management,ResourceDeboardingRequest,ModifiedBy,nvarchar
Vendor Management,Resource Management,ResourceDeboardingRequest,IsDeleted,bit
Vendor Management,Resource Management,ResourceDeboardingRequest,VendorSAPID,int
Vendor Management,Resource Management,ResourceDeboardingRequest,SowjdOwnerNtid,nvarchar
Vendor Management,Resource Management,ResourceDeboardingRequest,Companycode,varchar
Vendor Management,Resource Management,ResourceDeboardingRequest,SectionSpocNtid,nvarchar
Vendor Management,Resource Management,ResourceDeboardingRequest,IsFirstLevelApproved,bit
Vendor Management,Resource Management,ResourceDeboardingRequest,GroupId,bigint
Vendor Management,Resource Management,ResourceDeboardingRequest,BuSpocEmployeeNumber,bigint
Vendor Management,Resource Management,ResourceDeboardingRequest,IsDeviceCollected,bit
Vendor Management,Resource Management,ResourceDeboardingRequest,IsAccessoriesCollected,bit
Vendor Management,Resource Management,ResourceDeboardingRequest,IsEmployeeCardCollected,bit
Vendor Management,Resource Management,ResourceDeboardingRequest,IsNtidDeactivated,bit
Vendor Management,Resource Management,ResourceDeboardingRequest,PlantCode,nvarchar
Vendor Management,Resource Management,ResourceDeboardingRequest,VendorId,uniqueidentifier
Vendor Management,Resource Management,ResourceDeboardingRequest,TechnicalProposalId,uniqueidentifier
Vendor Management,Resource Management,ResourceDeboardingRequest,SowJdId,uniqueidentifier
Vendor Management,Resource Management,ResourceDeboardingRequest,IsGCNaccessUpdated,bit
Vendor Management,Resource Management,ResourceDeboardingRequest,IsSAPidMUpdated,bit
Vendor Management,Resource Management,ResourceDeboardingRequest,IsTransportUpdated,bit
Vendor Management,Resource Management,ResourceDeboardingRequest,ResourcePlanId,uniqueidentifier
Vendor Management,Resource Management,ResourceDeboardingRequest,IsAutoWithDrawn,bit
Vendor Management,Resource Management,ResourceDeboardingRequest,SkillsetId,uniqueidentifier
Vendor Management,Resource Management,ResourceDeboardingRequest,GradeId,uniqueidentifier
Vendor Management,Resource Management,ResourceDeboardingRequest,PersonelSubAreaId,uniqueidentifier
Vendor Management,Resource Management,ResourceDeboardingRequest,PersonelAreaId,uniqueidentifier
Vendor Management,,ResourceDeboardRemarks,Id,uniqueidentifier
Vendor Management,,ResourceDeboardRemarks,ResourceDbId,uniqueidentifier
Vendor Management,,ResourceDeboardRemarks,Remark,nvarchar
Vendor Management,,ResourceDeboardRemarks,CreatedOn,datetimeoffset
Vendor Management,,ResourceDeboardRemarks,CreatedBy,nvarchar
Vendor Management,,ResourceDeboardRemarks,ModifiedOn,datetimeoffset
Vendor Management,,ResourceDeboardRemarks,ModifiedBy,nvarchar
Vendor Management,,ResourceDeboardRemarks,IsDeleted,bit
Vendor Management,,ResourceDeboardRemarks,Version,timestamp
Vendor Management,,ResourceDeboardRemarks,StatusID,int
Vendor Management,,ResourceDelegation,Id,uniqueidentifier
Vendor Management,,ResourceDelegation,DelegateObjectId,uniqueidentifier
Vendor Management,,ResourceDelegation,IsFirstLevel,bit
Vendor Management,,ResourceDelegation,IsSecondLevel,bit
Vendor Management,,ResourceDelegation,CreatedBy,nvarchar
Vendor Management,,ResourceDelegation,CreatedOn,datetime
Vendor Management,,ResourceDelegation,UpdatedBy,nvarchar
Vendor Management,,ResourceDelegation,UpdatedOn,datetime
Vendor Management,,ResourceDelegation,IsDeleted,bit
Vendor Management,,ResourceExtendLWD,Id,uniqueidentifier
Vendor Management,,ResourceExtendLWD,ResourceDbId,uniqueidentifier
Vendor Management,,ResourceExtendLWD,ExtendLastDt,date
Vendor Management,,ResourceExtendLWD,Remark,nvarchar
Vendor Management,,ResourceExtendLWD,CreatedBy,nvarchar
Vendor Management,,ResourceExtendLWD,CreatedDate,datetimeoffset
Vendor Management,,ResourceGCNAccess,Id,uniqueidentifier
Vendor Management,,ResourceGCNAccess,ResourceDbId,uniqueidentifier
Vendor Management,,ResourceGCNAccess,Remark,nvarchar
Vendor Management,,ResourceGCNAccess,AccessRemovedOn,date
Vendor Management,,ResourceGCNAccess,CreatedBy,varchar
Vendor Management,,ResourceGCNAccess,CreatedDate,date
Vendor Management,,ResourceGCNAccess,IsDeleted,bit
Vendor Management,Resource Management,ResourceHeaderMaster,Id,uniqueidentifier
Vendor Management,Resource Management,ResourceHeaderMaster,EmployeeNumber,bigint
Vendor Management,Resource Management,ResourceHeaderMaster,Title,nvarchar
Vendor Management,Resource Management,ResourceHeaderMaster,FirstName,nvarchar
Vendor Management,Resource Management,ResourceHeaderMaster,MiddleName,nvarchar
Vendor Management,Resource Management,ResourceHeaderMaster,LastName,nvarchar
Vendor Management,Resource Management,ResourceHeaderMaster,FullName,nvarchar
Vendor Management,Resource Management,ResourceHeaderMaster,Ntid,varchar
Vendor Management,Resource Management,ResourceHeaderMaster,BoschEmailID,nvarchar
Vendor Management,Resource Management,ResourceHeaderMaster,DateofBirth,date
Vendor Management,Resource Management,ResourceHeaderMaster,Gender,nvarchar
Vendor Management,Resource Management,ResourceHeaderMaster,Nationality,nvarchar
Vendor Management,Resource Management,ResourceHeaderMaster,OfficialEmailId,nvarchar
Vendor Management,Resource Management,ResourceHeaderMaster,PersonalEmailId,nvarchar
Vendor Management,Resource Management,ResourceHeaderMaster,PrimaryContactCode,char
Vendor Management,Resource Management,ResourceHeaderMaster,PrimaryContactNumber,varchar
Vendor Management,Resource Management,ResourceHeaderMaster,AlternateContactCode,char
Vendor Management,Resource Management,ResourceHeaderMaster,AlternateContactNumber,varchar
Vendor Management,Resource Management,ResourceHeaderMaster,EmergencyContactName,nvarchar
Vendor Management,Resource Management,ResourceHeaderMaster,EmergencyContactCode,char
Vendor Management,Resource Management,ResourceHeaderMaster,EmergencyNumber,varchar
Vendor Management,Resource Management,ResourceHeaderMaster,IdentityType,varchar
Vendor Management,Resource Management,ResourceHeaderMaster,IdNumber,varchar
Vendor Management,Resource Management,ResourceHeaderMaster,TotalExperienceYear,nvarchar
Vendor Management,Resource Management,ResourceHeaderMaster,TotalExperienceMonth,nvarchar
Vendor Management,Resource Management,ResourceHeaderMaster,RelevantExperienceYear,nvarchar
Vendor Management,Resource Management,ResourceHeaderMaster,RelevantExperienceMonth,nvarchar
Vendor Management,Resource Management,ResourceHeaderMaster,IsPreviouslyWorkedinBGSW,bit
Vendor Management,Resource Management,ResourceHeaderMaster,BoschEmployeeNumber,nvarchar
Vendor Management,Resource Management,ResourceHeaderMaster,LWDatBGSW,date
Vendor Management,Resource Management,ResourceHeaderMaster,OnboardingRequestId,varchar
Vendor Management,Resource Management,ResourceHeaderMaster,CompanyCode,nvarchar
Vendor Management,Resource Management,ResourceHeaderMaster,DateOfJoining,datetime2
Vendor Management,Resource Management,ResourceHeaderMaster,ContractEndDate,datetime2
Vendor Management,Resource Management,ResourceHeaderMaster,LastWorkingDay,datetime2
Vendor Management,Resource Management,ResourceHeaderMaster,Status,int
Vendor Management,Resource Management,ResourceHeaderMaster,CreatedOn,datetimeoffset
Vendor Management,Resource Management,ResourceHeaderMaster,CreatedBy,nvarchar
Vendor Management,Resource Management,ResourceHeaderMaster,IsDeleted,bit
Vendor Management,Resource Management,ResourceHeaderMaster,IsActive,bit
Vendor Management,Resource Management,ResourceHeaderMaster,CompanyId,uniqueidentifier
Vendor Management,Resource Management,ResourceHeaderMaster,ModifiedBy,nvarchar
Vendor Management,Resource Management,ResourceHeaderMaster,ModifiedOn,datetimeoffset
Vendor Management,Resource Management,ResourceHeaderMaster,ExitReasonId,int
Vendor Management,Resource Management,ResourceHeaderMaster,IsAccessCardReturned,bit
Vendor Management,Resource Management,ResourceHeaderMaster,IsAssetReturned,bit
Vendor Management,Resource Management,ResourceHeaderMaster,IsAccessCardIssued,bit
Vendor Management,Resource Management,ResourceHeaderMaster,VendorId,int
Vendor Management,,ResourceNtidDeactivate,Id,uniqueidentifier
Vendor Management,,ResourceNtidDeactivate,ResourceDbId,uniqueidentifier
Vendor Management,,ResourceNtidDeactivate,NtidDeactivateDt,date
Vendor Management,,ResourceNtidDeactivate,NtidDeleteDt,date
Vendor Management,,ResourceNtidDeactivate,Remark,nvarchar
Vendor Management,,ResourceNtidDeactivate,CreatedBy,nvarchar
Vendor Management,,ResourceNtidDeactivate,CreatedDate,date
Vendor Management,Resource Management,ResourceOrgData,Id,uniqueidentifier
Vendor Management,Resource Management,ResourceOrgData,EmployeeNumber,bigint
Vendor Management,Resource Management,ResourceOrgData,GroupId,bigint
Vendor Management,Resource Management,ResourceOrgData,BuId,bigint
Vendor Management,Resource Management,ResourceOrgData,SectionId,bigint
Vendor Management,Resource Management,ResourceOrgData,DepartmentId,bigint
Vendor Management,Resource Management,ResourceOrgData,ValidityStart,datetime
Vendor Management,Resource Management,ResourceOrgData,ValidityEnd,datetime
Vendor Management,Resource Management,ResourceOrgData,IsDeleted,bit
Vendor Management,Resource Management,ResourceOrgData,CreatedOn,datetimeoffset
Vendor Management,Resource Management,ResourceOrgData,CreatedBy,nvarchar
Vendor Management,Resource Management,ResourceOrgData,ModifiedOn,datetimeoffset
Vendor Management,Resource Management,ResourceOrgData,ModifiedBy,nvarchar
Vendor Management,Resource Management,ResourceOrgData,Version,timestamp
Vendor Management,,ResourceOrgDataBackup,Employee_No,int
Vendor Management,,ResourceOrgDataBackup,Employee_Name,nvarchar
Vendor Management,,ResourceOrgDataBackup,NT_ID,nvarchar
Vendor Management,,ResourceOrgDataBackup,Company,varchar
Vendor Management,,ResourceOrgDataBackup,Group,nvarchar
Vendor Management,,ResourceOrgDataBackup,Department,nvarchar
Vendor Management,,ResourceOrgDataBackup,Section,nvarchar
Vendor Management,,ResourceOrgDataBackup,BU,nvarchar
Vendor Management,,ResourceOrgDataBackup,Validity_Start,date
Vendor Management,,ResourceOrgDataBackup,Validity_End,date
Vendor Management,,ResourceRetain,Id,uniqueidentifier
Vendor Management,,ResourceRetain,ResourceDbId,uniqueidentifier
Vendor Management,,ResourceRetain,Remark,nvarchar
Vendor Management,,ResourceRetain,CreatedBy,nvarchar
Vendor Management,,ResourceRetain,CreatedDate,datetimeoffset
Vendor Management,,ResourceSAPidm,Id,uniqueidentifier
Vendor Management,,ResourceSAPidm,ResourceDbId,uniqueidentifier
Vendor Management,,ResourceSAPidm,Remark,nvarchar
Vendor Management,,ResourceSAPidm,CreatedBy,varchar
Vendor Management,,ResourceSAPidm,CreatedDate,date
Vendor Management,,ResourceSAPidm,IsDeleted,bit
Vendor Management,,ResourceStatusMaster,Id,int
Vendor Management,,ResourceStatusMaster,StatusDescription,nvarchar
Vendor Management,,ResourceStatusMaster,CreatedOn,datetimeoffset
Vendor Management,,ResourceStatusMaster,CreatedBy,nvarchar
Vendor Management,,ResourceStatusMaster,ModifiedOn,datetimeoffset
Vendor Management,,ResourceStatusMaster,ModifiedBy,nvarchar
Vendor Management,,ResourceStatusMaster,IsDeleted,bit
Vendor Management,,ResourceStatusMaster,Version,timestamp
Vendor Management,,ResourceTransport,Id,uniqueidentifier
Vendor Management,,ResourceTransport,ResourceDbId,uniqueidentifier
Vendor Management,,ResourceTransport,Remark,nvarchar
Vendor Management,,ResourceTransport,CreatedBy,varchar
Vendor Management,,ResourceTransport,CreatedDate,date
Vendor Management,,ResourceTransport,IsDeleted,bit
Vendor Management,,SOWJD,Id,uniqueidentifier
Vendor Management,,SOWJD,CompanyId,uniqueidentifier
Vendor Management,,SOWJD,CurrentYear,int
Vendor Management,,SOWJD,SowJdNumber,varchar
Vendor Management,,SOWJD,SowJdTypeId,uniqueidentifier
Vendor Management,,SOWJD,Description,varchar
Vendor Management,,SOWJD,CustomerTypeId,uniqueidentifier
Vendor Management,,SOWJD,CustomerName,varchar
Vendor Management,,SOWJD,WbsId,uniqueidentifier
Vendor Management,,SOWJD,InternalResourceCheckdone,smallint
Vendor Management,,SOWJD,IsCustomerApprovalAvailable,smallint
Vendor Management,,SOWJD,IsprojectGDPRRelevant,smallint
Vendor Management,,SOWJD,IsStandardGPAIsSufficient,smallint
Vendor Management,,SOWJD,C2PAgreement,smallint
Vendor Management,,SOWJD,IsResourceAugmentationNeedExtensionOfC2P,smallint
Vendor Management,,SOWJD,C2PDocumentPrepared,smallint
Vendor Management,,SOWJD,OutSourcingTypeId,uniqueidentifier
Vendor Management,,SOWJD,StartDate,datetime
Vendor Management,,SOWJD,EndDate,datetime
Vendor Management,,SOWJD,PlantId,uniqueidentifier
Vendor Management,,SOWJD,BudgetCodeId,uniqueidentifier
Vendor Management,,SOWJD,MaterialGroupId,uniqueidentifier
Vendor Management,,SOWJD,FundId,uniqueidentifier
Vendor Management,,SOWJD,FundCenterId,uniqueidentifier
Vendor Management,,SOWJD,ProjectedPoValue,decimal
Vendor Management,,SOWJD,Status,int
Vendor Management,,SOWJD,CurrencyTypeId,uniqueidentifier
Vendor Management,,SOWJD,Group,varchar
Vendor Management,,SOWJD,Section,varchar
Vendor Management,,SOWJD,Department,varchar
Vendor Management,,SOWJD,CreatedBy,nvarchar
Vendor Management,,SOWJD,ModifiedBy,varchar
Vendor Management,,SOWJD,CreatedOn,datetime
Vendor Management,,SOWJD,ModifiedOn,datetime
Vendor Management,,SOWJD,Id_Identity,int
Vendor Management,,SOWJD,remarks,varchar
Vendor Management,,SOWJD,DH,varchar
Vendor Management,,SOWJD,SecSpoc,varchar
Vendor Management,,SOWJD,CostCenter,uniqueidentifier
Vendor Management,,SOWJD,DMRemarks,varchar
Vendor Management,,SOWJD,LocationModeId,int
Vendor Management,,SOWJD,RecordOwner,varchar
Vendor Management,,SOWJD,BUSpoc,nvarchar
Vendor Management,,SOWJD,BuHot,nvarchar
Vendor Management,,SOWJD,groupId,int
Vendor Management,,SOWJD,SowjdReference,uniqueidentifier
Vendor Management,,SOWJD,L1DeligationCount,int
Vendor Management,,SOWJD,L2DeligationCount,int
Vendor Management,,SOWJD,isRepeatOutsourcing,nvarchar
Vendor Management,,SOWJD_ChangeManagement,Id,uniqueidentifier
Vendor Management,,SOWJD_ChangeManagement,SoW_JD_ID,uniqueidentifier
Vendor Management,,SOWJD_ChangeManagement,SoWJD_CR_Number,nvarchar
Vendor Management,,SOWJD_ChangeManagement,SelectedChangeTypeId,int
Vendor Management,,SOWJD_ChangeManagement,BillingMonthId,uniqueidentifier
Vendor Management,,SOWJD_ChangeManagement,EffectiveDate,date
Vendor Management,,SOWJD_ChangeManagement,GroupId,bigint
Vendor Management,,SOWJD_ChangeManagement,CostCenterId,uniqueidentifier
Vendor Management,,SOWJD_ChangeManagement,ProjectEndDate,date
Vendor Management,,SOWJD_ChangeManagement,SoWCrStatusId,int
Vendor Management,,SOWJD_ChangeManagement,FirstLevelDelegateCount,int
Vendor Management,,SOWJD_ChangeManagement,SecondLevelDelegateCount,int
Vendor Management,,SOWJD_ChangeManagement,FirstLevelApproval,bigint
Vendor Management,,SOWJD_ChangeManagement,SecondLevelApproval,bigint
Vendor Management,,SOWJD_ChangeManagement,RecordOwner,bigint
Vendor Management,,SOWJD_ChangeManagement,IsSecondLevelApprovalRequired,bit
Vendor Management,,SOWJD_ChangeManagement,CreatedOn,datetimeoffset
Vendor Management,,SOWJD_ChangeManagement,CreatedBy,nvarchar
Vendor Management,,SOWJD_ChangeManagement,ModifiedOn,datetimeoffset
Vendor Management,,SOWJD_ChangeManagement,ModifiedBy,nvarchar
Vendor Management,,SOWJD_ChangeManagement,IsDeleted,bit
Vendor Management,,SOWJD_ChangeManagement,Version,timestamp
Vendor Management,,SOWJD_ChangeManagement,IsDataUpdatedToParentTable,int
Vendor Management,,SOWJD_ChangeManagement_History,Id,uniqueidentifier
Vendor Management,,SOWJD_ChangeManagement_History,SowJdId,uniqueidentifier
Vendor Management,,SOWJD_ChangeManagement_History,SowJdCrId,uniqueidentifier
Vendor Management,,SOWJD_ChangeManagement_History,CompanyId,uniqueidentifier
Vendor Management,,SOWJD_ChangeManagement_History,CurrentYear,int
Vendor Management,,SOWJD_ChangeManagement_History,SowJdNumber,varchar
Vendor Management,,SOWJD_ChangeManagement_History,SowJdTypeId,uniqueidentifier
Vendor Management,,SOWJD_ChangeManagement_History,Description,varchar
Vendor Management,,SOWJD_ChangeManagement_History,CustomerTypeId,uniqueidentifier
Vendor Management,,SOWJD_ChangeManagement_History,CustomerName,varchar
Vendor Management,,SOWJD_ChangeManagement_History,WbsId,uniqueidentifier
Vendor Management,,SOWJD_ChangeManagement_History,StartDate,datetime
Vendor Management,,SOWJD_ChangeManagement_History,EndDate,datetime
Vendor Management,,SOWJD_ChangeManagement_History,PlantId,uniqueidentifier
Vendor Management,,SOWJD_ChangeManagement_History,BudgetCodeId,uniqueidentifier
Vendor Management,,SOWJD_ChangeManagement_History,MaterialGroupId,uniqueidentifier
Vendor Management,,SOWJD_ChangeManagement_History,FundId,uniqueidentifier
Vendor Management,,SOWJD_ChangeManagement_History,FundCenterId,uniqueidentifier
Vendor Management,,SOWJD_ChangeManagement_History,Status,int
Vendor Management,,SOWJD_ChangeManagement_History,CurrencyTypeId,uniqueidentifier
Vendor Management,,SOWJD_ChangeManagement_History,CostCenter,uniqueidentifier
Vendor Management,,SOWJD_ChangeManagement_History,LocationModeId,int
Vendor Management,,SOWJD_ChangeManagement_History,RecordOwner,varchar
Vendor Management,,SOWJD_ChangeManagement_History,groupId,int
Vendor Management,,SOWJD_ChangeManagement_History,CreatedBy,nvarchar
Vendor Management,,SOWJD_ChangeManagement_History,ModifiedBy,varchar
Vendor Management,,SOWJD_ChangeManagement_History,CreatedOn,datetime
Vendor Management,,SOWJD_ChangeManagement_History,ModifiedOn,datetime
Vendor Management,,SOWJD_ChangeManagement_History,DH,nvarchar
Vendor Management,,SOWJD_ChangeManagement_History,SecSpoc,nvarchar
Vendor Management,,SOWJD_ChangeManagement_History,Remark,nvarchar
Vendor Management,,SOWJD_ChangeManagement_History,UpdatedOn,date
Vendor Management,,SOWJD_ChangeManagement_History,OutSourcingTypeId,uniqueidentifier
Vendor Management,,SOWJD_ChangeManagement_Remarks,Id,uniqueidentifier
Vendor Management,,SOWJD_ChangeManagement_Remarks,SowJdCrId,uniqueidentifier
Vendor Management,,SOWJD_ChangeManagement_Remarks,SoWCrStatusId,int
Vendor Management,,SOWJD_ChangeManagement_Remarks,Remarks,nvarchar
Vendor Management,,SOWJD_ChangeManagement_Remarks,CreatedBy,nvarchar
Vendor Management,,SOWJD_ChangeManagement_Remarks,CreatedOn,datetime
Vendor Management,,SOWJD_Extn,SOWJD_ID,uniqueidentifier
Vendor Management,,SOWJD_Extn,BuSpocNTID,varchar
Vendor Management,,SOWJD_Extn,SecSpoc,varchar
Vendor Management,,SOWJD_Extn,PMOSecretarySpoc,varchar
Vendor Management,,SOWJD_Master_BudgetCodeDetails,Id,uniqueidentifier
Vendor Management,,SOWJD_Master_BudgetCodeDetails,BudgetCode,nvarchar
Vendor Management,,SOWJD_Master_BudgetCodeDetails,CreatedOn,datetimeoffset
Vendor Management,,SOWJD_Master_BudgetCodeDetails,CreatedBy,nvarchar
Vendor Management,,SOWJD_Master_BudgetCodeDetails,ModifiedOn,datetimeoffset
Vendor Management,,SOWJD_Master_BudgetCodeDetails,ModifiedBy,nvarchar
Vendor Management,,SOWJD_Master_BudgetCodeDetails,IsDeleted,bit
Vendor Management,,SOWJD_Master_BudgetCodeDetails,Version,timestamp
Vendor Management,,SOWJD_Master_BudgetCodeDetails,CompanyId,uniqueidentifier
Vendor Management,,SOWJD_Master_C2PAgreement,Id,int
Vendor Management,,SOWJD_Master_C2PAgreement,C2PAgreement,nvarchar
Vendor Management,,SOWJD_Master_C2PDocumentPrepared,Id,int
Vendor Management,,SOWJD_Master_C2PDocumentPrepared,C2PDocumentPrepared,nvarchar
Vendor Management,,SOWJD_Master_CustomerApprovalAvailable,Id,int
Vendor Management,,SOWJD_Master_CustomerApprovalAvailable,CustomerApprovalAvailable,nvarchar
Vendor Management,,SOWJD_Master_DelegateObjectTypes,Id,smallint
Vendor Management,,SOWJD_Master_DelegateObjectTypes,DelegationObject,nvarchar
Vendor Management,,SOWJD_Master_DelegateObjectTypes,CreatedOn,datetimeoffset
Vendor Management,,SOWJD_Master_DelegateObjectTypes,CreatedBy,nvarchar
Vendor Management,,SOWJD_Master_DelegateObjectTypes,ModifiedOn,datetimeoffset
Vendor Management,,SOWJD_Master_DelegateObjectTypes,ModifiedBy,nvarchar
Vendor Management,,SOWJD_Master_DelegateObjectTypes,IsDeleted,bit
Vendor Management,,SOWJD_Master_DelegateObjectTypes,Version,timestamp
Vendor Management,,SOWJD_Master_Holiday,HolidayID,int
Vendor Management,,SOWJD_Master_Holiday,CompanyID,int
Vendor Management,,SOWJD_Master_Holiday,HolidayName,varchar
Vendor Management,,SOWJD_Master_Holiday,HolidayDate,date
Vendor Management,,SOWJD_Master_InternalResourceCheckDone,Id,int
Vendor Management,,SOWJD_Master_InternalResourceCheckDone,InternalResourceCheckDone,nvarchar
Vendor Management,,SOWJD_Master_InternalResourceCheckDoneDetails,Id,int
Vendor Management,,SOWJD_Master_InternalResourceCheckDoneDetails,InternalResourceCheckDone,nvarchar
Vendor Management,,SOWJD_Master_OutSourcingTypeDetails,Id,uniqueidentifier
Vendor Management,,SOWJD_Master_OutSourcingTypeDetails,OutSourcingType,nvarchar
Vendor Management,,SOWJD_Master_OutSourcingTypeDetails,CreatedOn,datetimeoffset
Vendor Management,,SOWJD_Master_OutSourcingTypeDetails,CreatedBy,nvarchar
Vendor Management,,SOWJD_Master_OutSourcingTypeDetails,ModifiedOn,datetimeoffset
Vendor Management,,SOWJD_Master_OutSourcingTypeDetails,ModifiedBy,nvarchar
Vendor Management,,SOWJD_Master_OutSourcingTypeDetails,IsDeleted,bit
Vendor Management,,SOWJD_Master_OutSourcingTypeDetails,Version,timestamp
Vendor Management,,SOWJD_Master_OutSourcingTypeDetails,OutSourcingCode,varchar
Vendor Management,,SOWJD_Master_OutSourcingTypeDetails,Order,int
Vendor Management,,SOWJD_Master_ProjectGDPRRelevant,Id,int
Vendor Management,,SOWJD_Master_ProjectGDPRRelevant,IsTheProjectGDPRRelevant,nvarchar
Vendor Management,,SOWJD_Master_RepeatOutsourcing,Id,int
Vendor Management,,SOWJD_Master_RepeatOutsourcing,IsThisIsARepeatOutsourcing,nvarchar
Vendor Management,,SOWJD_Master_ResourceAugmentationOfC2P,Id,int
Vendor Management,,SOWJD_Master_ResourceAugmentationOfC2P,ResourceAugmentationOfC2P,nvarchar
Vendor Management,,SOWJD_Master_ResourceLocation,Id,uniqueidentifier
Vendor Management,,SOWJD_Master_ResourceLocation,ResourceLocation,nvarchar
Vendor Management,,SOWJD_Master_RFQ_Status,Id,int
Vendor Management,,SOWJD_Master_RFQ_Status,SowJdRfqStatus,nvarchar
Vendor Management,,SOWJD_Master_RFQ_TechnicalEvolutionStatus,Id,smallint
Vendor Management,,SOWJD_Master_RFQ_TechnicalEvolutionStatus,TechnicalEvolutionStatus,nvarchar
Vendor Management,,SOWJD_Master_RfqCommentsType,Id,int
Vendor Management,,SOWJD_Master_RfqCommentsType,Description,varchar
Vendor Management,,SOWJD_Master_SelectedChangeTypeId,Id,int
Vendor Management,,SOWJD_Master_SelectedChangeTypeId,Name,nvarchar
Vendor Management,,SOWJD_Master_SelectedChangeTypeId,CreatedOn,datetimeoffset
Vendor Management,,SOWJD_Master_SelectedChangeTypeId,CreatedBy,nvarchar
Vendor Management,,SOWJD_Master_SelectedChangeTypeId,ModifiedOn,datetimeoffset
Vendor Management,,SOWJD_Master_SelectedChangeTypeId,ModifiedBy,nvarchar
Vendor Management,,SOWJD_Master_SelectedChangeTypeId,IsDeleted,bit
Vendor Management,,SOWJD_Master_SelectedChangeTypeId,Version,timestamp
Vendor Management,,SOWJD_Master_SoWJDCM_Status,Id,int
Vendor Management,,SOWJD_Master_SoWJDCM_Status,SowJdCrStatus,nvarchar
Vendor Management,,SOWJD_Master_SoWJDCM_Status,Remark,nvarchar
Vendor Management,,SOWJD_Master_SoWJDCM_Status,CreatedOn,datetimeoffset
Vendor Management,,SOWJD_Master_SoWJDCM_Status,CreatedBy,nvarchar
Vendor Management,,SOWJD_Master_SoWJDCM_Status,ModifiedOn,datetimeoffset
Vendor Management,,SOWJD_Master_SoWJDCM_Status,ModifiedBy,nvarchar
Vendor Management,,SOWJD_Master_SoWJDCM_Status,IsDeleted,bit
Vendor Management,,SOWJD_Master_SoWJDCM_Status,Version,timestamp
Vendor Management,,SOWJD_Master_SowjdTypeDetails,Id,uniqueidentifier
Vendor Management,,SOWJD_Master_SowjdTypeDetails,SowJdType,nvarchar
Vendor Management,,SOWJD_Master_SowjdTypeDetails,CreatedOn,datetimeoffset
Vendor Management,,SOWJD_Master_SowjdTypeDetails,CreatedBy,nvarchar
Vendor Management,,SOWJD_Master_SowjdTypeDetails,ModifiedOn,datetimeoffset
Vendor Management,,SOWJD_Master_SowjdTypeDetails,ModifiedBy,nvarchar
Vendor Management,,SOWJD_Master_SowjdTypeDetails,IsDeleted,bit
Vendor Management,,SOWJD_Master_SowjdTypeDetails,Version,timestamp
Vendor Management,,SOWJD_Master_SowjdTypeDetails,SowjdTypeCode,varchar
Vendor Management,,SOWJD_Master_SRN_Status,ID,int
Vendor Management,,SOWJD_Master_SRN_Status,StatusName,varchar
Vendor Management,,SOWJD_Master_SRN_Type,TypeId,int
Vendor Management,,SOWJD_Master_SRN_Type,Type,varchar
Vendor Management,,SOWJD_Master_StandardGPAClarified,Id,int
Vendor Management,,SOWJD_Master_StandardGPAClarified,IsTheStandardGPAClarified,nvarchar
Vendor Management,,SOWJD_Master_Status,Id,int
Vendor Management,,SOWJD_Master_Status,SowJdStatus,nvarchar
Vendor Management,,SOWJD_Master_Status,CreatedOn,datetimeoffset
Vendor Management,,SOWJD_Master_Status,CreatedBy,nvarchar
Vendor Management,,SOWJD_Master_Status,ModifiedOn,datetimeoffset
Vendor Management,,SOWJD_Master_Status,ModifiedBy,nvarchar
Vendor Management,,SOWJD_Master_Status,IsDeleted,bit
Vendor Management,,SOWJD_Master_Status,Version,timestamp
Vendor Management,,SOWJD_Master_TP_Status,Id,int
Vendor Management,,SOWJD_Master_TP_Status,TechnicalProposalStatus,nvarchar
Vendor Management,,SOWJD_RFQ_Comments,Id,uniqueidentifier
Vendor Management,,SOWJD_RFQ_Comments,RfqId,uniqueidentifier
Vendor Management,,SOWJD_RFQ_Comments,Comments,varchar
Vendor Management,,SOWJD_RFQ_Comments,CreateDOn,datetime
Vendor Management,,SOWJD_RFQ_Comments,createdBy,varchar
Vendor Management,,SOWJD_RFQ_Comments,CommentsType,int
Vendor Management,,SOWJD_RFQ_Details,Id,uniqueidentifier
Vendor Management,,SOWJD_RFQ_Details,SowJdId,uniqueidentifier
Vendor Management,,SOWJD_RFQ_Details,VendorId,uniqueidentifier
Vendor Management,,SOWJD_RFQ_Details,EndDate,date
Vendor Management,,SOWJD_RFQ_Details,CreatedDate,datetime
Vendor Management,,SOWJD_RFQ_Details,SowJdRfqNumber,nvarchar
Vendor Management,,SOWJD_RFQ_Details,CreatedBy,nvarchar
Vendor Management,,SOWJD_RFQ_Details,WithDrawRemarks,varchar
Vendor Management,,SOWJD_RFQ_Details,Remarks,varchar
Vendor Management,,SOWJD_RFQ_Details,Status,smallint
Vendor Management,,SOWJD_RFQ_Details,secspocRemarks,varchar
Vendor Management,,SOWJD_RFQ_Details,startdate,datetime
Vendor Management,,SOWJD_RFQ_Details,ModifiedOn,datetime
Vendor Management,,SOWJD_RFQ_Details,ModifiedBy,nvarchar
Vendor Management,,SOWJD_RFQ_Details,createdOn,datetimeoffset
Vendor Management,,SOWJD_RFQ_Details,creator,varchar
Vendor Management,,SOWJD_RFQ_Details,RecordOwner,varchar
Vendor Management,,SOWJD_RFQ_Details,IsDeleted,bit
Vendor Management,,SOWJD_RFQ_Details_Extn,RFQ_ID,uniqueidentifier
Vendor Management,,SOWJD_RFQ_Details_Extn,BuSpocNTID,varchar
Vendor Management,,SOWJD_RFQ_Details_Extn,PMOSecretarySpoc,varchar
Vendor Management,,SOWJD_RFQ_TechnicalEvolution,Id,uniqueidentifier
Vendor Management,,SOWJD_RFQ_TechnicalEvolution,SowJdId,uniqueidentifier
Vendor Management,,SOWJD_RFQ_TechnicalEvolution,VendorId,uniqueidentifier
Vendor Management,,SOWJD_RFQ_TechnicalEvolution,RFQId,uniqueidentifier
Vendor Management,,SOWJD_RFQ_TechnicalEvolution,CreatedOn,datetimeoffset
Vendor Management,,SOWJD_RFQ_TechnicalEvolution,CreatedBy,nvarchar
Vendor Management,,SOWJD_RFQ_TechnicalEvolution,ModifiedOn,datetimeoffset
Vendor Management,,SOWJD_RFQ_TechnicalEvolution,ModifiedBy,nvarchar
Vendor Management,,SOWJD_RFQ_TechnicalEvolution,IsDeleted,bit
Vendor Management,,SOWJD_RFQ_TechnicalEvolution,Version,timestamp
Vendor Management,,SOWJD_RFQ_TechnicalEvolution,Status,smallint
Vendor Management,,SOWJD_RFQ_TechnicalEvolution,NtID,nvarchar
Vendor Management,,SOWJD_RFQ_TechnicalEvolution,InitiateTechnicalProposal,bit
Vendor Management,,SOWJD_RFQ_TechnicalEvolutionDetails,Id,uniqueidentifier
Vendor Management,,SOWJD_RFQ_TechnicalEvolutionDetails,TEVQuestionId,int
Vendor Management,,SOWJD_RFQ_TechnicalEvolutionDetails,Rating,int
Vendor Management,,SOWJD_RFQ_TechnicalEvolutionDetails,CreatedOn,datetimeoffset
Vendor Management,,SOWJD_RFQ_TechnicalEvolutionDetails,CreatedBy,nvarchar
Vendor Management,,SOWJD_RFQ_TechnicalEvolutionDetails,ModifiedOn,datetimeoffset
Vendor Management,,SOWJD_RFQ_TechnicalEvolutionDetails,ModifiedBy,nvarchar
Vendor Management,,SOWJD_RFQ_TechnicalEvolutionDetails,IsDeleted,bit
Vendor Management,,SOWJD_RFQ_TechnicalEvolutionDetails,Version,timestamp
Vendor Management,,SOWJD_RFQ_TechnicalEvolutionDetails,Remarks,nvarchar
Vendor Management,,SOWJD_RFQ_TechnicalEvolutionDetails,technicalEvolutionID,uniqueidentifier
Vendor Management,,SOWJD_RFQ_TechnicalEvolutionQuestions,Id,int
Vendor Management,,SOWJD_RFQ_TechnicalEvolutionQuestions,Question,nvarchar
Vendor Management,,SOWJD_RFQ_WorkPackageDetails,Id,uniqueidentifier
Vendor Management,,SOWJD_RFQ_WorkPackageDetails,RfqId,uniqueidentifier
Vendor Management,,SOWJD_RFQ_WorkPackageDetails,ProjectName,nvarchar
Vendor Management,,SOWJD_RFQ_WorkPackageDetails,ActivityType,nvarchar
Vendor Management,,SOWJD_RFQ_WorkPackageDetails,SkillSetId,uniqueidentifier
Vendor Management,,SOWJD_RFQ_WorkPackageDetails,GradeId,uniqueidentifier
Vendor Management,,SOWJD_RFQ_WorkPackageDetails,NoofActivityPlanned,int
Vendor Management,,SOWJD_RFQ_WorkPackageDetails,EstimationActivity,decimal
Vendor Management,,SOWJD_RFQ_WorkPackageDetails,UnitPrice,decimal
Vendor Management,,SOWJD_RFQ_WorkPackageDetails,UnitOfMeasurement,nvarchar
Vendor Management,,SOWJD_RFQ_WorkPackageDetails,CreatedOn,datetimeoffset
Vendor Management,,SOWJD_RFQ_WorkPackageDetails,CreatedBy,nvarchar
Vendor Management,,SOWJD_RFQ_WorkPackageDetails,ModifiedOn,datetimeoffset
Vendor Management,,SOWJD_RFQ_WorkPackageDetails,ModifiedBy,nvarchar
Vendor Management,,SOWJD_RFQ_WorkPackageDetails,IsDeleted,bit
Vendor Management,,SOWJD_RFQ_WorkPackageDetails,Version,timestamp
Vendor Management,,SOWJD_SIGNOFF_LOCATION,Id,uniqueidentifier
Vendor Management,,SOWJD_SIGNOFF_LOCATION,SOWJD_Id,uniqueidentifier
Vendor Management,,SOWJD_SIGNOFF_LOCATION,SIGNOFF_ID,uniqueidentifier
Vendor Management,,SOWJD_SIGNOFF_LOCATION,OldPlant,uniqueidentifier
Vendor Management,,SOWJD_SIGNOFF_LOCATION,NewPlant,uniqueidentifier
Vendor Management,,SOWJD_SIGNOFF_LOCATION,Remark,nvarchar
Vendor Management,,SOWJD_SIGNOFF_LOCATION,CreatedOn,datetimeoffset
Vendor Management,,SOWJD_SIGNOFF_LOCATION,CreatedBy,nvarchar
Vendor Management,,SOWJD_SIGNOFF_LOCATION,ModifiedOn,datetimeoffset
Vendor Management,,SOWJD_SIGNOFF_LOCATION,ModifiedBy,nvarchar
Vendor Management,,SOWJD_SIGNOFF_LOCATION,IsDeleted,bit
Vendor Management,,SOWJD_SOWJD_ApprovalDetails,Id,uniqueidentifier
Vendor Management,,SOWJD_SOWJD_ApprovalDetails,SowJdId,uniqueidentifier
Vendor Management,,SOWJD_SOWJD_ApprovalDetails,ApprovedBy,nvarchar
Vendor Management,,SOWJD_SOWJD_ApprovalDetails,ApprovedOn,datetime
Vendor Management,,SOWJD_SOWJD_ApprovalDetails,remarks,varchar
Vendor Management,,SOWJD_SOWJD_ApprovalDetails,ApprovalStatusId,smallint
Vendor Management,,SOWJD_SOWJD_Delegation,Id,uniqueidentifier
Vendor Management,,SOWJD_SOWJD_Delegation,DelegateObjectId,uniqueidentifier
Vendor Management,,SOWJD_SOWJD_Delegation,DelegateObjectType,int
Vendor Management,,SOWJD_SOWJD_Delegation,DelegatedTo,nvarchar
Vendor Management,,SOWJD_SOWJD_Delegation,DelegatedBy,nvarchar
Vendor Management,,SOWJD_SOWJD_Delegation,Remarks,nvarchar
Vendor Management,,SOWJD_SOWJD_Delegation,CreatedOn,datetime2
Vendor Management,,SOWJD_SOWJD_Delegation,UpdatedBy,nvarchar
Vendor Management,,SOWJD_SOWJD_Delegation,UpdatedOn,datetime2
Vendor Management,,SOWJD_SOWJD_Delegation,IsDeleted,bit
Vendor Management,,SOWJD_SOWJD_Delegation,delegationLevel,int
Vendor Management,,SOWJD_SOWJD_Templates,templateId,int
Vendor Management,,SOWJD_SOWJD_Templates,DocumentName,varchar
Vendor Management,,SOWJD_SOWJD_Templates,DocumentUrl,varchar
Vendor Management,,SOWJD_SOWJD_Templates,Module,varchar
Vendor Management,,SOWJD_SowjdDocuments,Id,uniqueidentifier
Vendor Management,,SOWJD_SowjdDocuments,SowJdId,uniqueidentifier
Vendor Management,,SOWJD_SowjdDocuments,DocumentName,nvarchar
Vendor Management,,SOWJD_SowjdDocuments,DocumentUrl,nvarchar
Vendor Management,,SOWJD_SowjdDocuments,CreatedOn,datetimeoffset
Vendor Management,,SOWJD_SowjdDocuments,CreatedBy,nvarchar
Vendor Management,,SOWJD_SowjdDocuments,ModifiedOn,datetimeoffset
Vendor Management,,SOWJD_SowjdDocuments,ModifiedBy,nvarchar
Vendor Management,,SOWJD_SowjdDocuments,IsDeleted,bit
Vendor Management,,SOWJD_SowjdDocuments,Version,timestamp
Vendor Management,,SOWJD_SowjdRemarks,SowJdId,uniqueidentifier
Vendor Management,,SOWJD_SowjdRemarks,StatusId,int
Vendor Management,,SOWJD_SowjdRemarks,Remarks,varchar
Vendor Management,,SOWJD_SowjdRemarks,CreatedBy,nvarchar
Vendor Management,,SOWJD_SowjdRemarks,CreatedOn,datetime
Vendor Management,,SOWJD_SowjdRemarks,Id,uniqueidentifier
Vendor Management,,SOWJD_SowjdSignOffDetails,Id,uniqueidentifier
Vendor Management,,SOWJD_SowjdSignOffDetails,SowJdId,uniqueidentifier
Vendor Management,,SOWJD_SowjdSignOffDetails,ApprovedBy,varchar
Vendor Management,,SOWJD_SowjdSignOffDetails,ApprovedOn,datetime
Vendor Management,,SOWJD_SowjdSignOffDetails,remarks,varchar
Vendor Management,,SOWJD_SowjdSignOffDetails,RfqId,uniqueidentifier
Vendor Management,,SOWJD_SowjdSignOffDetails,ApprovalStatusId,smallint
Vendor Management,,SOWJD_SowjdSignOffDetails,ActionOn,datetime
Vendor Management,,SOWJD_SowjdSkillSet,Id,uniqueidentifier
Vendor Management,,SOWJD_SowjdSkillSet,SowJdId,uniqueidentifier
Vendor Management,,SOWJD_SowjdSkillSet,SkillsetId,uniqueidentifier
Vendor Management,,SOWJD_SowjdSkillSet,Quantity,bigint
Vendor Management,,SOWJD_SowjdSkillSet,Duration,bigint
Vendor Management,,SOWJD_SowjdSkillSet,CreatedOn,datetimeoffset
Vendor Management,,SOWJD_SowjdSkillSet,CreatedBy,nvarchar
Vendor Management,,SOWJD_SowjdSkillSet,ModifiedOn,datetimeoffset
Vendor Management,,SOWJD_SowjdSkillSet,ModifiedBy,nvarchar
Vendor Management,,SOWJD_SowjdSkillSet,IsDeleted,bit
Vendor Management,,SOWJD_SowjdSkillSet,Version,timestamp
Vendor Management,,SOWJD_SowjdSkillSet,GradeId,uniqueidentifier
Vendor Management,,SOWJD_SowjdSkillSet,ResourceOnboardingDate,varchar
Vendor Management,,SOWJD_SowjdSkillSet,UOM,nvarchar
Vendor Management,,SOWJD_SowjdSkillSet,PMO,decimal
Vendor Management,,SOWJD_SowjdVendors,Id,uniqueidentifier
Vendor Management,,SOWJD_SowjdVendors,SowJdId,uniqueidentifier
Vendor Management,,SOWJD_SowjdVendors,VendorId,uniqueidentifier
Vendor Management,,SOWJD_SowjdVendors,Suggestion,varchar
Vendor Management,,SOWJD_SowjdVendors,CreatedOn,datetimeoffset
Vendor Management,,SOWJD_SowjdVendors,CreatedBy,nvarchar
Vendor Management,,SOWJD_SowjdVendors,ModifiedOn,datetimeoffset
Vendor Management,,SOWJD_SowjdVendors,ModifiedBy,nvarchar
Vendor Management,,SOWJD_SowjdVendors,IsDeleted,bit
Vendor Management,,SOWJD_SowjdVendors,Version,timestamp
Vendor Management,,SOWJD_SowjdVendors,isDHApproved,bit
Vendor Management,,SOWJD_SowjdVendors,isSecSpocApproved,bit
Vendor Management,,SOWJD_SowjdVendors,IsManualFloat,bit
Vendor Management,,SOWJD_SowjdVendors,Remarks,varchar
Vendor Management,,SOWJD_SowjdWithDrawalDetails,Id,uniqueidentifier
Vendor Management,,SOWJD_SowjdWithDrawalDetails,SowJdId,uniqueidentifier
Vendor Management,,SOWJD_SowjdWithDrawalDetails,Status,smallint
Vendor Management,,SOWJD_SowjdWithDrawalDetails,Remarks,nvarchar
Vendor Management,,SOWJD_SowjdWithDrawalDetails,CreatedOn,datetimeoffset
Vendor Management,,SOWJD_SowjdWithDrawalDetails,CreatedBy,nvarchar
Vendor Management,,SOWJD_SowjdWithDrawalDetails,ModifiedOn,datetimeoffset
Vendor Management,,SOWJD_SowjdWithDrawalDetails,ModifiedBy,nvarchar
Vendor Management,,SOWJD_SowjdWithDrawalDetails,IsDeleted,bit
Vendor Management,,SOWJD_SowjdWithDrawalDetails,Version,timestamp
Vendor Management,,SOWJD_SRN,Id,uniqueidentifier
Vendor Management,,SOWJD_SRN,BillingPeriodId,uniqueidentifier
Vendor Management,,SOWJD_SRN,VendorId,uniqueidentifier
Vendor Management,,SOWJD_SRN,PurchaseOrderId,uniqueidentifier
Vendor Management,,SOWJD_SRN,SowJdId,uniqueidentifier
Vendor Management,,SOWJD_SRN,SRNType,varchar
Vendor Management,,SOWJD_SRN,CreatedOn,datetimeoffset
Vendor Management,,SOWJD_SRN,CreatedBy,nvarchar
Vendor Management,,SOWJD_SRN,ModifiedOn,datetimeoffset
Vendor Management,,SOWJD_SRN,ModifiedBy,nvarchar
Vendor Management,,SOWJD_SRN,IsDeleted,bit
Vendor Management,,SOWJD_SRN,Version,timestamp
Vendor Management,,SOWJD_SRN,DM,varchar
Vendor Management,,SOWJD_SRN,SRNNumber,varchar
Vendor Management,,SOWJD_SRN,TechnicalProposalId,uniqueidentifier
Vendor Management,,SOWJD_SRN,SRNStatusID,int
Vendor Management,,SOWJD_SRN,InvoiceId,varchar
Vendor Management,,SOWJD_SRN,SRNTypeID,int
Vendor Management,,SOWJD_SRN,SRNValue,decimal
Vendor Management,,SOWJD_SRN,TotalPMO,decimal
Vendor Management,,SOWJD_SRN,ApproverEmployeeNumber,bigint
Vendor Management,,SOWJD_SRN,RecordOwner,varchar
Vendor Management,,SOWJD_SRN,SectionSpoc,varchar
Vendor Management,,SOWJD_SRN,L1DeligationCount,int
Vendor Management,,SOWJD_SRN,L2DeligationCount,int
Vendor Management,,SOWJD_SRN,SectionSPOCApproval,varchar
Vendor Management,,SOWJD_SRN,ApprovalDM,varchar
Vendor Management,,SOWJD_SRN,ApprovalSecSpoc,varchar
Vendor Management,,SOWJD_SRN,SRNBillingYear,int
Vendor Management,,SOWJD_SRN_ApprovalDetails,Id,uniqueidentifier
Vendor Management,,SOWJD_SRN_ApprovalDetails,SrnId,uniqueidentifier
Vendor Management,,SOWJD_SRN_ApprovalDetails,BillingPeriodId,uniqueidentifier
Vendor Management,,SOWJD_SRN_ApprovalDetails,VendorId,uniqueidentifier
Vendor Management,,SOWJD_SRN_ApprovalDetails,PurchaseOrderId,uniqueidentifier
Vendor Management,,SOWJD_SRN_ApprovalDetails,SowJdId,uniqueidentifier
Vendor Management,,SOWJD_SRN_ApprovalDetails,InvoiceId,varchar
Vendor Management,,SOWJD_SRN_ApprovalDetails,OrderValue,decimal
Vendor Management,,SOWJD_SRN_ApprovalDetails,SrnValue,decimal
Vendor Management,,SOWJD_SRN_ApprovalDetails,OpenOrderValue,decimal
Vendor Management,,SOWJD_SRN_ApprovalDetails,OpenOrderQty,decimal
Vendor Management,,SOWJD_SRN_ApprovalDetails,PoBalance,decimal
Vendor Management,,SOWJD_SRN_ApprovalDetails,TotalEffortPMO,decimal
Vendor Management,,SOWJD_SRN_ApprovalDetails,Price,decimal
Vendor Management,,SOWJD_SRN_ApprovalDetails,RateCardType,nvarchar
Vendor Management,,SOWJD_SRN_ApprovalDetails,ApprovalStatusId,int
Vendor Management,,SOWJD_SRN_ApprovalDetails,ApprovedDate,datetime
Vendor Management,,SOWJD_SRN_ApprovalDetails,ApprovedBy,nvarchar
Vendor Management,,SOWJD_SRN_ApprovalDetails,IsActive,bit
Vendor Management,,SOWJD_SRN_ApprovalDetails,Remark,nvarchar
Vendor Management,,SOWJD_SRN_ApprovalDetails,ApprovalSPOC,nvarchar
Vendor Management,,SOWJD_SRN_ApprovalDetails,CreatedOn,datetimeoffset
Vendor Management,,SOWJD_SRN_ApprovalDetails,CreatedBy,nvarchar
Vendor Management,,SOWJD_SRN_ApprovalDetails,ModifiedOn,datetimeoffset
Vendor Management,,SOWJD_SRN_ApprovalDetails,ModifiedBy,nvarchar
Vendor Management,,SOWJD_SRN_ApprovalDetails,IsDeleted,bit
Vendor Management,,SOWJD_SRN_ApprovalDetails,Version,timestamp
Vendor Management,,SOWJD_SRN_Comments,id,int
Vendor Management,,SOWJD_SRN_Comments,comments,varchar
Vendor Management,,SOWJD_SRN_Comments,createdBy,varchar
Vendor Management,,SOWJD_SRN_Comments,createdOn,datetime
Vendor Management,,SOWJD_SRN_Comments,SrnStatusID,int
Vendor Management,,SOWJD_SRN_Comments,SrnId,uniqueidentifier
Vendor Management,,SOWJD_SRN_Document,Id,uniqueidentifier
Vendor Management,,SOWJD_SRN_Document,SrnId,uniqueidentifier
Vendor Management,,SOWJD_SRN_Document,Filename,nvarchar
Vendor Management,,SOWJD_SRN_Document,Url,nvarchar
Vendor Management,,SOWJD_SRN_Document,CreatedOn,datetimeoffset
Vendor Management,,SOWJD_SRN_Document,CreatedBy,nvarchar
Vendor Management,,SOWJD_SRN_Document,ModifiedOn,datetimeoffset
Vendor Management,,SOWJD_SRN_Document,ModifiedBy,nvarchar
Vendor Management,,SOWJD_SRN_Document,IsDeleted,bit
Vendor Management,,SOWJD_SRN_Document,Version,timestamp
Vendor Management,,SOWJD_SRN_Documents,Id,uniqueidentifier
Vendor Management,,SOWJD_SRN_Documents,SowJdId,uniqueidentifier
Vendor Management,,SOWJD_SRN_Documents,DocumentName,nvarchar
Vendor Management,,SOWJD_SRN_Documents,DocumentUrl,nvarchar
Vendor Management,,SOWJD_SRN_Documents,CreatedOn,datetimeoffset
Vendor Management,,SOWJD_SRN_Documents,CreatedBy,nvarchar
Vendor Management,,SOWJD_SRN_Documents,ModifiedOn,datetimeoffset
Vendor Management,,SOWJD_SRN_Documents,ModifiedBy,nvarchar
Vendor Management,,SOWJD_SRN_Documents,IsDeleted,bit
Vendor Management,,SOWJD_SRN_Documents,Version,timestamp
Vendor Management,,SOWJD_SRN_InvoiceChanges,Id,uniqueidentifier
Vendor Management,,SOWJD_SRN_InvoiceChanges,SRN_ID,uniqueidentifier
Vendor Management,,SOWJD_SRN_InvoiceChanges,OldInvoiceId,nvarchar
Vendor Management,,SOWJD_SRN_InvoiceChanges,NewInvoiceId,nvarchar
Vendor Management,,SOWJD_SRN_InvoiceChanges,StatusId,nvarchar
Vendor Management,,SOWJD_SRN_InvoiceChanges,CreatedOn,datetimeoffset
Vendor Management,,SOWJD_SRN_InvoiceChanges,CreatedBy,nvarchar
Vendor Management,,SOWJD_SRN_InvoiceChanges,ModifiedOn,datetimeoffset
Vendor Management,,SOWJD_SRN_InvoiceChanges,ModifiedBy,nvarchar
Vendor Management,,SOWJD_SRN_InvoiceChanges,IsDeleted,bit
Vendor Management,,SOWJD_SRN_InvoiceChanges,Version,timestamp
Vendor Management,,SOWJD_SRN_ODC_Details,ID,uniqueidentifier
Vendor Management,,SOWJD_SRN_ODC_Details,SRN_ID,uniqueidentifier
Vendor Management,,SOWJD_SRN_ODC_Details,ODC_ID,uniqueidentifier
Vendor Management,,SOWJD_SRN_ODC_Details,ODC_HeadCount,decimal
Vendor Management,,SOWJD_SRN_ODC_Details,ODC_Cost,decimal
Vendor Management,,SOWJD_SRN_ODC_Details,Total_Cost,decimal
Vendor Management,,SOWJD_SRN_ODC_Details,ODCName,varchar
Vendor Management,,SOWJD_SRN_ODC_Details,ODCCode,varchar
Vendor Management,,SOWJD_SRN_PoLineItemDetails,ID,uniqueidentifier
Vendor Management,,SOWJD_SRN_PoLineItemDetails,SRN_ID,uniqueidentifier
Vendor Management,,SOWJD_SRN_PoLineItemDetails,PurchaseHeaders_ID,uniqueidentifier
Vendor Management,,SOWJD_SRN_PoLineItemDetails,PoLineItemId,uniqueidentifier
Vendor Management,,SOWJD_SRN_PoLineItemDetails,PoLineItemBalance,decimal
Vendor Management,,SOWJD_SRN_PoLineItemDetails,BillingQty,decimal
Vendor Management,,SOWJD_SRN_PoLineItemDetails,PoLineItemSRNValue,decimal
Vendor Management,,SOWJD_SRN_PoLineItemDetails,UnitPrice,decimal
Vendor Management,,SOWJD_SRN_PoLineItemDetails,EffortPMO,decimal
Vendor Management,,SOWJD_SRN_PoLineItemDetails,PoOpenOrderValue,decimal
Vendor Management,,SOWJD_SRN_PoLineItemDetails,POStartDate,datetime
Vendor Management,,SOWJD_SRN_PoLineItemDetails,POEndDate,datetime
Vendor Management,,SOWJD_SRN_PoLineItemDetails,OrderQuantity,decimal
Vendor Management,,SOWJD_SRN_PoLineItemDetails,OrderValue,decimal
Vendor Management,,SOWJD_SRN_PoLineItemDetails,SRNBlockedValue,decimal
Vendor Management,,SOWJD_SRN_PoLineItemDetails,SRNBlockedQuantity,decimal
Vendor Management,,SOWJD_SRN_PoLineItemDetails,OpenOrderQuantity,decimal
Vendor Management,,SOWJD_SRN_PoLineItemDetails,LineItem,int
Vendor Management,,SOWJD_SRN_PoLineItemDetails,Description,varchar
Vendor Management,,SOWJD_SRN_PoLineItemDetails,UOM,varchar
Vendor Management,,SOWJD_SRN_PoLineItemDetails,PoNumber,varchar
Vendor Management,,SOWJD_SRN_PoLineItemDetails,SrnQuantity,decimal
Vendor Management,,SOWJD_SRN_PoLineItemDetails,ValidityStart,datetime
Vendor Management,,SOWJD_SRN_PoLineItemDetails,ValidityEnd,datetime
Vendor Management,,SOWJD_SRN_PoLineItemDetails,OrderCurrency,varchar
Vendor Management,,SOWJD_SRN_PoLineItemDetails,PurchaseHeadersId,uniqueidentifier
Vendor Management,,SOWJD_SRN_PoLineItemDetails,SrnValue,decimal
Vendor Management,,SOWJD_SRN_PoLineItemDetails,OpenOrderValue,decimal
Vendor Management,,SOWJD_SRN_PoLineItemDetails,NetPrice,decimal
Vendor Management,,SOWJD_SRN_Resource,Id,uniqueidentifier
Vendor Management,,SOWJD_SRN_Resource,SrnId,uniqueidentifier
Vendor Management,,SOWJD_SRN_Resource,SkillsetId,uniqueidentifier
Vendor Management,,SOWJD_SRN_Resource,GradeId,uniqueidentifier
Vendor Management,,SOWJD_SRN_Resource,PoLineItemId,uniqueidentifier
Vendor Management,,SOWJD_SRN_Resource,EmployeeNumber,nvarchar
Vendor Management,,SOWJD_SRN_Resource,AbsentDays,decimal
Vendor Management,,SOWJD_SRN_Resource,WorkingDays,decimal
Vendor Management,,SOWJD_SRN_Resource,EffortPMO,decimal
Vendor Management,,SOWJD_SRN_Resource,CreatedOn,datetimeoffset
Vendor Management,,SOWJD_SRN_Resource,CreatedBy,nvarchar
Vendor Management,,SOWJD_SRN_Resource,ModifiedOn,datetimeoffset
Vendor Management,,SOWJD_SRN_Resource,ModifiedBy,nvarchar
Vendor Management,,SOWJD_SRN_Resource,IsDeleted,bit
Vendor Management,,SOWJD_SRN_Resource,Version,timestamp
Vendor Management,,SOWJD_SRN_Resource,OverTime,decimal
Vendor Management,,SOWJD_SRN_Resource,WorkingHours,decimal
Vendor Management,,SOWJD_SRN_Resource,Cost,decimal
Vendor Management,,SOWJD_SRN_Resource,Price,decimal
Vendor Management,,SOWJD_SRN_Resource,StandardDays,decimal
Vendor Management,,SOWJD_SRN_Resource,StandardHours,decimal
Vendor Management,,SOWJD_SRN_Resource,OTRatio,decimal
Vendor Management,,SOWJD_SRN_Resource,ConversionHour,decimal
Vendor Management,,SOWJD_SRN_Resource,StandardWorkingDays,decimal
Vendor Management,,SOWJD_SRN_Resource,DateOfJoining,datetime
Vendor Management,,SOWJD_SRN_Resource,ContractEndDate,datetime
Vendor Management,,SOWJD_SRN_Resource,SkillSetName,varchar
Vendor Management,,SOWJD_SRN_Resource,GradeName,varchar
Vendor Management,,SOWJD_SRN_Resource,WorkStartDate,datetime
Vendor Management,,SOWJD_SRN_Resource,WorkEndDate,datetime
Vendor Management,,SOWJD_SRN_Resource,FullName,varchar
Vendor Management,,SOWJD_SRN_Resource,Ntid,varchar
Vendor Management,,SOWJD_SRN_Resource,PoLineItem,int
Vendor Management,,SOWJD_SRN_Resource,ProjectIDName,uniqueidentifier
Vendor Management,,SOWJD_SRN_Resource,MaximumworkingdaysRef,decimal
Vendor Management,,SOWJD_SRN_Resource,Maximumworkingdays,decimal
Vendor Management,,SOWJD_SRN_Resource,AccessCardReturned,bit
Vendor Management,,SOWJD_SRN_Resource,AssetReturned,bit
Vendor Management,,SOWJD_SRN_Resource,EmploymentStatus,bit
Vendor Management,,SOWJD_SRN_Resource,BillingWorkingHour,decimal
Vendor Management,,SOWJD_SRN_SowjdPo,Id,uniqueidentifier
Vendor Management,,SOWJD_SRN_SowjdPo,SowJdId,uniqueidentifier
Vendor Management,,SOWJD_SRN_SowjdPo,PurchaseHeadersID,nvarchar
Vendor Management,,SOWJD_SRN_SowjdPo,CreatedOn,datetimeoffset
Vendor Management,,SOWJD_SRN_SowjdPo,CreatedBy,nvarchar
Vendor Management,,SOWJD_SRN_SowjdPo,ModifiedOn,datetimeoffset
Vendor Management,,SOWJD_SRN_SowjdPo,ModifiedBy,nvarchar
Vendor Management,,SOWJD_SRN_SowjdPo,IsDeleted,bit
Vendor Management,,SOWJD_SRN_SowjdPo,Version,timestamp
Vendor Management,,SOWJD_SRN_SowjdPo,PORemarks,nvarchar
Vendor Management,,SOWJD_SRN_SowjdPo,TechnicalProposalId,uniqueidentifier
Vendor Management,,SOWJD_SRN_SowjdPo,StartDate,datetime
Vendor Management,,SOWJD_SRN_SowjdPo,EndDate,datetime
Vendor Management,,SOWJD_SRN_SowjdPo,FromBillingMonth,uniqueidentifier
Vendor Management,,SOWJD_SRN_SowjdPo,ToBillingMonth,uniqueidentifier
Vendor Management,,SOWJD_SRN_SUMMARY,Id,uniqueidentifier
Vendor Management,,SOWJD_SRN_SUMMARY,SrnID,uniqueidentifier
Vendor Management,,SOWJD_SRN_SUMMARY,VendorID,uniqueidentifier
Vendor Management,,SOWJD_SRN_SUMMARY,poTotalSRNValue,decimal
Vendor Management,,SOWJD_SRN_SUMMARY,poBalance,decimal
Vendor Management,,SOWJD_SRN_SUMMARY,totalEffortPMO,decimal
Vendor Management,,SOWJD_SRN_SUMMARY,totalEffortHours,decimal
Vendor Management,,SOWJD_SRN_SUMMARY,totalWorkPackageCost,decimal
Vendor Management,,SOWJD_SRN_SUMMARY,totalODCCost,decimal
Vendor Management,,SOWJD_SRN_SUMMARY,totalRateCardValue,decimal
Vendor Management,,SOWJD_SRN_SUMMARY,CreatedOn,datetimeoffset
Vendor Management,,SOWJD_SRN_SUMMARY,CreatedBy,nvarchar
Vendor Management,,SOWJD_SRN_SUMMARY,ModifiedOn,datetimeoffset
Vendor Management,,SOWJD_SRN_SUMMARY,ModifiedBy,nvarchar
Vendor Management,,SOWJD_SRN_SUMMARY,IsDeleted,bit
Vendor Management,,SOWJD_SRN_SUMMARY,totalWorkingDays,decimal
Vendor Management,,SOWJD_SRN_Type,TypeId,int
Vendor Management,,SOWJD_SRN_Type,Type,varchar
Vendor Management,,SOWJD_SRN_WorkPackages,Id,uniqueidentifier
Vendor Management,,SOWJD_SRN_WorkPackages,SRN_ID,uniqueidentifier
Vendor Management,,SOWJD_SRN_WorkPackages,TechnicalProposal_ID,uniqueidentifier
Vendor Management,,SOWJD_SRN_WorkPackages,TP_Workpackage_ID,uniqueidentifier
Vendor Management,,SOWJD_SRN_WorkPackages,PurchaseLineItems_ID,uniqueidentifier
Vendor Management,,SOWJD_SRN_WorkPackages,Billing_QTY,decimal
Vendor Management,,SOWJD_SRN_WorkPackages,UnitRate,decimal
Vendor Management,,SOWJD_SRN_WorkPackages,CreatedOn,datetimeoffset
Vendor Management,,SOWJD_SRN_WorkPackages,CreatedBy,nvarchar
Vendor Management,,SOWJD_SRN_WorkPackages,ModifiedOn,datetimeoffset
Vendor Management,,SOWJD_SRN_WorkPackages,ModifiedBy,nvarchar
Vendor Management,,SOWJD_SRN_WorkPackages,IsDeleted,bit
Vendor Management,,SOWJD_SRN_WorkPackages,Version,timestamp
Vendor Management,,SOWJD_SRN_WorkPackages,NoofActivityDelivered,decimal
Vendor Management,,SOWJD_SRN_WorkPackages,DeliveredEfforthrs,decimal
Vendor Management,,SOWJD_SRN_WorkPackages,ConversionHour,decimal
Vendor Management,,SOWJD_SRN_WorkPackages,PMO,decimal
Vendor Management,,SOWJD_SRN_WorkPackages,Cost,decimal
Vendor Management,,SOWJD_SRN_WorkPackages,Price,decimal
Vendor Management,,SOWJD_SRN_WorkPackages,ProjectName,varchar
Vendor Management,,SOWJD_SRN_WorkPackages,ActivityType,varchar
Vendor Management,,SOWJD_SRN_WorkPackages,SkillSetId,uniqueidentifier
Vendor Management,,SOWJD_SRN_WorkPackages,GradeId,uniqueidentifier
Vendor Management,,SOWJD_SRN_WorkPackages,NoofActivityPlanned,decimal
Vendor Management,,SOWJD_SRN_WorkPackages,EstimationPerActivity,decimal
Vendor Management,,SOWJD_SRN_WorkPackages,SRNBlockedActivity,decimal
Vendor Management,,SOWJD_SRN_WorkPackages,OpenWorkPackageActivity,decimal
Vendor Management,,SOWJD_SRN_WorkPackages,SkillSetName,varchar
Vendor Management,,SOWJD_SRN_WorkPackages,GradeName,varchar
Vendor Management,,SOWJD_TechnicalEvolutionSignOff,Id,uniqueidentifier
Vendor Management,,SOWJD_TechnicalEvolutionSignOff,RFQId,uniqueidentifier
Vendor Management,,SOWJD_TechnicalEvolutionSignOff,DMAction,smallint
Vendor Management,,SOWJD_TechnicalEvolutionSignOff,SectionSpocAction,smallint
Vendor Management,,SOWJD_TechnicalEvolutionSignOff,VendorAction,smallint
Vendor Management,,SOWJD_TechnicalEvolutionSignOff,DMActionAt,datetime2
Vendor Management,,SOWJD_TechnicalEvolutionSignOff,SectionSpocActionAt,datetime2
Vendor Management,,SOWJD_TechnicalEvolutionSignOff,VendorActionAt,datetime2
Vendor Management,,SOWJD_TechnicalEvolutionSignOff,DMActionBy,smallint
Vendor Management,,SOWJD_TechnicalEvolutionSignOff,SectionSpocActionBy,smallint
Vendor Management,,SOWJD_TechnicalEvolutionSignOff,VendorActionBy,smallint
Vendor Management,,SOWJD_TP_Comments,Id,uniqueidentifier
Vendor Management,,SOWJD_TP_Comments,TechnicalProposalId,uniqueidentifier
Vendor Management,,SOWJD_TP_Comments,Comments,varchar
Vendor Management,,SOWJD_TP_Comments,CreatedOn,datetime
Vendor Management,,SOWJD_TP_Comments,createdBy,nvarchar
Vendor Management,,SOWJD_TP_Comments,CommentsType,int
Vendor Management,,SOWJD_TP_Documents,Id,uniqueidentifier
Vendor Management,,SOWJD_TP_Documents,TechnicalProposalId,uniqueidentifier
Vendor Management,,SOWJD_TP_Documents,FileName,nvarchar
Vendor Management,,SOWJD_TP_Documents,FileUrl,nvarchar
Vendor Management,,SOWJD_TP_Documents,CreatedOn,datetimeoffset
Vendor Management,,SOWJD_TP_Documents,CreatedBy,nvarchar
Vendor Management,,SOWJD_TP_Documents,ModifiedOn,datetimeoffset
Vendor Management,,SOWJD_TP_Documents,ModifiedBy,nvarchar
Vendor Management,,SOWJD_TP_Documents,IsDeleted,bit
Vendor Management,,SOWJD_TP_Documents,Version,timestamp
Vendor Management,,SOWJD_TP_ResourcePlan,Id,uniqueidentifier
Vendor Management,,SOWJD_TP_ResourcePlan,TechnicalProposalId,uniqueidentifier
Vendor Management,,SOWJD_TP_ResourcePlan,SkillSetID,uniqueidentifier
Vendor Management,,SOWJD_TP_ResourcePlan,GradeID,uniqueidentifier
Vendor Management,,SOWJD_TP_ResourcePlan,ResourceOnboardingDate,datetime
,,SOWJD_TP_ResourcePlan,CreatedOn,datetimeoffset
,,SOWJD_TP_ResourcePlan,CreatedBy,nvarchar
,,SOWJD_TP_ResourcePlan,ModifiedOn,datetimeoffset
,,SOWJD_TP_ResourcePlan,ModifiedBy,nvarchar
,,SOWJD_TP_ResourcePlan,IsDeleted,bit
,,SOWJD_TP_ResourcePlan,Version,timestamp
,,SOWJD_TP_ResourcePlan,UnitPrice,decimal
,,SOWJD_TP_ResourcePlan,UnitOfMeasurement,nvarchar
,,SOWJD_TP_ResourcePlan,Quantity,int
,,SOWJD_TP_ResourcePlan,Duration,int
,,SOWJD_TP_ResourcePlan,SowjdSkillsetId,uniqueidentifier
,,SOWJD_TP_ResourcePlan,IsOnboardingCompleted,bit
,,SOWJD_TP_ResourcePlan,Remark,nvarchar
,,SOWJD_TP_ResourcePlan,ResourceOnboardCompleted,int
,,SOWJD_TP_ResourceProfiles,Id,uniqueidentifier
,,SOWJD_TP_ResourceProfiles,TechnicalProposalId,uniqueidentifier
,,SOWJD_TP_ResourceProfiles,FileName,nvarchar
,,SOWJD_TP_ResourceProfiles,FileUrl,nvarchar
,,SOWJD_TP_ResourceProfiles,CreatedOn,datetimeoffset
,,SOWJD_TP_ResourceProfiles,CreatedBy,nvarchar
,,SOWJD_TP_ResourceProfiles,ModifiedOn,datetimeoffset
,,SOWJD_TP_ResourceProfiles,ModifiedBy,nvarchar
,,SOWJD_TP_ResourceProfiles,IsDeleted,bit
,,SOWJD_TP_ResourceProfiles,Version,timestamp
,,SOWJD_TP_SignOffRemarks,Id,uniqueidentifier
,,SOWJD_TP_SignOffRemarks,technicalProposalID,uniqueidentifier
,,SOWJD_TP_SignOffRemarks,Remarks,varchar
,,SOWJD_TP_SignOffRemarks,createdby,nvarchar
,,SOWJD_TP_SignOffRemarks,CreatedOn,datetime
,,SOWJD_TP_SignOffRemarks,Modifiedby,nvarchar
,,SOWJD_TP_SignOffRemarks,ModifiedOn,datetime
,,SOWJD_TP_SignOffRemarks,remarksType,int
,,SOWJD_TP_SkillSet,Id,uniqueidentifier
,,SOWJD_TP_SkillSet,SowJdId,uniqueidentifier
,,SOWJD_TP_SkillSet,SoWJdSkillsetId,uniqueidentifier
,,SOWJD_TP_SkillSet,SkillsetId,uniqueidentifier
,,SOWJD_TP_SkillSet,GradeId,uniqueidentifier
,,SOWJD_TP_SkillSet,TechnicalProposalId,uniqueidentifier
,,SOWJD_TP_SkillSet,VendorShare,decimal
,,SOWJD_TP_SkillSet,CreatedOn,datetimeoffset
,,SOWJD_TP_SkillSet,CreatedBy,nvarchar
,,SOWJD_TP_SkillSet,ModifiedOn,datetimeoffset
,,SOWJD_TP_SkillSet,ModifiedBy,nvarchar
,,SOWJD_TP_SkillSet,IsDeleted,bit
,,SOWJD_TP_SkillSet,Version,timestamp
,,SOWJD_TP_TechnicalProposalDetails,Id,uniqueidentifier
,,SOWJD_TP_TechnicalProposalDetails,SowJdId,uniqueidentifier
,,SOWJD_TP_TechnicalProposalDetails,VendorId,uniqueidentifier
,,SOWJD_TP_TechnicalProposalDetails,StartDate,date
,,SOWJD_TP_TechnicalProposalDetails,EndDate,date
,,SOWJD_TP_TechnicalProposalDetails,CreatedDate,date
,,SOWJD_TP_TechnicalProposalDetails,CreatedBy,nvarchar
,,SOWJD_TP_TechnicalProposalDetails,Remarks,nvarchar
,,SOWJD_TP_TechnicalProposalDetails,Status,smallint
,,SOWJD_TP_TechnicalProposalDetails,RfqId,uniqueidentifier
,,SOWJD_TP_TechnicalProposalDetails,isSpocSignedOff,bit
,,SOWJD_TP_TechnicalProposalDetails,isVendorSignedOff,bit
,,SOWJD_TP_TechnicalProposalDetails,isDMSignedOff,bit
,,SOWJD_TP_TechnicalProposalDetails,modifiedOn,datetime
,,SOWJD_TP_TechnicalProposalDetails,modifiedBy,varchar
,,SOWJD_TP_TechnicalProposalDetails,TechnicalProposalNumber,varchar
,,SOWJD_TP_TechnicalProposalDetails,secspocActionBy,nvarchar
,,SOWJD_TP_TechnicalProposalDetails,DMActionBy,nvarchar
,,SOWJD_TP_TechnicalProposalDetails,InitateSignOff,bit
,,SOWJD_TP_TechnicalProposalDetails,creator,varchar
,,SOWJD_TP_TechnicalProposalDetails,RecordOwner,varchar
,,SOWJD_TP_TechnicalProposalDetails,ManagedCapacity,nvarchar
,,SOWJD_TP_TechnicalProposalDetails_Extn,SOWJD_TP_ID,uniqueidentifier
,,SOWJD_TP_TechnicalProposalDetails_Extn,BuSpocNTID,varchar
,,SOWJD_TP_TechnicalProposalDetails_Extn,PMOSecretarySpoc,varchar
,,SOWJD_TP_WorkPackageDetails,Id,uniqueidentifier
,,SOWJD_TP_WorkPackageDetails,TechnicalProposalId,uniqueidentifier
,,SOWJD_TP_WorkPackageDetails,ProjectName,nvarchar
,,SOWJD_TP_WorkPackageDetails,ActivityType,nvarchar
,,SOWJD_TP_WorkPackageDetails,SkillSetId,uniqueidentifier
,,SOWJD_TP_WorkPackageDetails,GradeId,uniqueidentifier
,,SOWJD_TP_WorkPackageDetails,NoofActivityPlanned,int
,,SOWJD_TP_WorkPackageDetails,EstimationPerActivity,decimal
,,SOWJD_TP_WorkPackageDetails,UnitPrice,decimal
,,SOWJD_TP_WorkPackageDetails,UnitOfMeasurement,nvarchar
,,SOWJD_TP_WorkPackageDetails,CreatedOn,datetimeoffset
,,SOWJD_TP_WorkPackageDetails,CreatedBy,nvarchar
,,SOWJD_TP_WorkPackageDetails,ModifiedOn,datetimeoffset
,,SOWJD_TP_WorkPackageDetails,ModifiedBy,nvarchar
,,SOWJD_TP_WorkPackageDetails,IsDeleted,bit
,,SOWJD_TP_WorkPackageDetails,Version,timestamp
,,SOWJD_TP_WorkPackageDetails,NoofActivityDelivered,int
,,SOWJD_TP_WorkPackageDetails,DeliveredEfforthrs,int
,,SOWJD_TP_WorkPackageDetails,ConversionHour,decimal
,,SOWJD_TP_WorkPackageDetails,PMO,decimal
,,SOWJD_TP_WorkPackageDetails,Cost,decimal
,,SOWJD_TP_WorkPackageDetails,Price,decimal
,,SOWJD_TP_WorkPackageDetails,IsDeliveryCompleted,bit
,,SOWJD_TP_WorkPackageDetails,Remark,nvarchar
,,SOWJD_VENDOR_Documents,Id,uniqueidentifier
,,SOWJD_VENDOR_Documents,RfqId,uniqueidentifier
,,SOWJD_VENDOR_Documents,FileName,nvarchar
,,SOWJD_VENDOR_Documents,Remarks,nvarchar
,,SOWJD_VENDOR_Documents,CreatedOn,datetimeoffset
,,SOWJD_VENDOR_Documents,CreatedBy,nvarchar
,,SOWJD_VENDOR_Documents,ModifiedOn,datetimeoffset
,,SOWJD_VENDOR_Documents,ModifiedBy,nvarchar
,,SOWJD_VENDOR_Documents,IsDeleted,bit
,,SOWJD_VENDOR_Documents,Version,timestamp
,,SOWJD_VENDOR_Documents,FileUrl,nvarchar
,,SOWJD_VENDOR_ResourceProfiles,Id,uniqueidentifier
,,SOWJD_VENDOR_ResourceProfiles,RfqId,uniqueidentifier
,,SOWJD_VENDOR_ResourceProfiles,FileName,nvarchar
,,SOWJD_VENDOR_ResourceProfiles,FileUrl,nvarchar
,,SOWJD_VENDOR_ResourceProfiles,CreatedOn,datetimeoffset
,,SOWJD_VENDOR_ResourceProfiles,CreatedBy,nvarchar
,,SOWJD_VENDOR_ResourceProfiles,ModifiedOn,datetimeoffset
,,SOWJD_VENDOR_ResourceProfiles,ModifiedBy,nvarchar
,,SOWJD_VENDOR_ResourceProfiles,IsDeleted,bit
,,SOWJD_VENDOR_ResourceProfiles,Version,timestamp
,,SOWJD_VENDOR_ResourceProposal,Id,uniqueidentifier
,,SOWJD_VENDOR_ResourceProposal,RfqId,uniqueidentifier
,,SOWJD_VENDOR_ResourceProposal,SkillSetID,uniqueidentifier
,,SOWJD_VENDOR_ResourceProposal,GradeID,uniqueidentifier
,,SOWJD_VENDOR_ResourceProposal,Quantity,int
,,SOWJD_VENDOR_ResourceProposal,Duration,int
,,SOWJD_VENDOR_ResourceProposal,CreatedOn,datetimeoffset
,,SOWJD_VENDOR_ResourceProposal,CreatedBy,nvarchar
,,SOWJD_VENDOR_ResourceProposal,ModifiedOn,datetimeoffset
,,SOWJD_VENDOR_ResourceProposal,ModifiedBy,nvarchar
,,SOWJD_VENDOR_ResourceProposal,IsDeleted,bit
,,SOWJD_VENDOR_ResourceProposal,Version,timestamp
,,SOWJD_VENDOR_ResourceProposal,UnitPrice,decimal
,,SOWJD_VENDOR_ResourceProposal,UnitOfMeasurement,nvarchar
,,SOWJD_VENDOR_ResourceProposal,ResourceOnboardingDate,datetime
,,SOWJD_VENDOR_ResourceProposal,SowjdSkillsetId,uniqueidentifier
,,SowJdRFQTechnicalProposalDetails,Id,uniqueidentifier
,,SowJdRFQTechnicalProposalDetails,SowJdId,uniqueidentifier
,,SowJdRFQTechnicalProposalDetails,VendorId,uniqueidentifier
,,SowJdRFQTechnicalProposalDetails,StartDate,date
,,SowJdRFQTechnicalProposalDetails,EndDate,date
,,SowJdRFQTechnicalProposalDetails,CreatedDate,date
,,SowJdRFQTechnicalProposalDetails,CreatedBy,nvarchar
,,SowJdRFQTechnicalProposalDetails,Remarks,nvarchar
,,SowJdRFQTechnicalProposalDetails,Status,smallint
,,SowJdRFQTechnicalProposalDetails,RfqId,uniqueidentifier
,,SowJdRFQTechnicalProposalDetails,isSpocSignedOff,bit
,,SowJdRFQTechnicalProposalDetails,isVendorSignedOff,bit
,,SowJdRFQTechnicalProposalDetails,isDMSignedOff,bit
,,SowJdRFQTechnicalProposalDetails,modifiedOn,datetime
,,SowJdRFQTechnicalProposalDetails,modifiedBy,varchar
,,SowJdRFQTechnicalProposalDetails,TechnicalProposalNumber,varchar
,,SowJdRFQTechnicalProposalDetails,secspocActionBy,nvarchar
,,SowJdRFQTechnicalProposalDetails,DMActionBy,nvarchar
,,SowJdRFQTechnicalProposalDetails,InitateSignOff,bit
,,SowJdVendorStatus,Id,uniqueidentifier
,,SowJdVendorStatus,VendorStatusName,nvarchar
,,UserGridColumnSetting,Id,uniqueidentifier
,,UserGridColumnSetting,MenuId,int
,,UserGridColumnSetting,UserId,nvarchar
,,UserGridColumnSetting,Columns,nvarchar
,,UserGridColumnSetting,IsActive,bit
,,UserGridColumnSetting,CreatedOn,datetimeoffset
,,UserGridColumnSetting,CreatedBy,nvarchar
,,UserGridColumnSetting,ModifiedOn,datetimeoffset
,,UserGridColumnSetting,ModifiedBy,nvarchar
,,UserGridColumnSetting,IsDeleted,bit
,,UserGridColumnSetting,Version,timestamp
,,UserGridColumnSetting,UserFilters,nvarchar
,,UserGridColumnSetting,UserColumnSequence,nvarchar
,,V_GetPermissionOnRole,EntityId,uniqueidentifier
,,V_GetPermissionOnRole,RoleId,uniqueidentifier
,,V_GetPermissionOnRole,RoleName,nvarchar
,,V_GetPermissionOnRole,PermissionId,int
,,V_GetPermissionOnRole,PermissionName,nvarchar
,,V_GetPermissionOnRole,FeatureName,nvarchar
,,V_GetPermissionOnRole,FeatureId,uniqueidentifier
,,V_GetPermissionOnRole,FeatureCode,nvarchar
,,V_Menus,EntityId,uniqueidentifier
,,V_Menus,EntityName,nvarchar
,,V_Menus,NTID,nvarchar
,,V_Menus,ModuleId,uniqueidentifier
,,V_Menus,ModuleName,nvarchar
,,V_Menus,ModuleDescription,nvarchar
,,V_Menus,UrlPath,nvarchar
,,V_Menus,ModuleIcon,nvarchar
,,V_NotificationHistory,NTID,nvarchar
,,V_NotificationHistory,NotificationId,uniqueidentifier
,,V_NotificationHistory,NotificationTitle,nvarchar
,,V_NotificationHistory,NotificationDescription,nvarchar
,,V_NotificationHistory,FeatureId,uniqueidentifier
,,V_NotificationHistory,EntityId,uniqueidentifier
,,V_NotificationHistory,DataObjectId,nvarchar
,,V_NotificationHistory,IsSeen,bit
,,V_NotificationHistory,CreatedOn,datetime
,,V_UserInfo,EntityId,uniqueidentifier
,,V_UserInfo,EntityName,nvarchar
,,V_UserInfo,NTID,nvarchar
,,V_UserInfo,RoleId,uniqueidentifier
,,V_UserInfo,RoleName,nvarchar
,,V_UserInfo,FirstApprover,bit
,,V_UserInfo,SecondApprover,bit
,,V_UserInfo,ModuleId,uniqueidentifier
,,V_UserInfo,ModuleName,nvarchar
,,V_UserInfo,featureId,uniqueidentifier
,,V_UserInfo,FeatureName,nvarchar
,,V_UserInfo,FeatureCode,nvarchar
,,V_UserInfo,CreatePermission,int
,,V_UserInfo,ReadPermission,int
,,V_UserInfo,EditPermission,int
,,V_UserInfo,DeletePermission,int
,,V_UserInfo,ApprovePermission,int
,,V_UserInfo,RejectPermission,int
,,V_UserInfo,DelegatePermission,int
,,V_UserInfo,WithdrawPermission,int
,,V_UserInfo,ImportPermission,int
,,V_UserInfo,ExportPermission,int
,,V_UserInfo,SendBackPermission,int
,,V_UserInfo,OwnershipChangePermission,int
,,V_UserInPermissionRequirement,EntityId,uniqueidentifier
,,V_UserInPermissionRequirement,EntityName,nvarchar
,,V_UserInPermissionRequirement,NTID,nvarchar
,,V_UserInPermissionRequirement,Module,nvarchar
,,V_UserInPermissionRequirement,Feature,nvarchar
,,V_UserInPermissionRequirement,FeatureCode,nvarchar
,,V_UserInPermissionRequirement,BusinessRole,nvarchar
,,V_UserInPermissionRequirement,Action,nvarchar
,,V_VendorNotificationHistory,VendorId,uniqueidentifier
,,V_VendorNotificationHistory,NotificationId,uniqueidentifier
,,V_VendorNotificationHistory,NotificationTitle,nvarchar
,,V_VendorNotificationHistory,NotificationDescription,nvarchar
,,V_VendorNotificationHistory,FeatureId,uniqueidentifier
,,V_VendorNotificationHistory,DataObjectId,nvarchar
,,V_VendorNotificationHistory,IsSeen,bit
,,V_VendorNotificationHistory,CreatedOn,datetime
,,VendorClassification,Id,uniqueidentifier
,,VendorClassification,ClassificationName,nvarchar
,,VendorContactType,Id,int
,,VendorContactType,Name,varchar
,,VendorNotifications,Id,uniqueidentifier
,,VendorNotifications,FeatureId,uniqueidentifier
,,VendorNotifications,DataObjectId,nvarchar
,,VendorNotifications,NotificationTitle,nvarchar
,,VendorNotifications,NotificationDescription,nvarchar
,,VendorNotifications,CreatedOn,datetime
,,VendorNotifications,CreatedBy,nvarchar
,,VendorNotifications,ModifiedOn,datetime
,,VendorNotifications,ModifiedBy,nvarchar
,,VendorNotifications,IsDeleted,bit
,,VendorNotificationSentDetails,Id,uniqueidentifier
,,VendorNotificationSentDetails,NotificationId,uniqueidentifier
,,VendorNotificationSentDetails,VendorId,uniqueidentifier
,,VendorNotificationSentDetails,IsSeen,bit
,,VendorNotificationSentDetails,CreatedOn,datetime
,,VendorNotificationSentDetails,CreatedBy,nvarchar
,,VendorNotificationSentDetails,ModifiedOn,datetime
,,VendorNotificationSentDetails,ModifiedBy,nvarchar
,,VendorNotificationSentDetails,IsDeleted,bit
,,VendorStatus,Id,uniqueidentifier
,,VendorStatus,Status,nvarchar
,,VendorType,Id,uniqueidentifier
,,VendorType,VendorTypeName,nvarchar
,,VersionInfo,Version,bigint
,,VersionInfo,AppliedOn,datetime
,,VersionInfo,Description,nvarchar
,,View_SearchUser,EmployeeNumber,bigint
,,View_SearchUser,Ntid,varchar
,,View_SearchUser,FullName,nvarchar
,,View_SearchUser,RoleName,nvarchar
,,vw__RM_AssetSPOCDetails,PlantId,uniqueidentifier
,,vw__RM_AssetSPOCDetails,Email,nvarchar
,,vw__RM_AssetSPOCDetails,ValidityStart,datetime
,,vw__RM_AssetSPOCDetails,ValidityEnd,datetime
,,vw_AOPFirstLevelPlanning,FLPlanningCode,nvarchar
,,vw_AOPFirstLevelPlanning,AOPPlanningCode,nvarchar
,,vw_AOPFirstLevelPlanning,CfCycleName,nvarchar
,,vw_AOPFirstLevelPlanning,CfCycleYear,int
,,vw_AOPFirstLevelPlanning,PlanningMonth,nvarchar
,,vw_AOPFirstLevelPlanning,PlanningStartDate,datetime
,,vw_AOPFirstLevelPlanning,PlanningEndate,datetime
,,vw_AOPFirstLevelPlanning,Status,nvarchar
,,vw_AOPFirstLevelPlanning,PlanningYearId,nvarchar
,,vw_AOPFirstLevelPlanning,CurrencyName,nvarchar
,,vw_AOPFirstLevelPlanning,CompanyCode,nvarchar
,,vw_AOPFirstLevelPlanning,CompanyFullName,nvarchar
,,vw_AOPFirstLevelPlanning,CreatedOn,datetimeoffset
,,vw_AOPFirstLevelPlanning,CreatedBy,nvarchar
,,vw_AOPFirstLevelPlanning,ModifiedOn,datetimeoffset
,,vw_AOPFirstLevelPlanning,ModifiedBy,nvarchar
,,vw_AOPFirstLevelPlanning,CompanyId,uniqueidentifier
,,vw_AOPFirstLevelPlanning,Id,uniqueidentifier
,,vw_AOPFirstLevelPlanning,OrganizationUnitName,nvarchar
,,vw_AOPFirstLevelPlanning,PlanningOrgLevel,nvarchar
,,vw_BUs,BuId,int
,,vw_BUs,BuName,nvarchar
,,vw_Departments,DepartmentId,bigint
,,vw_Departments,DepartmentName,nvarchar
,,vw_FundsCenter,Id,uniqueidentifier
,,vw_FundsCenter,Fmarea,nvarchar
,,vw_FundsCenter,FundCenter,nvarchar
,,vw_FundsCenter,FundCenterName,nvarchar
,,vw_FundsCenter,Description,nvarchar
,,vw_FundsCenter,BusinessArea,nvarchar
,,vw_FundsCenter,CompanyCode,nvarchar
,,vw_FundsCenter,ValidFrom,datetime
,,vw_FundsCenter,ValidTo,datetime
,,vw_FundsCenter,EnteredOn,datetime
,,vw_FundsCenter,ChangedOn,datetime
,,vw_FundsCenter,Source,nvarchar
,,vw_FundsCenter,CreatedOn,datetimeoffset
,,vw_FundsCenter,CreatedBy,nvarchar
,,vw_FundsCenter,ModifiedOn,datetimeoffset
,,vw_FundsCenter,ModifiedBy,nvarchar
,,vw_FundsCenter,Version,timestamp
,,vw_GetAopDetailsTree,aopid,uniqueidentifier
,,vw_GetAopDetailsTree,aopflid,uniqueidentifier
,,vw_GetAopDetailsTree,aopslid,uniqueidentifier
,,vw_GetAopDetailsTree,Status,nvarchar
,,vw_GetAopDetailsTree,Id,uniqueidentifier
,,vw_GetAopDetailsTree,SkillsetId,uniqueidentifier
,,vw_GetAopDetailsTree,Skillset,nvarchar
,,vw_GetAopDetailsTree,GradeId,uniqueidentifier
,,vw_GetAopDetailsTree,Grade,nvarchar
,,vw_GetAopDetailsTree,LocationModeId,int
,,vw_GetAopDetailsTree,LocationMode,nvarchar
,,vw_GetAopDetailsTree,Location,nvarchar
,,vw_GetAopDetailsTree,Vendor,nvarchar
,,vw_GetAopDetailsTree,VendorSAPID,int
,,vw_GetAopDetailsTree,VendorId,uniqueidentifier
,,vw_GetAopDetailsTree,GB,nvarchar
,,vw_GetAopDetailsTree,GBId,uniqueidentifier
,,vw_GetAopDetailsTree,VKMPrice,decimal
,,vw_GetAopDetailsTree,SkillSetType,nvarchar
,,vw_GetAopDetailsTree,RateCardPrice,decimal
,,vw_GetAopDetailsTree,NonRateCardPrice,decimal
,,vw_GetAopDetailsTree,Price,decimal
,,vw_GetAopDetailsTree,EndingNumber,decimal
,,vw_GetAopDetailsTree,TotalEquivalentCapacity,decimal
,,vw_GetAopDetailsTree,TotalProjectedPO,decimal
,,vw_GetAopDetailsTree,TotalProjectedRevenue,decimal
,,vw_GetAopDetailsTree,IsImported,bit
,,vw_GetAopDetailsTree,group,nvarchar
,,vw_GetAopDetailsTree,jan,decimal
,,vw_GetAopDetailsTree,feb,decimal
,,vw_GetAopDetailsTree,mar,decimal
,,vw_GetAopDetailsTree,apr,decimal
,,vw_GetAopDetailsTree,may,decimal
,,vw_GetAopDetailsTree,jun,decimal
,,vw_GetAopDetailsTree,jul,decimal
,,vw_GetAopDetailsTree,aug,decimal
,,vw_GetAopDetailsTree,sep,decimal
,,vw_GetAopDetailsTree,oct,decimal
,,vw_GetAopDetailsTree,nov,decimal
,,vw_GetAopDetailsTree,dec,decimal
,,vw_GetAopDetailsTree,total,decimal
,,vw_GetAOPFirstLevelPlanning,FLPlanningCode,nvarchar
,,vw_GetAOPFirstLevelPlanning,AOPPlanningCode,nvarchar
,,vw_GetAOPFirstLevelPlanning,CfCycleName,nvarchar
,,vw_GetAOPFirstLevelPlanning,CfCycleYear,int
,,vw_GetAOPFirstLevelPlanning,PlanningMonth,nvarchar
,,vw_GetAOPFirstLevelPlanning,PlanningStartDate,datetime
,,vw_GetAOPFirstLevelPlanning,PlanningEndate,datetime
,,vw_GetAOPFirstLevelPlanning,Status,nvarchar
,,vw_GetAOPFirstLevelPlanning,PlanningYearId,nvarchar
,,vw_GetAOPFirstLevelPlanning,CurrencyName,nvarchar
,,vw_GetAOPFirstLevelPlanning,CompanyCode,nvarchar
,,vw_GetAOPFirstLevelPlanning,CompanyFullName,nvarchar
,,vw_GetAOPFirstLevelPlanning,CreatedOn,datetimeoffset
,,vw_GetAOPFirstLevelPlanning,CreatedBy,nvarchar
,,vw_GetAOPFirstLevelPlanning,ModifiedOn,datetimeoffset
,,vw_GetAOPFirstLevelPlanning,ModifiedBy,nvarchar
,,vw_GetAOPFirstLevelPlanning,CompanyId,uniqueidentifier
,,vw_GetAOPFirstLevelPlanning,Id,uniqueidentifier
,,vw_GetAOPFirstLevelPlanning,OrganizationUnitName,nvarchar
,,vw_GetAOPFirstLevelPlanning,PlanningOrgLevel,nvarchar
,,vw_GetAops,AOPPlanningCode,nvarchar
,,vw_GetAops,CfCycleName,nvarchar
,,vw_GetAops,PlanningYearId,nvarchar
,,vw_GetAops,CompanyCode,nvarchar
,,vw_GetAops,PlanningMonth,nvarchar
,,vw_GetAops,CompanyFullName,nvarchar
,,vw_GetAops,CompanyShortName,nvarchar
,,vw_GetAops,CurrencyName,nvarchar
,,vw_GetAops,CfCycleYear,int
,,vw_GetAops,PlanningStartDate,datetime
,,vw_GetAops,PlanningEndate,datetime
,,vw_GetAops,Status,nvarchar
,,vw_GetAops,CreatedOn,datetimeoffset
,,vw_GetAops,CreatedBy,nvarchar
,,vw_GetAops,ModifiedOn,datetimeoffset
,,vw_GetAops,ModifiedBy,nvarchar
,,vw_GetAops,Id,uniqueidentifier
,,vw_GetAops,CFCycleId,uniqueidentifier
,,vw_GetAops,ExchangeRate,decimal
,,vw_GetAops,TotalEquivalentCapacity,decimal
,,vw_GetAops,TotalProjectedPO,decimal
,,vw_GetAops,TotalProjectedRevenue,decimal
,,vw_GetAops,POPlanningLevel,nvarchar
,,vw_GetAops,CompanyId,uniqueidentifier
,,vw_GetAops,ValueIn,nvarchar
,,vw_GetAops,CurrencyId,uniqueidentifier
,,vw_GetAops,Fullname,nvarchar
,,vw_GetAops,ActivitySpocId,nvarchar
,,vw_GetAops,Ntid,varchar
,,vw_GetAops,EmployeeNumber,bigint
,,vw_GetAops,OwnerName,nvarchar
,,vw_GetAops,OwnerNtid,varchar
,,vw_GetAops,OwnerEno,nvarchar
,,vw_GetAops,ChildCount,int
,,vw_GetAopTreeDeatils,AOPFLId,uniqueidentifier
,,vw_GetAopTreeDeatils,Id,uniqueidentifier
,,vw_GetAopTreeDeatils,SkillsetId,uniqueidentifier
,,vw_GetAopTreeDeatils,Skillset,nvarchar
,,vw_GetAopTreeDeatils,GradeId,uniqueidentifier
,,vw_GetAopTreeDeatils,Grade,nvarchar
,,vw_GetAopTreeDeatils,LocationModeId,int
,,vw_GetAopTreeDeatils,LocationMode,nvarchar
,,vw_GetAopTreeDeatils,Location,nvarchar
,,vw_GetAopTreeDeatils,LocationId,uniqueidentifier
,,vw_GetAopTreeDeatils,Vendor,nvarchar
,,vw_GetAopTreeDeatils,VendorId,uniqueidentifier
,,vw_GetAopTreeDeatils,GB,nvarchar
,,vw_GetAopTreeDeatils,GBId,uniqueidentifier
,,vw_GetAopTreeDeatils,VKMPrice,decimal
,,vw_GetAopTreeDeatils,SkillSetType,nvarchar
,,vw_GetAopTreeDeatils,RateCardPrice,decimal
,,vw_GetAopTreeDeatils,NonRateCardPrice,decimal
,,vw_GetAopTreeDeatils,Price,decimal
,,vw_GetAopTreeDeatils,EndingNumber,decimal
,,vw_GetAopTreeDeatils,TotalEquivalentCapacity,decimal
,,vw_GetAopTreeDeatils,TotalProjectedPO,decimal
,,vw_GetAopTreeDeatils,TotalProjectedRevenue,decimal
,,vw_GetAopTreeDeatils,IsImported,bit
,,vw_GetAopTreeDeatils,ordering,int
,,vw_GetAopTreeDeatils,group,nvarchar
,,vw_GetAopTreeDeatils,jan,decimal
,,vw_GetAopTreeDeatils,feb,decimal
,,vw_GetAopTreeDeatils,mar,decimal
,,vw_GetAopTreeDeatils,apr,decimal
,,vw_GetAopTreeDeatils,may,decimal
,,vw_GetAopTreeDeatils,jun,decimal
,,vw_GetAopTreeDeatils,jul,decimal
,,vw_GetAopTreeDeatils,aug,decimal
,,vw_GetAopTreeDeatils,sep,decimal
,,vw_GetAopTreeDeatils,oct,decimal
,,vw_GetAopTreeDeatils,nov,decimal
,,vw_GetAopTreeDeatils,dec,decimal
,,vw_GetAopTreeDeatils,total,decimal
,,vw_GetAopTreeDeatils,aopid,uniqueidentifier
,,vw_GetFirstLevelTreeDetails,AOPFLId,uniqueidentifier
,,vw_GetFirstLevelTreeDetails,Id,uniqueidentifier
,,vw_GetFirstLevelTreeDetails,SkillsetId,uniqueidentifier
,,vw_GetFirstLevelTreeDetails,Skillset,nvarchar
,,vw_GetFirstLevelTreeDetails,GradeId,uniqueidentifier
,,vw_GetFirstLevelTreeDetails,Grade,nvarchar
,,vw_GetFirstLevelTreeDetails,LocationModeId,int
,,vw_GetFirstLevelTreeDetails,LocationMode,nvarchar
,,vw_GetFirstLevelTreeDetails,Location,nvarchar
,,vw_GetFirstLevelTreeDetails,LocationId,uniqueidentifier
,,vw_GetFirstLevelTreeDetails,Vendor,nvarchar
,,vw_GetFirstLevelTreeDetails,VendorId,uniqueidentifier
,,vw_GetFirstLevelTreeDetails,VendorSAPID,int
,,vw_GetFirstLevelTreeDetails,GB,nvarchar
,,vw_GetFirstLevelTreeDetails,GBId,uniqueidentifier
,,vw_GetFirstLevelTreeDetails,VKMPrice,decimal
,,vw_GetFirstLevelTreeDetails,SkillSetType,nvarchar
,,vw_GetFirstLevelTreeDetails,RateCardPrice,decimal
,,vw_GetFirstLevelTreeDetails,NonRateCardPrice,decimal
,,vw_GetFirstLevelTreeDetails,Price,decimal
,,vw_GetFirstLevelTreeDetails,EndingNumber,decimal
,,vw_GetFirstLevelTreeDetails,TotalEquivalentCapacity,decimal
,,vw_GetFirstLevelTreeDetails,TotalProjectedPO,decimal
,,vw_GetFirstLevelTreeDetails,TotalProjectedRevenue,decimal
,,vw_GetFirstLevelTreeDetails,IsImported,bit
,,vw_GetFirstLevelTreeDetails,ordering,int
,,vw_GetFirstLevelTreeDetails,group,nvarchar
,,vw_GetFirstLevelTreeDetails,jan,decimal
,,vw_GetFirstLevelTreeDetails,feb,decimal
,,vw_GetFirstLevelTreeDetails,mar,decimal
,,vw_GetFirstLevelTreeDetails,apr,decimal
,,vw_GetFirstLevelTreeDetails,may,decimal
,,vw_GetFirstLevelTreeDetails,jun,decimal
,,vw_GetFirstLevelTreeDetails,jul,decimal
,,vw_GetFirstLevelTreeDetails,aug,decimal
,,vw_GetFirstLevelTreeDetails,sep,decimal
,,vw_GetFirstLevelTreeDetails,oct,decimal
,,vw_GetFirstLevelTreeDetails,nov,decimal
,,vw_GetFirstLevelTreeDetails,dec,decimal
,,vw_GetFirstLevelTreeDetails,total,decimal
,,vw_GetFirstLevelTreeDetails,status,nvarchar
,,vw_GetFirstLevelTreeDetails,CfCycleYear,int
,,vw_GetFirstLevelTreeDetails,OrganizationUnitId,int
,,vw_GetFirstLevelTreeDetails,OrganizationUnitName,nvarchar
,,vw_GetFirstLevelTreeDetails,PlanningOrgLevel,nvarchar
,,vw_GetFirstLevelTreeDetails,CfCycleName,nvarchar
,,vw_GetFirstLevelTreeDetails,POPlanningLevel,nvarchar
,,vw_GetFlAops,Id,uniqueidentifier
,,vw_GetFlAops,AopId,uniqueidentifier
,,vw_GetFlAops,FLPlanningCode,nvarchar
,,vw_GetFlAops,AOPPlanningCode,nvarchar
,,vw_GetFlAops,CfCycleName,nvarchar
,,vw_GetFlAops,CfCycleYear,int
,,vw_GetFlAops,CfCyclePlanningMonth,nvarchar
,,vw_GetFlAops,PlanningStartDate,datetime
,,vw_GetFlAops,PlanningEndate,datetime
,,vw_GetFlAops,PlanningYearId,nvarchar
,,vw_GetFlAops,CompanyId,uniqueidentifier
,,vw_GetFlAops,OrganizationUnitId,int
,,vw_GetFlAops,OrganizationUnitName,nvarchar
,,vw_GetFlAops,PlanningOrgLevel,nvarchar
,,vw_GetFlAops,ValueIn,nvarchar
,,vw_GetFlAops,CurrencyId,uniqueidentifier
,,vw_GetFlAops,POPlanningLevel,nvarchar
,,vw_GetFlAops,ExchangeRate,decimal
,,vw_GetFlAops,CompanyFullName,nvarchar
,,vw_GetFlAops,CompanyCode,nvarchar
Vendor Management,,vw_GetFlAops,CompanyShortName,nvarchar
Vendor Management,,vw_GetFlAops,Status,nvarchar
Vendor Management,,vw_GetFlAops,CurrencyName,nvarchar
Vendor Management,,vw_GetFlAops,Firstname,nvarchar
Vendor Management,,vw_GetFlAops,Lastname,nvarchar
Vendor Management,,vw_GetFlAops,EmployeeNumber,bigint
Vendor Management,,vw_GetFlAops,Fullname,nvarchar
Vendor Management,,vw_GetFlAops,TotalEquivalentCapacity,decimal
Vendor Management,,vw_GetFlAops,TotalProjectedPO,decimal
Vendor Management,,vw_GetFlAops,TotalProjectedRevenue,decimal
Vendor Management,,vw_GetFlAops,Ntid,varchar
Vendor Management,,vw_GetFlAops,CreatedBy,nvarchar
Vendor Management,,vw_GetFlAops,ModifiedOn,datetimeoffset
Vendor Management,,vw_GetFlAops,ModifiedBy,nvarchar
Vendor Management,,vw_GetFlAops,CreatedOn,datetimeoffset
Vendor Management,,vw_GetFlAops,ActivitySPOCId,int
Vendor Management,,vw_GetFlAops,ChildCount,int
Vendor Management,,vw_GetFlAops,OwnerFirstname,nvarchar
Vendor Management,,vw_GetFlAops,OwnerLastname,nvarchar
Vendor Management,,vw_GetFlAops,OwnerName,nvarchar
Vendor Management,,vw_GetFlAops,OwnerNtid,varchar
Vendor Management,,vw_GetFlAops,OwnerEno,nvarchar
Vendor Management,,vw_GetFlAops,AopStatus,nvarchar
Vendor Management,,vw_GetMyActions,Id,uniqueidentifier
Vendor Management,,vw_GetMyActions,Status,nvarchar
Vendor Management,,vw_GetMyActions,statusID,int
Vendor Management,,vw_GetMyActions,RequestId,nvarchar
Vendor Management,,vw_GetMyActions,ActivitySpocId,nvarchar
Vendor Management,,vw_GetMyActions,CreatedBy,nvarchar
Vendor Management,,vw_GetMyActions,CreatedOn,datetime
Vendor Management,,vw_GetMyActions,Module,varchar
Vendor Management,,vw_GetMyActions,TYPE,nvarchar
Vendor Management,,vw_GetPlanningMyActions,AOPId,uniqueidentifier
Vendor Management,,vw_GetPlanningMyActions,AOPFLId,uniqueidentifier
Vendor Management,,vw_GetPlanningMyActions,AOPSLId,uniqueidentifier
Vendor Management,,vw_GetPlanningMyActions,CfCycleName,nvarchar
Vendor Management,,vw_GetPlanningMyActions,CfCycleYear,int
Vendor Management,,vw_GetPlanningMyActions,PlanningMonth,nvarchar
Vendor Management,,vw_GetPlanningMyActions,PlanningStartDate,datetime
Vendor Management,,vw_GetPlanningMyActions,PlanningEndate,datetime
Vendor Management,,vw_GetPlanningMyActions,Status,nvarchar
Vendor Management,,vw_GetPlanningMyActions,ActivitySpocId,nvarchar
Vendor Management,,vw_GetPlanningMyActions,ModifiedBy,nvarchar
Vendor Management,,vw_GetPlanningMyActions,ModifiedOn,datetime
Vendor Management,,vw_GetPlanningMyActions,Ntid,varchar
Vendor Management,,vw_GetPlanningMyActions,Fullname,nvarchar
Vendor Management,,vw_GetPlanningMyActions,AOPPlanningCode,nvarchar
Vendor Management,,vw_GetPlanningMyActions,Type,varchar
Vendor Management,,vw_GetPlanningPOPlans,POPlanningId,nvarchar
Vendor Management,,vw_GetPlanningPOPlans,PlanningYearID,nvarchar
Vendor Management,,vw_GetPlanningPOPlans,AOPPlanningCode,nvarchar
Vendor Management,,vw_GetPlanningPOPlans,CompanyCode,nvarchar
Vendor Management,,vw_GetPlanningPOPlans,CompanyFullName,nvarchar
Vendor Management,,vw_GetPlanningPOPlans,CompanyShortName,nvarchar
Vendor Management,,vw_GetPlanningPOPlans,CompanyId,uniqueidentifier
Vendor Management,,vw_GetPlanningPOPlans,PlanningYear,int
Vendor Management,,vw_GetPlanningPOPlans,OrganizationUnitId,int
Vendor Management,,vw_GetPlanningPOPlans,OrganizationUnitName,nvarchar
Vendor Management,,vw_GetPlanningPOPlans,PlanningOrgLevel,nvarchar
Vendor Management,,vw_GetPlanningPOPlans,PlanningLevel,varchar
Vendor Management,,vw_GetPlanningPOPlans,UniqueeId,nvarchar
Vendor Management,,vw_GetPlanningPOPlans,OwnerName,nvarchar
Vendor Management,,vw_GetPlanningPOPlans,OwnerNTID,varchar
Vendor Management,,vw_GetPlanningRemarks,Id,uniqueidentifier
Vendor Management,,vw_GetPlanningRemarks,AOPId,uniqueidentifier
Vendor Management,,vw_GetPlanningRemarks,AOPFLId,uniqueidentifier
Vendor Management,,vw_GetPlanningRemarks,AOPSLId,uniqueidentifier
Vendor Management,,vw_GetPlanningRemarks,Description,nvarchar
Vendor Management,,vw_GetPlanningRemarks,Status,nvarchar
Vendor Management,,vw_GetPlanningRemarks,CreatedBy,nvarchar
Vendor Management,,vw_GetPlanningRemarks,CreatedOn,datetimeoffset
Vendor Management,,vw_GetPlanningRemarks,AOPPlanningCode,nvarchar
Vendor Management,,vw_GetPlanningRemarks,FLPlanningCode,nvarchar
Vendor Management,,vw_GetPlanningRemarks,SLPlanningCode,nvarchar
Vendor Management,,vw_GetPlanningRemarks,FullName,nvarchar
Vendor Management,,vw_GetPlanningRemarks,IsDeleted,bit
Vendor Management,,vw_GetResourcePlanningTree,aopid,uniqueidentifier
Vendor Management,,vw_GetResourcePlanningTree,aopflid,uniqueidentifier
Vendor Management,,vw_GetResourcePlanningTree,aopslid,uniqueidentifier
Vendor Management,,vw_GetResourcePlanningTree,Id,uniqueidentifier
Vendor Management,,vw_GetResourcePlanningTree,detailsId,uniqueidentifier
Vendor Management,,vw_GetResourcePlanningTree,SkillsetId,uniqueidentifier
Vendor Management,,vw_GetResourcePlanningTree,Skillset,nvarchar
Vendor Management,,vw_GetResourcePlanningTree,GradeId,uniqueidentifier
Vendor Management,,vw_GetResourcePlanningTree,Grade,nvarchar
Vendor Management,,vw_GetResourcePlanningTree,LocationModeId,int
Vendor Management,,vw_GetResourcePlanningTree,LocationMode,nvarchar
Vendor Management,,vw_GetResourcePlanningTree,LocationId,uniqueidentifier
Vendor Management,,vw_GetResourcePlanningTree,Location,nvarchar
Vendor Management,,vw_GetResourcePlanningTree,Vendor,nvarchar
Vendor Management,,vw_GetResourcePlanningTree,VendorId,uniqueidentifier
Vendor Management,,vw_GetResourcePlanningTree,VendorSAPID,int
Vendor Management,,vw_GetResourcePlanningTree,GB,nvarchar
Vendor Management,,vw_GetResourcePlanningTree,GBId,uniqueidentifier
Vendor Management,,vw_GetResourcePlanningTree,VKMPrice,decimal
Vendor Management,,vw_GetResourcePlanningTree,SkillSetType,nvarchar
Vendor Management,,vw_GetResourcePlanningTree,RateCardPrice,decimal
Vendor Management,,vw_GetResourcePlanningTree,NonRateCardPrice,decimal
Vendor Management,,vw_GetResourcePlanningTree,Price,decimal
Vendor Management,,vw_GetResourcePlanningTree,EndingNumber,decimal
Vendor Management,,vw_GetResourcePlanningTree,TotalEquivalentCapacity,decimal
Vendor Management,,vw_GetResourcePlanningTree,TotalProjectedPO,decimal
Vendor Management,,vw_GetResourcePlanningTree,TotalProjectedRevenue,decimal
Vendor Management,,vw_GetResourcePlanningTree,IsImported,bit
Vendor Management,,vw_GetResourcePlanningTree,OrganizationUnitId,int
Vendor Management,,vw_GetResourcePlanningTree,SlOrganizationUnitName,nvarchar
Vendor Management,,vw_GetResourcePlanningTree,PlanningOrgLevel,nvarchar
Vendor Management,,vw_GetResourcePlanningTree,POPlanningLevel,nvarchar
Vendor Management,,vw_GetResourcePlanningTree,CfCycleYear,int
Vendor Management,,vw_GetResourcePlanningTree,CfCycleName,nvarchar
Vendor Management,,vw_GetResourcePlanningTree,CFCycleId,uniqueidentifier
Vendor Management,,vw_GetResourcePlanningTree,aopStatus,nvarchar
Vendor Management,,vw_GetResourcePlanningTree,Status,nvarchar
Vendor Management,,vw_GetResourcePlanningTree,flpStatus,nvarchar
Vendor Management,,vw_GetResourcePlanningTree,group,nvarchar
Vendor Management,,vw_GetResourcePlanningTree,Ordering,int
Vendor Management,,vw_GetResourcePlanningTree,jan,decimal
Vendor Management,,vw_GetResourcePlanningTree,feb,decimal
Vendor Management,,vw_GetResourcePlanningTree,mar,decimal
Vendor Management,,vw_GetResourcePlanningTree,apr,decimal
Vendor Management,,vw_GetResourcePlanningTree,may,decimal
Vendor Management,,vw_GetResourcePlanningTree,jun,decimal
Vendor Management,,vw_GetResourcePlanningTree,jul,decimal
Vendor Management,,vw_GetResourcePlanningTree,aug,decimal
Vendor Management,,vw_GetResourcePlanningTree,sep,decimal
Vendor Management,,vw_GetResourcePlanningTree,oct,decimal
Vendor Management,,vw_GetResourcePlanningTree,nov,decimal
Vendor Management,,vw_GetResourcePlanningTree,dec,decimal
Vendor Management,,vw_GetResourcePlanningTree,total,decimal
Vendor Management,,vw_GetSlAops,Id,uniqueidentifier
Vendor Management,,vw_GetSlAops,SLPlanningCode,nvarchar
Vendor Management,,vw_GetSlAops,AOPPlanningCode,nvarchar
Vendor Management,,vw_GetSlAops,CfCycleName,nvarchar
Vendor Management,,vw_GetSlAops,CfCycleYear,int
Vendor Management,,vw_GetSlAops,CfCyclePlanningMonth,nvarchar
Vendor Management,,vw_GetSlAops,PlanningStartDate,datetime
Vendor Management,,vw_GetSlAops,PlanningEndDate,datetime
Vendor Management,,vw_GetSlAops,Status,nvarchar
Vendor Management,,vw_GetSlAops,FLPlanningCode,nvarchar
Vendor Management,,vw_GetSlAops,OrganizationUnitId,int
Vendor Management,,vw_GetSlAops,OrganizationUnitName,nvarchar
Vendor Management,,vw_GetSlAops,PlanningOrgLevel,nvarchar
Vendor Management,,vw_GetSlAops,FlId,uniqueidentifier
Vendor Management,,vw_GetSlAops,ValueIn,nvarchar
Vendor Management,,vw_GetSlAops,CompanyId,uniqueidentifier
Vendor Management,,vw_GetSlAops,POPlanningLevel,nvarchar
Vendor Management,,vw_GetSlAops,ExchangeRate,decimal
Vendor Management,,vw_GetSlAops,PlanningYearId,nvarchar
Vendor Management,,vw_GetSlAops,CompanyCode,nvarchar
Vendor Management,,vw_GetSlAops,CompanyShortName,nvarchar
Vendor Management,,vw_GetSlAops,CompanyFullName,nvarchar
Vendor Management,,vw_GetSlAops,CurrencyName,nvarchar
Vendor Management,,vw_GetSlAops,EmployeeNumber,bigint
Vendor Management,,vw_GetSlAops,TotalEquivalentCapacity,decimal
Vendor Management,,vw_GetSlAops,TotalProjectedPO,decimal
Vendor Management,,vw_GetSlAops,TotalProjectedRevenue,decimal
Vendor Management,,vw_GetSlAops,ModifiedBy,nvarchar
Vendor Management,,vw_GetSlAops,ModifiedOn,datetimeoffset
Vendor Management,,vw_GetSlAops,aopid,uniqueidentifier
Vendor Management,,vw_GetSlAops,BusinessUnit,nvarchar
Vendor Management,,vw_GetSlAops,CreatedBy,nvarchar
Vendor Management,,vw_GetSlAops,CreatedOn,datetimeoffset
Vendor Management,,vw_GetSlAops,FinalApprovalActivitySPOCId,nvarchar
Vendor Management,,vw_GetSlAops,FinalApprovalFirstname,nvarchar
Vendor Management,,vw_GetSlAops,FinalApprovalLastname,nvarchar
Vendor Management,,vw_GetSlAops,FinalApprovalFullName,nvarchar
Vendor Management,,vw_GetSlAops,FinalApprovalNtid,varchar
Vendor Management,,vw_GetSlAops,ActivitySPOCId,nvarchar
Vendor Management,,vw_GetSlAops,Firstname,nvarchar
Vendor Management,,vw_GetSlAops,Lastname,nvarchar
Vendor Management,,vw_GetSlAops,Fullname,nvarchar
Vendor Management,,vw_GetSlAops,Ntid,varchar
Vendor Management,,vw_GetSlAops,OwnerName,nvarchar
Vendor Management,,vw_GetSlAops,OwnerNtid,varchar
Vendor Management,,vw_GetSlAops,OwnerEno,nvarchar
Vendor Management,,vw_GetSlAops,AopStatus,nvarchar
Vendor Management,,vw_Groups,GroupId,int
Vendor Management,,vw_Groups,GroupName,nvarchar
Vendor Management,,vw_KeyFiguresKPIs,module,varchar
Vendor Management,,vw_KeyFiguresKPIs,created,int
Vendor Management,,vw_KeyFiguresKPIs,migrated,int
Vendor Management,,vw_KeyFiguresKPIs,total,int
Vendor Management,,vw_MasterAccessoriesSPOC,Id,uniqueidentifier
Vendor Management,,vw_MasterAccessoriesSPOC,CompanyId,uniqueidentifier
Vendor Management,,vw_MasterAccessoriesSPOC,CompanyCode,nvarchar
Vendor Management,,vw_MasterAccessoriesSPOC,ShortName,nvarchar
Vendor Management,,vw_MasterAccessoriesSPOC,CompanyName,nvarchar
Vendor Management,,vw_MasterAccessoriesSPOC,PlantId,uniqueidentifier
Vendor Management,,vw_MasterAccessoriesSPOC,PlantCode,nvarchar
Vendor Management,,vw_MasterAccessoriesSPOC,PlantName,nvarchar
Vendor Management,,vw_MasterAccessoriesSPOC,SpocName,nvarchar
Vendor Management,,vw_MasterAccessoriesSPOC,SpocEmployeeNumber,nvarchar
Vendor Management,,vw_MasterAccessoriesSPOC,SpocFullName,nvarchar
Vendor Management,,vw_MasterAccessoriesSPOC,SpocNTID,varchar
Vendor Management,,vw_MasterAccessoriesSPOC,Email,nvarchar
Vendor Management,,vw_MasterAccessoriesSPOC,ValidityStart,datetime
Vendor Management,,vw_MasterAccessoriesSPOC,ValidityEnd,datetime
Vendor Management,,vw_MasterAccessoriesSPOC,CreatedOn,datetimeoffset
Vendor Management,,vw_MasterAccessoriesSPOC,CreatedBy,nvarchar
Vendor Management,,vw_MasterAccessoriesSPOC,ModifiedOn,datetimeoffset
Vendor Management,,vw_MasterAccessoriesSPOC,ModifiedBy,nvarchar
Vendor Management,,vw_MasterAssetSPOC,Id,uniqueidentifier
Vendor Management,,vw_MasterAssetSPOC,CompanyId,uniqueidentifier
Vendor Management,,vw_MasterAssetSPOC,CompanyCode,nvarchar
Vendor Management,,vw_MasterAssetSPOC,ShortName,nvarchar
Vendor Management,,vw_MasterAssetSPOC,CompanyName,nvarchar
Vendor Management,,vw_MasterAssetSPOC,PlantId,uniqueidentifier
Vendor Management,,vw_MasterAssetSPOC,PlantCode,nvarchar
Vendor Management,,vw_MasterAssetSPOC,PlantName,nvarchar
Vendor Management,,vw_MasterAssetSPOC,SpocName,nvarchar
Vendor Management,,vw_MasterAssetSPOC,SpocEmployeeNumber,nvarchar
Vendor Management,,vw_MasterAssetSPOC,SpocFullName,nvarchar
Vendor Management,,vw_MasterAssetSPOC,SpocNTID,varchar
Vendor Management,,vw_MasterAssetSPOC,Email,nvarchar
Vendor Management,,vw_MasterAssetSPOC,ValidityStart,datetime
Vendor Management,,vw_MasterAssetSPOC,ValidityEnd,datetime
Vendor Management,,vw_MasterAssetSPOC,CreatedOn,datetimeoffset
Vendor Management,,vw_MasterAssetSPOC,CreatedBy,nvarchar
Vendor Management,,vw_MasterAssetSPOC,ModifiedOn,datetimeoffset
Vendor Management,,vw_MasterAssetSPOC,ModifiedBy,nvarchar
Vendor Management,,vw_MasterBillingPeriod,CompanyCode,nvarchar
Vendor Management,,vw_MasterBillingPeriod,BillingPeriodMonth,nvarchar
Vendor Management,,vw_MasterBillingPeriod,ValidityStart,datetime
Vendor Management,,vw_MasterBillingPeriod,ValidityEnd,datetime
Vendor Management,,vw_MasterBillingPeriod,PeriodId,int
Vendor Management,,vw_MasterBillingPeriod,PeriodStart,datetime
Vendor Management,,vw_MasterBillingPeriod,PeriodEnd,datetime
Vendor Management,,vw_MasterBillingPeriod,StandardDays,int
Vendor Management,,vw_MasterBillingPeriod,StandardHours,int
Vendor Management,,vw_MasterBillingPeriod,PeriodOwner,nvarchar
Vendor Management,,vw_MasterBillingPeriod,OwnerName,nvarchar
Vendor Management,,vw_MasterBillingPeriod,ApproveStatus,nvarchar
Vendor Management,,vw_MasterBillingPeriod,ApprovalStatus,nvarchar
Vendor Management,,vw_MasterBillingPeriod,ApprovalEno,nvarchar
Vendor Management,,vw_MasterBillingPeriod,ApproverENo,nvarchar
Vendor Management,,vw_MasterBillingPeriod,ApprovalName,nvarchar
Vendor Management,,vw_MasterBillingPeriod,ApproverName,nvarchar
Vendor Management,,vw_MasterBillingPeriod,ApprovalNtid,varchar
Vendor Management,,vw_MasterBillingPeriod,ApproverNTID,varchar
Vendor Management,,vw_MasterBillingPeriod,ApprovedBy,nvarchar
Vendor Management,,vw_MasterBillingPeriod,ActionedBy,nvarchar
Vendor Management,,vw_MasterBillingPeriod,ActionedOn,datetime
Vendor Management,,vw_MasterBillingPeriod,ApprovedDate,datetime
Vendor Management,,vw_MasterBillingPeriod,Remark,nvarchar
Vendor Management,,vw_MasterBillingPeriod,CreatedOn,datetimeoffset
Vendor Management,,vw_MasterBillingPeriod,CreatedBy,nvarchar
Vendor Management,,vw_MasterBillingPeriod,ModifiedOn,datetimeoffset
Vendor Management,,vw_MasterBillingPeriod,ModifiedBy,nvarchar
Vendor Management,,vw_MasterBillingPeriod,Id,uniqueidentifier
Vendor Management,,vw_MasterBillingPeriod,CompanyId,uniqueidentifier
Vendor Management,,vw_MasterBillingPeriod,BillingMonth,nvarchar
Vendor Management,,vw_MasterBillingPeriod,OTRatio,decimal
Vendor Management,,vw_MasterBillingPeriod,WorkingDays,decimal
Vendor Management,,vw_MasterBillingPeriod,WorkingHours,int
Vendor Management,,vw_MasterBillingPeriod,BillingPeriodYear,varchar
Vendor Management,,vw_MasterBillingPeriod,BillingYetToStart,varchar
Vendor Management,,vw_MasterBillingPeriod,BillingCompleted,varchar
Vendor Management,,vw_MasterBillingPeriod,IsBillingCompleted,int
Vendor Management,,vw_MasterBillingPeriod,IsBillingYetToStart,int
Vendor Management,,vw_MasterBillingPeriod,BillingStatus,nvarchar
Vendor Management,,vw_MasterBillingPeriod,ODCBilling,nvarchar
Vendor Management,,vw_MasterBillingPeriod,SectionSpocApproval,nvarchar
Vendor Management,,vw_MasterBoschOh,CompanyId,uniqueidentifier
Vendor Management,,vw_MasterBoschOh,CompanyCode,nvarchar
Vendor Management,,vw_MasterBoschOh,BUName,nvarchar
Vendor Management,,vw_MasterBoschOh,Location,nvarchar
Vendor Management,,vw_MasterBoschOh,CostDifference,decimal
Vendor Management,,vw_MasterBoschOh,Currency,nvarchar
Vendor Management,,vw_MasterBoschOh,PlantCurrency,uniqueidentifier
Vendor Management,,vw_MasterBoschOh,ValidityStart,datetime
Vendor Management,,vw_MasterBoschOh,ValidityEnd,datetime
Vendor Management,,vw_MasterBoschOh,ApproveStatus,nvarchar
Vendor Management,,vw_MasterBoschOh,ApprovalStatus,nvarchar
Vendor Management,,vw_MasterBoschOh,ApprovalEno,nvarchar
Vendor Management,,vw_MasterBoschOh,ApproverENo,nvarchar
Vendor Management,,vw_MasterBoschOh,ApprovalName,nvarchar
Vendor Management,,vw_MasterBoschOh,ApproverName,nvarchar
Vendor Management,,vw_MasterBoschOh,ApprovalNtid,varchar
Vendor Management,,vw_MasterBoschOh,ApproverNTID,varchar
Vendor Management,,vw_MasterBoschOh,ApprovedBy,nvarchar
Vendor Management,,vw_MasterBoschOh,ActionedBy,nvarchar
Vendor Management,,vw_MasterBoschOh,ApprovedDate,datetime
Vendor Management,,vw_MasterBoschOh,ActionedOn,datetime
Vendor Management,,vw_MasterBoschOh,Remark,nvarchar
Vendor Management,,vw_MasterBoschOh,CreatedOn,datetimeoffset
Vendor Management,,vw_MasterBoschOh,CreatedBy,nvarchar
Vendor Management,,vw_MasterBoschOh,ModifiedOn,datetimeoffset
Vendor Management,,vw_MasterBoschOh,ModifiedBy,nvarchar
Vendor Management,,vw_MasterBoschOh,Id,uniqueidentifier
Vendor Management,,vw_MasterBoschOh,BusinessUnit,nvarchar
Vendor Management,,vw_MasterBoschOh,LocationMode,nvarchar
Vendor Management,,vw_MasterBoschRateCard,CompanyCode,nvarchar
Vendor Management,,vw_MasterBoschRateCard,CompanyShortName,nvarchar
Vendor Management,,vw_MasterBoschRateCard,Currency,nvarchar
Vendor Management,,vw_MasterBoschRateCard,SkillsetName,nvarchar
Vendor Management,,vw_MasterBoschRateCard,Grade0,decimal
Vendor Management,,vw_MasterBoschRateCard,Grade1,decimal
Vendor Management,,vw_MasterBoschRateCard,Grade2,decimal
Vendor Management,,vw_MasterBoschRateCard,Grade3,decimal
Vendor Management,,vw_MasterBoschRateCard,Grade4,decimal
Vendor Management,,vw_MasterBoschRateCard,ValidityStart,datetime
Vendor Management,,vw_MasterBoschRateCard,ValidityEnd,datetime
Vendor Management,,vw_MasterBoschRateCard,Remark,nvarchar
Vendor Management,,vw_MasterBoschRateCard,ApprovedBy,nvarchar
Vendor Management,,vw_MasterBoschRateCard,ActionedBy,nvarchar
Vendor Management,,vw_MasterBoschRateCard,ApprovedDate,datetime
Vendor Management,,vw_MasterBoschRateCard,ActionedOn,datetime
Vendor Management,,vw_MasterBoschRateCard,ApproveStatus,nvarchar
Vendor Management,,vw_MasterBoschRateCard,ApprovalStatus,nvarchar
Vendor Management,,vw_MasterBoschRateCard,ApprovalEno,nvarchar
Vendor Management,,vw_MasterBoschRateCard,ApproverENo,nvarchar
Vendor Management,,vw_MasterBoschRateCard,ApprovalName,nvarchar
Vendor Management,,vw_MasterBoschRateCard,ApproverName,nvarchar
Vendor Management,,vw_MasterBoschRateCard,ApprovalNtid,varchar
Vendor Management,,vw_MasterBoschRateCard,ApproverNTID,varchar
Vendor Management,,vw_MasterBoschRateCard,CreatedBy,nvarchar
Vendor Management,,vw_MasterBoschRateCard,ModifiedOn,datetimeoffset
Vendor Management,,vw_MasterBoschRateCard,ModifiedBy,nvarchar
Vendor Management,,vw_MasterBoschRateCard,Id,uniqueidentifier
Vendor Management,,vw_MasterBoschRateCard,SkillsetId,uniqueidentifier
Vendor Management,,vw_MasterBoschRateCard,CompanyId,uniqueidentifier
Vendor Management,,vw_MasterBoschRateCard,CreatedOn,datetimeoffset
Vendor Management,,vw_MasterBoschRateCard,CurrencyId,uniqueidentifier
Vendor Management,,vw_MasterBoschRateCard,PlantCurrency,uniqueidentifier
Vendor Management,,vw_MasterBoschRateCardPivot,skillsetId,uniqueidentifier
Vendor Management,,vw_MasterBoschRateCardPivot,GradeId,uniqueidentifier
Vendor Management,,vw_MasterBoschRateCardPivot,GradePrice,decimal
Vendor Management,,vw_MasterBoschRateCardPivot,GradeType,nvarchar
Vendor Management,,vw_MasterBoschRateCardPivot,SkillType,varchar
Vendor Management,,vw_MasterBuHot,BuId,bigint
Vendor Management,,vw_MasterBuHot,BUName,nvarchar
Vendor Management,,vw_MasterBuHot,HotName,nvarchar
Vendor Management,,vw_MasterBuHot,HotFullName,nvarchar
Vendor Management,,vw_MasterBuHot,Ntid,varchar
Vendor Management,,vw_MasterBuHot,HotNTID,varchar
Vendor Management,,vw_MasterBuHot,Email,nvarchar
Vendor Management,,vw_MasterBuHot,ValidityStart,datetime
Vendor Management,,vw_MasterBuHot,ValidityEnd,datetime
Vendor Management,,vw_MasterBuHot,ActiveStatus,varchar
Vendor Management,,vw_MasterBuHot,ApprovalEno,nvarchar
Vendor Management,,vw_MasterBuHot,ApproverENo,nvarchar
Vendor Management,,vw_MasterBuHot,ApprovalName,nvarchar
Vendor Management,,vw_MasterBuHot,ApproverName,nvarchar
Vendor Management,,vw_MasterBuHot,ApprovalNtid,varchar
Vendor Management,,vw_MasterBuHot,ApproverNTID,varchar
Vendor Management,,vw_MasterBuHot,ApproveStatus,nvarchar
Vendor Management,,vw_MasterBuHot,ApprovalStatus,nvarchar
Vendor Management,,vw_MasterBuHot,ApprovedBy,nvarchar
Vendor Management,,vw_MasterBuHot,ActionedBy,nvarchar
Vendor Management,,vw_MasterBuHot,ApprovedDate,datetime
Vendor Management,,vw_MasterBuHot,ActionedOn,datetime
Vendor Management,,vw_MasterBuHot,Remark,nvarchar
Vendor Management,,vw_MasterBuHot,CreatedOn,datetimeoffset
Vendor Management,,vw_MasterBuHot,CreatedBy,nvarchar
Vendor Management,,vw_MasterBuHot,ModifiedOn,datetimeoffset
Vendor Management,,vw_MasterBuHot,ModifiedBy,nvarchar
Vendor Management,,vw_MasterBuHot,Id,uniqueidentifier
Vendor Management,,vw_MasterBuHot,IsActive,bit
Vendor Management,,vw_MasterBuHot,CompanyId,uniqueidentifier
Vendor Management,,vw_MasterBuHot,CompanyCode,nvarchar
Vendor Management,,vw_MasterBuHot,CompanyShortName,nvarchar
Vendor Management,,vw_MasterBuHot,CompanyFullName,nvarchar
Vendor Management,,vw_MasterBuSPOC,BuId,bigint
Vendor Management,,vw_MasterBuSPOC,BUName,nvarchar
Vendor Management,,vw_MasterBuSPOC,SpocName,nvarchar
Vendor Management,,vw_MasterBuSPOC,SpocFullName,nvarchar
Vendor Management,,vw_MasterBuSPOC,Ntid,varchar
Vendor Management,,vw_MasterBuSPOC,SpocNTID,varchar
Vendor Management,,vw_MasterBuSPOC,Email,nvarchar
Vendor Management,,vw_MasterBuSPOC,ValidityStart,datetime
Vendor Management,,vw_MasterBuSPOC,ValidityEnd,datetime
Vendor Management,,vw_MasterBuSPOC,ActiveStatus,varchar
Vendor Management,,vw_MasterBuSPOC,ApproveStatus,nvarchar
Vendor Management,,vw_MasterBuSPOC,ApprovalStatus,nvarchar
Vendor Management,,vw_MasterBuSPOC,ApprovalEno,nvarchar
Vendor Management,,vw_MasterBuSPOC,ApproverENo,nvarchar
Vendor Management,,vw_MasterBuSPOC,ApprovalName,nvarchar
Vendor Management,,vw_MasterBuSPOC,ApproverName,nvarchar
Vendor Management,,vw_MasterBuSPOC,ApprovalNtid,varchar
Vendor Management,,vw_MasterBuSPOC,ApproverNTID,varchar
Vendor Management,,vw_MasterBuSPOC,ApprovedBy,nvarchar
Vendor Management,,vw_MasterBuSPOC,ActionedBy,nvarchar
Vendor Management,,vw_MasterBuSPOC,ApprovedDate,datetime
Vendor Management,,vw_MasterBuSPOC,ActionedOn,datetime
Vendor Management,,vw_MasterBuSPOC,Remark,nvarchar
Vendor Management,,vw_MasterBuSPOC,CreatedOn,datetimeoffset
Vendor Management,,vw_MasterBuSPOC,CreatedBy,nvarchar
Vendor Management,,vw_MasterBuSPOC,ModifiedOn,datetimeoffset
Vendor Management,,vw_MasterBuSPOC,ModifiedBy,nvarchar
Vendor Management,,vw_MasterBuSPOC,Id,uniqueidentifier
Vendor Management,,vw_MasterBuSPOC,IsActive,bit
Vendor Management,,vw_MasterBuSPOC,CompanyId,uniqueidentifier
Vendor Management,,vw_MasterBuSPOC,CompanyCode,nvarchar
Vendor Management,,vw_MasterBuSPOC,CompanyShortName,nvarchar
Vendor Management,,vw_MasterBuSPOC,CompanyFullName,nvarchar
Vendor Management,,vw_MasterCfCycle,CfCycleName,nvarchar
Vendor Management,,vw_MasterCfCycle,CompanyCode,nvarchar
Vendor Management,,vw_MasterCfCycle,CfCycleYear,int
Vendor Management,,vw_MasterCfCycle,PlanningYearId,nvarchar
Vendor Management,,vw_MasterCfCycle,CfCyclePlanningMonth,nvarchar
Vendor Management,,vw_MasterCfCycle,CFCyclePlanningStartDate,datetime
Vendor Management,,vw_MasterCfCycle,CFCyclePlanningEndate,datetime
Vendor Management,,vw_MasterCfCycle,CompanyFullName,nvarchar
Vendor Management,,vw_MasterCfCycle,CreatedOn,datetimeoffset
Vendor Management,,vw_MasterCfCycle,CreatedBy,nvarchar
Vendor Management,,vw_MasterCfCycle,ModifiedOn,datetimeoffset
Vendor Management,,vw_MasterCfCycle,ModifiedBy,nvarchar
Vendor Management,,vw_MasterCfCycle,CompanyId,uniqueidentifier
Vendor Management,,vw_MasterCfCycle,Id,uniqueidentifier
Vendor Management,,vw_MasterCfCyclePlanning,CfCycleName,nvarchar
Vendor Management,,vw_MasterCfCyclePlanning,PlanningYearId,nvarchar
Vendor Management,,vw_MasterCfCyclePlanning,CompanyCode,nvarchar
Vendor Management,,vw_MasterCfCyclePlanning,CfCyclePlanningMonth,nvarchar
Vendor Management,,vw_MasterCfCyclePlanning,CompanyFullName,nvarchar
Vendor Management,,vw_MasterCfCyclePlanning,Currency,nvarchar
Vendor Management,,vw_MasterCfCyclePlanning,CfCycleYear,int
Vendor Management,,vw_MasterCfCyclePlanning,PlanningStartDate,datetime
Vendor Management,,vw_MasterCfCyclePlanning,PlanningEndate,datetime
Vendor Management,,vw_MasterCfCyclePlanning,Status,nvarchar
Vendor Management,,vw_MasterCfCyclePlanning,CreatedOn,datetimeoffset
Vendor Management,,vw_MasterCfCyclePlanning,CreatedBy,nvarchar
Vendor Management,,vw_MasterCfCyclePlanning,ModifiedOn,datetimeoffset
Vendor Management,,vw_MasterCfCyclePlanning,ModifiedBy,nvarchar
Vendor Management,,vw_MasterCfCyclePlanning,CompanyId,uniqueidentifier
Vendor Management,,vw_MasterCfCyclePlanning,Id,uniqueidentifier
Vendor Management,,vw_MasterCfCyclePlanning,Remark,nvarchar
Vendor Management,,vw_MasterCompanies,CompanyCode,nvarchar
Vendor Management,,vw_MasterCompanies,Name,nvarchar
Vendor Management,,vw_MasterCompanies,ShortName,nvarchar
Vendor Management,,vw_MasterCompanies,AddressStreet,nvarchar
Vendor Management,,vw_MasterCompanies,City,nvarchar
Vendor Management,,vw_MasterCompanies,Region,nvarchar
Vendor Management,,vw_MasterCompanies,PostalCode,nvarchar
Vendor Management,,vw_MasterCompanies,Country,nvarchar
Vendor Management,,vw_MasterCompanies,CurrencyName,nvarchar
Vendor Management,,vw_MasterCompanies,Currency,nvarchar
Vendor Management,,vw_MasterCompanies,ActiveStatus,varchar
Vendor Management,,vw_MasterCompanies,CreatedOn,datetimeoffset
Vendor Management,,vw_MasterCompanies,CreatedBy,nvarchar
Vendor Management,,vw_MasterCompanies,ModifiedOn,datetimeoffset
Vendor Management,,vw_MasterCompanies,ModifiedBy,nvarchar
Vendor Management,,vw_MasterCompanies,Id,uniqueidentifier
Vendor Management,,vw_MasterCompanies,CompanyCurrencyId,uniqueidentifier
Vendor Management,,vw_MasterCompanies,Category,nvarchar
Vendor Management,,vw_MasterCompleteECLSPOC,Id,uniqueidentifier
Vendor Management,,vw_MasterCompleteECLSPOC,CompanyId,uniqueidentifier
Vendor Management,,vw_MasterCompleteECLSPOC,CompanyCode,nvarchar
Vendor Management,,vw_MasterCompleteECLSPOC,ShortName,nvarchar
Vendor Management,,vw_MasterCompleteECLSPOC,CompanyName,nvarchar
Vendor Management,,vw_MasterCompleteECLSPOC,PlantId,uniqueidentifier
Vendor Management,,vw_MasterCompleteECLSPOC,PlantCode,nvarchar
Vendor Management,,vw_MasterCompleteECLSPOC,PlantName,nvarchar
Vendor Management,,vw_MasterCompleteECLSPOC,SpocName,nvarchar
Vendor Management,,vw_MasterCompleteECLSPOC,SpocEmployeeNumber,nvarchar
Vendor Management,,vw_MasterCompleteECLSPOC,SpocFullName,nvarchar
Vendor Management,,vw_MasterCompleteECLSPOC,SpocNTID,varchar
Vendor Management,,vw_MasterCompleteECLSPOC,Email,nvarchar
Vendor Management,,vw_MasterCompleteECLSPOC,ValidityStart,datetime
Vendor Management,,vw_MasterCompleteECLSPOC,ValidityEnd,datetime
Vendor Management,,vw_MasterCompleteECLSPOC,CreatedOn,datetimeoffset
Vendor Management,,vw_MasterCompleteECLSPOC,CreatedBy,nvarchar
Vendor Management,,vw_MasterCompleteECLSPOC,ModifiedOn,datetimeoffset
Vendor Management,,vw_MasterCompleteECLSPOC,ModifiedBy,nvarchar
Vendor Management,,vw_MasterCostCenter,Id,uniqueidentifier
Vendor Management,,vw_MasterCostCenter,ControllingArea,nvarchar
Vendor Management,,vw_MasterCostCenter,CostCenter,nvarchar
Vendor Management,,vw_MasterCostCenter,Name,nvarchar
Vendor Management,,vw_MasterCostCenter,Description,nvarchar
Vendor Management,,vw_MasterCostCenter,BusinessArea,nvarchar
Vendor Management,,vw_MasterCostCenter,CompanyID,uniqueidentifier
Vendor Management,,vw_MasterCostCenter,CompanyCode,nvarchar
Vendor Management,,vw_MasterCostCenter,DepartmentId,int
Vendor Management,,vw_MasterCostCenter,Department,nvarchar
Vendor Management,,vw_MasterCostCenter,SAPCreatedOn,datetime
Vendor Management,,vw_MasterCostCenter,ValidFrom,datetime2
Vendor Management,,vw_MasterCostCenter,ValidTo,datetime2
Vendor Management,,vw_MasterCostCenter,CreatedOn,datetimeoffset
Vendor Management,,vw_MasterCostCenter,CreatedBy,nvarchar
Vendor Management,,vw_MasterCostCenter,ModifiedOn,datetimeoffset
Vendor Management,,vw_MasterCostCenter,ModifiedBy,nvarchar
Vendor Management,,vw_MasterDeboardingSPOC,Id,uniqueidentifier
Vendor Management,,vw_MasterDeboardingSPOC,CompanyId,uniqueidentifier
Vendor Management,,vw_MasterDeboardingSPOC,CompanyCode,nvarchar
Vendor Management,,vw_MasterDeboardingSPOC,ShortName,nvarchar
Vendor Management,,vw_MasterDeboardingSPOC,CompanyName,nvarchar
Vendor Management,,vw_MasterDeboardingSPOC,PlantId,uniqueidentifier
Vendor Management,,vw_MasterDeboardingSPOC,PlantCode,nvarchar
Vendor Management,,vw_MasterDeboardingSPOC,PlantName,nvarchar
Vendor Management,,vw_MasterDeboardingSPOC,SpocName,nvarchar
Vendor Management,,vw_MasterDeboardingSPOC,SpocEmployeeNumber,nvarchar
Vendor Management,,vw_MasterDeboardingSPOC,SpocFullName,nvarchar
Vendor Management,,vw_MasterDeboardingSPOC,SpocNTID,varchar
Vendor Management,,vw_MasterDeboardingSPOC,Email,nvarchar
Vendor Management,,vw_MasterDeboardingSPOC,ValidityStart,datetime
Vendor Management,,vw_MasterDeboardingSPOC,ValidityEnd,datetime
Vendor Management,,vw_MasterDeboardingSPOC,CreatedOn,datetimeoffset
Vendor Management,,vw_MasterDeboardingSPOC,CreatedBy,nvarchar
Vendor Management,,vw_MasterDeboardingSPOC,ModifiedOn,datetimeoffset
Vendor Management,,vw_MasterDeboardingSPOC,ModifiedBy,nvarchar
Vendor Management,,vw_MasterDepartmentSPOC,DepartmentId,bigint
Vendor Management,,vw_MasterDepartmentSPOC,DepartmentName,nvarchar
Vendor Management,,vw_MasterDepartmentSPOC,Fullname,nvarchar
Vendor Management,,vw_MasterDepartmentSPOC,Ntid,varchar
Vendor Management,,vw_MasterDepartmentSPOC,SpocNTID,varchar
Vendor Management,,vw_MasterDepartmentSPOC,ValidityStart,datetime
Vendor Management,,vw_MasterDepartmentSPOC,ValidityEnd,datetime
Vendor Management,,vw_MasterDepartmentSPOC,SecretaryEno,nvarchar
Vendor Management,,vw_MasterDepartmentSPOC,SecretaryEmail,nvarchar
Vendor Management,,vw_MasterDepartmentSPOC,ActiveStatus,varchar
Vendor Management,,vw_MasterDepartmentSPOC,IsActive,bit
Vendor Management,,vw_MasterDepartmentSPOC,CreatedOn,datetimeoffset
Vendor Management,,vw_MasterDepartmentSPOC,CreatedBy,nvarchar
Vendor Management,,vw_MasterDepartmentSPOC,ModifiedOn,datetimeoffset
Vendor Management,,vw_MasterDepartmentSPOC,ModifiedBy,nvarchar
Vendor Management,,vw_MasterDepartmentSPOC,Id,uniqueidentifier
Vendor Management,,vw_MasterDepartmentSPOC,SpocName,nvarchar
Vendor Management,,vw_MasterDepartmentSPOC,CompanyId,uniqueidentifier
Vendor Management,,vw_MasterDepartmentSPOC,CompanyCode,nvarchar
Vendor Management,,vw_MasterDepartmentSPOC,CompanyShortName,nvarchar
Vendor Management,,vw_MasterDepartmentSPOC,CompanyFullName,nvarchar
Vendor Management,,vw_MasterEmployeeCardSPOC,Id,uniqueidentifier
Vendor Management,,vw_MasterEmployeeCardSPOC,CompanyId,uniqueidentifier
Vendor Management,,vw_MasterEmployeeCardSPOC,CompanyCode,nvarchar
Vendor Management,,vw_MasterEmployeeCardSPOC,ShortName,nvarchar
Vendor Management,,vw_MasterEmployeeCardSPOC,CompanyName,nvarchar
Vendor Management,,vw_MasterEmployeeCardSPOC,PlantId,uniqueidentifier
Vendor Management,,vw_MasterEmployeeCardSPOC,PlantCode,nvarchar
Vendor Management,,vw_MasterEmployeeCardSPOC,PlantName,nvarchar
Vendor Management,,vw_MasterEmployeeCardSPOC,SpocName,nvarchar
Vendor Management,,vw_MasterEmployeeCardSPOC,SpocEmployeeNumber,nvarchar
Vendor Management,,vw_MasterEmployeeCardSPOC,SpocFullName,nvarchar
Vendor Management,,vw_MasterEmployeeCardSPOC,SpocNTID,varchar
Vendor Management,,vw_MasterEmployeeCardSPOC,Email,nvarchar
Vendor Management,,vw_MasterEmployeeCardSPOC,ValidityStart,datetime
Vendor Management,,vw_MasterEmployeeCardSPOC,ValidityEnd,datetime
Vendor Management,,vw_MasterEmployeeCardSPOC,CreatedOn,datetimeoffset
Vendor Management,,vw_MasterEmployeeCardSPOC,CreatedBy,nvarchar
Vendor Management,,vw_MasterEmployeeCardSPOC,ModifiedOn,datetimeoffset
Vendor Management,,vw_MasterEmployeeCardSPOC,ModifiedBy,nvarchar
Vendor Management,,vw_MasterEmployeeCardSPOCResourceMasterData,PlantId,uniqueidentifier
Vendor Management,,vw_MasterEmployeeCardSPOCResourceMasterData,Email,nvarchar
Vendor Management,,vw_MasterEmployeeCardSPOCResourceMasterData,ValidityStart,datetime
Vendor Management,,vw_MasterEmployeeCardSPOCResourceMasterData,ValidityEnd,datetime
Vendor Management,Resource Management,vw_MasterEmployees,CompanyCode,nvarchar
Vendor Management,Resource Management,vw_MasterEmployees,CompanyShortName,nvarchar
Vendor Management,Resource Management,vw_MasterEmployees,EmployeeNumber,bigint
Vendor Management,Resource Management,vw_MasterEmployees,GlobalId,nvarchar
Vendor Management,Resource Management,vw_MasterEmployees,Firstname,nvarchar
Vendor Management,Resource Management,vw_MasterEmployees,Lastname,nvarchar
Vendor Management,Resource Management,vw_MasterEmployees,Fullname,nvarchar
Vendor Management,Resource Management,vw_MasterEmployees,EmploymentStatus,nvarchar
Vendor Management,Resource Management,vw_MasterEmployees,EmployeeGroup,varchar
Vendor Management,Resource Management,vw_MasterEmployees,EmployeeSubGroup,nvarchar
Vendor Management,Resource Management,vw_MasterEmployees,BusinessArea,nvarchar
Vendor Management,Resource Management,vw_MasterEmployees,PersonnelArea,nvarchar
Vendor Management,Resource Management,vw_MasterEmployees,PersonnelSubArea,nvarchar
Vendor Management,Resource Management,vw_MasterEmployees,OrganizationalUnit,nvarchar
Vendor Management,Resource Management,vw_MasterEmployees,Name,nvarchar
Vendor Management,Resource Management,vw_MasterEmployees,GenderKey,char
Vendor Management,Resource Management,vw_MasterEmployees,DateOfJoining,datetime2
Vendor Management,Resource Management,vw_MasterEmployees,ContEnd,datetime2
Vendor Management,Resource Management,vw_MasterEmployees,Salarylevel,nvarchar
Vendor Management,Resource Management,vw_MasterEmployees,ActiveStatus,varchar
Vendor Management,Resource Management,vw_MasterEmployees,Position,varchar
Vendor Management,Resource Management,vw_MasterEmployees,DateofLeaving,datetime2
Vendor Management,Resource Management,vw_MasterEmployees,Ntid,varchar
Vendor Management,Resource Management,vw_MasterEmployees,OrganizationName,nvarchar
Vendor Management,Resource Management,vw_MasterEmployees,EmailOfficial,nvarchar
Vendor Management,Resource Management,vw_MasterEmployees,ActionType,nvarchar
Vendor Management,Resource Management,vw_MasterEmployees,ReasonforAction,nvarchar
Vendor Management,Resource Management,vw_MasterEmployees,Changedby,nvarchar
Vendor Management,Resource Management,vw_MasterEmployees,StartDate,datetime2
Vendor Management,Resource Management,vw_MasterEmployees,HRLocal,nvarchar
Vendor Management,Resource Management,vw_MasterEmployees,HRBPGlobalEmployeeID,nvarchar
Vendor Management,Resource Management,vw_MasterEmployees,PersAdmin,nvarchar
Vendor Management,Resource Management,vw_MasterEmployees,CountryofBirth,nvarchar
Vendor Management,Resource Management,vw_MasterEmployees,Nationality,nvarchar
Vendor Management,Resource Management,vw_MasterEmployees,AddressType,nvarchar
Vendor Management,Resource Management,vw_MasterEmployees,StreetandHouseNo,nvarchar
Vendor Management,Resource Management,vw_MasterEmployees,PostalCode,nvarchar
Vendor Management,Resource Management,vw_MasterEmployees,District,nvarchar
Vendor Management,Resource Management,vw_MasterEmployees,WardTown,nvarchar
Vendor Management,Resource Management,vw_MasterEmployees,Region,nvarchar
Vendor Management,Resource Management,vw_MasterEmployees,CountryKey,nvarchar
Vendor Management,Resource Management,vw_MasterEmployees,TelephoneNumber,nvarchar
Vendor Management,Resource Management,vw_MasterEmployees,Email,nvarchar
Vendor Management,Resource Management,vw_MasterEmployees,NameOfManager,nvarchar
Vendor Management,Resource Management,vw_MasterEmployees,CreatedOn,datetimeoffset
Vendor Management,Resource Management,vw_MasterEmployees,CreatedBy,nvarchar
Vendor Management,Resource Management,vw_MasterEmployees,ModifiedOn,datetimeoffset
Vendor Management,Resource Management,vw_MasterEmployees,ModifiedBy,nvarchar
Vendor Management,Resource Management,vw_MasterEmployees,Id,uniqueidentifier
Vendor Management,Resource Management,vw_MasterEmployees,SectionId,bigint
Vendor Management,Resource Management,vw_MasterEmployees,SectionName,nvarchar
Vendor Management,Resource Management,vw_MasterEmployees,DepartmentId,bigint
Vendor Management,Resource Management,vw_MasterEmployees,DepartmentName,nvarchar
Vendor Management,Resource Management,vw_MasterEmployees,GroupId,bigint
Vendor Management,Resource Management,vw_MasterEmployees,GroupName,nvarchar
Vendor Management,Resource Management,vw_MasterEmployees,BUId,bigint
Vendor Management,Resource Management,vw_MasterEmployees,BUName,nvarchar
Vendor Management,Resource Management,vw_MasterEmployees,CostCenterId,uniqueidentifier
Vendor Management,Resource Management,vw_MasterEmployees,CostCenterCode,nvarchar
Vendor Management,Resource Management,vw_MasterEmployees,CompanyId,uniqueidentifier
Vendor Management,Resource Management,vw_MasterEmployees,IsActive,bit
Vendor Management,,vw_MasterEmployeesMD,CompanyCode,nvarchar
Vendor Management,,vw_MasterEmployeesMD,CompanyShortName,nvarchar
Vendor Management,,vw_MasterEmployeesMD,EmployeeNumber,bigint
Vendor Management,,vw_MasterEmployeesMD,GlobalId,nvarchar
Vendor Management,,vw_MasterEmployeesMD,Firstname,nvarchar
Vendor Management,,vw_MasterEmployeesMD,Lastname,nvarchar
Vendor Management,,vw_MasterEmployeesMD,Fullname,nvarchar
Vendor Management,,vw_MasterEmployeesMD,EmploymentStatus,nvarchar
Vendor Management,,vw_MasterEmployeesMD,EmployeeGroup,varchar
Vendor Management,,vw_MasterEmployeesMD,EmployeeSubGroup,nvarchar
Vendor Management,,vw_MasterEmployeesMD,BusinessArea,nvarchar
Vendor Management,,vw_MasterEmployeesMD,PersonnelArea,nvarchar
Vendor Management,,vw_MasterEmployeesMD,PersonnelSubArea,nvarchar
Vendor Management,,vw_MasterEmployeesMD,OrganizationalUnit,nvarchar
Vendor Management,,vw_MasterEmployeesMD,Name,nvarchar
Vendor Management,,vw_MasterEmployeesMD,GenderKey,char
Vendor Management,,vw_MasterEmployeesMD,DateOfJoining,datetime2
Vendor Management,,vw_MasterEmployeesMD,ContEnd,datetime2
Vendor Management,,vw_MasterEmployeesMD,Salarylevel,nvarchar
Vendor Management,,vw_MasterEmployeesMD,ActiveStatus,varchar
Vendor Management,,vw_MasterEmployeesMD,Position,varchar
Vendor Management,,vw_MasterEmployeesMD,DateofLeaving,datetime2
Vendor Management,,vw_MasterEmployeesMD,Ntid,varchar
Vendor Management,,vw_MasterEmployeesMD,OrganizationName,nvarchar
Vendor Management,,vw_MasterEmployeesMD,EmailOfficial,nvarchar
Vendor Management,,vw_MasterEmployeesMD,ActionType,nvarchar
Vendor Management,,vw_MasterEmployeesMD,ReasonforAction,nvarchar
Vendor Management,,vw_MasterEmployeesMD,Changedby,nvarchar
Vendor Management,,vw_MasterEmployeesMD,StartDate,datetime2
Vendor Management,,vw_MasterEmployeesMD,HRLocal,nvarchar
Vendor Management,,vw_MasterEmployeesMD,HRBPGlobalEmployeeID,nvarchar
Vendor Management,,vw_MasterEmployeesMD,PersAdmin,nvarchar
Vendor Management,,vw_MasterEmployeesMD,CountryofBirth,nvarchar
Vendor Management,,vw_MasterEmployeesMD,Nationality,nvarchar
Vendor Management,,vw_MasterEmployeesMD,AddressType,nvarchar
Vendor Management,,vw_MasterEmployeesMD,StreetandHouseNo,nvarchar
Vendor Management,,vw_MasterEmployeesMD,PostalCode,nvarchar
Vendor Management,,vw_MasterEmployeesMD,District,nvarchar
Vendor Management,,vw_MasterEmployeesMD,WardTown,nvarchar
Vendor Management,,vw_MasterEmployeesMD,Region,nvarchar
Vendor Management,,vw_MasterEmployeesMD,CountryKey,nvarchar
Vendor Management,,vw_MasterEmployeesMD,TelephoneNumber,nvarchar
Vendor Management,,vw_MasterEmployeesMD,Email,nvarchar
Vendor Management,,vw_MasterEmployeesMD,NameOfManager,nvarchar
Vendor Management,,vw_MasterEmployeesMD,CreatedOn,datetimeoffset
Vendor Management,,vw_MasterEmployeesMD,CreatedBy,nvarchar
Vendor Management,,vw_MasterEmployeesMD,ModifiedOn,datetimeoffset
Vendor Management,,vw_MasterEmployeesMD,ModifiedBy,nvarchar
Vendor Management,,vw_MasterEmployeesMD,Id,uniqueidentifier
Vendor Management,,vw_MasterEmployeesMD,SectionId,bigint
Vendor Management,,vw_MasterEmployeesMD,SectionName,nvarchar
Vendor Management,,vw_MasterEmployeesMD,DepartmentId,bigint
Vendor Management,,vw_MasterEmployeesMD,DepartmentName,nvarchar
Vendor Management,,vw_MasterEmployeesMD,GroupId,bigint
Vendor Management,,vw_MasterEmployeesMD,GroupName,nvarchar
Vendor Management,,vw_MasterEmployeesMD,BUId,bigint
Vendor Management,,vw_MasterEmployeesMD,BUName,nvarchar
Vendor Management,,vw_MasterEmployeesMD,CostCenterId,uniqueidentifier
Vendor Management,,vw_MasterEmployeesMD,CostCenterCode,nvarchar
Vendor Management,,vw_MasterEmployeesMD,CompanyId,uniqueidentifier
Vendor Management,,vw_MasterEmployeesMD,IsActive,bit
Vendor Management,,vw_MasterFCMSecurity,Id,uniqueidentifier
Vendor Management,,vw_MasterFCMSecurity,CompanyId,uniqueidentifier
Vendor Management,,vw_MasterFCMSecurity,CompanyCode,nvarchar
Vendor Management,,vw_MasterFCMSecurity,ShortName,nvarchar
Vendor Management,,vw_MasterFCMSecurity,CompanyName,nvarchar
Vendor Management,,vw_MasterFCMSecurity,PlantId,uniqueidentifier
Vendor Management,,vw_MasterFCMSecurity,PlantCode,nvarchar
Vendor Management,,vw_MasterFCMSecurity,PlantName,nvarchar
Vendor Management,,vw_MasterFCMSecurity,SpocName,nvarchar
Vendor Management,,vw_MasterFCMSecurity,SpocEmployeeNumber,nvarchar
Vendor Management,,vw_MasterFCMSecurity,SpocFullName,nvarchar
Vendor Management,,vw_MasterFCMSecurity,SpocNTID,varchar
Vendor Management,,vw_MasterFCMSecurity,Email,nvarchar
Vendor Management,,vw_MasterFCMSecurity,ValidityStart,datetime
Vendor Management,,vw_MasterFCMSecurity,ValidityEnd,datetime
Vendor Management,,vw_MasterFCMSecurity,CreatedOn,datetimeoffset
Vendor Management,,vw_MasterFCMSecurity,CreatedBy,nvarchar
Vendor Management,,vw_MasterFCMSecurity,ModifiedOn,datetimeoffset
Vendor Management,,vw_MasterFCMSecurity,ModifiedBy,nvarchar
Vendor Management,,vw_MasterGBBusinessArea,CompanyCode,nvarchar
Vendor Management,,vw_MasterGBBusinessArea,CompanyShortName,nvarchar
Vendor Management,,vw_MasterGBBusinessArea,Currency,nvarchar
Vendor Management,,vw_MasterGBBusinessArea,PlantCurrency,uniqueidentifier
Vendor Management,,vw_MasterGBBusinessArea,GBCode,nvarchar
Vendor Management,,vw_MasterGBBusinessArea,GBDescription,nvarchar
Vendor Management,,vw_MasterGBBusinessArea,BusinessSector,nvarchar
Vendor Management,,vw_MasterGBBusinessArea,ActiveStatus,varchar
Vendor Management,,vw_MasterGBBusinessArea,ApprovalEno,nvarchar
Vendor Management,,vw_MasterGBBusinessArea,ApproverENo,nvarchar
Vendor Management,,vw_MasterGBBusinessArea,ApprovalName,nvarchar
Vendor Management,,vw_MasterGBBusinessArea,ApproverName,nvarchar
Vendor Management,,vw_MasterGBBusinessArea,ApprovalNtid,varchar
Vendor Management,,vw_MasterGBBusinessArea,ApproverNTID,varchar
Vendor Management,,vw_MasterGBBusinessArea,ApprovedBy,nvarchar
Vendor Management,,vw_MasterGBBusinessArea,ActionedBy,nvarchar
Vendor Management,,vw_MasterGBBusinessArea,ApprovedDate,datetime
Vendor Management,,vw_MasterGBBusinessArea,ActionedOn,datetime
Vendor Management,,vw_MasterGBBusinessArea,ApproveStatus,nvarchar
Vendor Management,,vw_MasterGBBusinessArea,ApprovalStatus,nvarchar
Vendor Management,,vw_MasterGBBusinessArea,CreatedOn,datetimeoffset
Vendor Management,,vw_MasterGBBusinessArea,CreatedBy,nvarchar
Vendor Management,,vw_MasterGBBusinessArea,ModifiedOn,datetimeoffset
Vendor Management,,vw_MasterGBBusinessArea,ModifiedBy,nvarchar
Vendor Management,,vw_MasterGBBusinessArea,Id,uniqueidentifier
Vendor Management,,vw_MasterGBBusinessArea,CompanyId,uniqueidentifier
Vendor Management,,vw_MasterGBBusinessArea,Remark,nvarchar
Vendor Management,,vw_MasterGcnSPOC,Id,uniqueidentifier
Vendor Management,,vw_MasterGcnSPOC,CompanyId,uniqueidentifier
Vendor Management,,vw_MasterGcnSPOC,CompanyCode,nvarchar
Vendor Management,,vw_MasterGcnSPOC,ShortName,nvarchar
Vendor Management,,vw_MasterGcnSPOC,CompanyName,nvarchar
Vendor Management,,vw_MasterGcnSPOC,PlantId,uniqueidentifier
Vendor Management,,vw_MasterGcnSPOC,PlantCode,nvarchar
Vendor Management,,vw_MasterGcnSPOC,PlantName,nvarchar
Vendor Management,,vw_MasterGcnSPOC,SpocName,nvarchar
Vendor Management,,vw_MasterGcnSPOC,SpocEmployeeNumber,nvarchar
Vendor Management,,vw_MasterGcnSPOC,SpocFullName,nvarchar
Vendor Management,,vw_MasterGcnSPOC,SpocNTID,varchar
Vendor Management,,vw_MasterGcnSPOC,Email,nvarchar
Vendor Management,,vw_MasterGcnSPOC,ValidityStart,datetime
Vendor Management,,vw_MasterGcnSPOC,ValidityEnd,datetime
Vendor Management,,vw_MasterGcnSPOC,CreatedOn,datetimeoffset
Vendor Management,,vw_MasterGcnSPOC,CreatedBy,nvarchar
Vendor Management,,vw_MasterGcnSPOC,ModifiedOn,datetimeoffset
Vendor Management,,vw_MasterGcnSPOC,ModifiedBy,nvarchar
Vendor Management,,vw_MasterHolidayCalendar,Id,uniqueidentifier
Vendor Management,,vw_MasterHolidayCalendar,CompanyId,uniqueidentifier
Vendor Management,,vw_MasterHolidayCalendar,CompanyCode,nvarchar
Vendor Management,,vw_MasterHolidayCalendar,CompanyName,nvarchar
Vendor Management,,vw_MasterHolidayCalendar,ShortName,nvarchar
Vendor Management,,vw_MasterHolidayCalendar,PlantId,uniqueidentifier
Vendor Management,,vw_MasterHolidayCalendar,PlantCode,nvarchar
Vendor Management,,vw_MasterHolidayCalendar,PlantName,nvarchar
Vendor Management,,vw_MasterHolidayCalendar,HolidayDate,datetime
Vendor Management,,vw_MasterHolidayCalendar,HolidayName,varchar
Vendor Management,,vw_MasterHolidayCalendar,CreatedOn,datetimeoffset
Vendor Management,,vw_MasterHolidayCalendar,CreatedBy,nvarchar
Vendor Management,,vw_MasterHolidayCalendar,ModifiedOn,datetimeoffset
Vendor Management,,vw_MasterHolidayCalendar,ModifiedBy,nvarchar
Vendor Management,,vw_MasterHrSPOC,Id,uniqueidentifier
Vendor Management,,vw_MasterHrSPOC,CompanyId,uniqueidentifier
Vendor Management,,vw_MasterHrSPOC,CompanyCode,nvarchar
Vendor Management,,vw_MasterHrSPOC,ShortName,nvarchar
Vendor Management,,vw_MasterHrSPOC,CompanyName,nvarchar
Vendor Management,,vw_MasterHrSPOC,PlantId,uniqueidentifier
Vendor Management,,vw_MasterHrSPOC,PlantCode,nvarchar
Vendor Management,,vw_MasterHrSPOC,PlantName,nvarchar
Vendor Management,,vw_MasterHrSPOC,SpocName,nvarchar
Vendor Management,,vw_MasterHrSPOC,SpocEmployeeNumber,nvarchar
Vendor Management,,vw_MasterHrSPOC,SpocFullName,nvarchar
Vendor Management,,vw_MasterHrSPOC,SpocNTID,varchar
Vendor Management,,vw_MasterHrSPOC,Email,nvarchar
Vendor Management,,vw_MasterHrSPOC,ValidityStart,datetime
Vendor Management,,vw_MasterHrSPOC,ValidityEnd,datetime
Vendor Management,,vw_MasterHrSPOC,CreatedOn,datetimeoffset
Vendor Management,,vw_MasterHrSPOC,CreatedBy,nvarchar
Vendor Management,,vw_MasterHrSPOC,ModifiedOn,datetimeoffset
Vendor Management,,vw_MasterHrSPOC,ModifiedBy,nvarchar
Vendor Management,,vw_MasterInvoice,InvoiceNumber,nvarchar
Vendor Management,,vw_MasterInvoice,InvoiceLineItem,int
Vendor Management,,vw_MasterInvoice,InvoiceQty,decimal
Vendor Management,,vw_MasterInvoice,Year,nvarchar
Vendor Management,,vw_MasterInvoice,PostingDate,datetime
Vendor Management,,vw_MasterInvoice,VendorSAPId,int
Vendor Management,,vw_MasterInvoice,VendorName,nvarchar
Vendor Management,,vw_MasterInvoice,VendorInvoiceNumber,nvarchar
Vendor Management,,vw_MasterInvoice,VendorInvoiceDate,datetime
Vendor Management,,vw_MasterInvoice,PurchaseOrder,nvarchar
Vendor Management,,vw_MasterInvoice,PurchaseOrderLineItem,int
Vendor Management,,vw_MasterInvoice,InvoiceValueByFC,decimal
Vendor Management,,vw_MasterInvoice,InvoiceValueByLC,decimal
Vendor Management,,vw_MasterInvoice,Currency,nvarchar
Vendor Management,,vw_MasterInvoice,DebitCreditTransaction,nvarchar
Vendor Management,,vw_MasterInvoice,Source,nvarchar
Vendor Management,,vw_MasterInvoice,CreatedOn,datetimeoffset
Vendor Management,,vw_MasterInvoice,CreatedBy,nvarchar
Vendor Management,,vw_MasterInvoice,ModifiedOn,datetimeoffset
Vendor Management,,vw_MasterInvoice,ModifiedBy,nvarchar
Vendor Management,,vw_MasterNTIDSPOC,Id,uniqueidentifier
Vendor Management,,vw_MasterNTIDSPOC,CompanyId,uniqueidentifier
Vendor Management,,vw_MasterNTIDSPOC,CompanyCode,nvarchar
Vendor Management,,vw_MasterNTIDSPOC,ShortName,nvarchar
Vendor Management,,vw_MasterNTIDSPOC,CompanyName,nvarchar
Vendor Management,,vw_MasterNTIDSPOC,PlantId,uniqueidentifier
Vendor Management,,vw_MasterNTIDSPOC,PlantCode,nvarchar
Vendor Management,,vw_MasterNTIDSPOC,PlantName,nvarchar
Vendor Management,,vw_MasterNTIDSPOC,SpocName,nvarchar
Vendor Management,,vw_MasterNTIDSPOC,SpocEmployeeNumber,nvarchar
Vendor Management,,vw_MasterNTIDSPOC,SpocFullName,nvarchar
Vendor Management,,vw_MasterNTIDSPOC,SpocNTID,varchar
Vendor Management,,vw_MasterNTIDSPOC,Email,nvarchar
Vendor Management,,vw_MasterNTIDSPOC,ValidityStart,datetime
Vendor Management,,vw_MasterNTIDSPOC,ValidityEnd,datetime
Vendor Management,,vw_MasterNTIDSPOC,CreatedOn,datetimeoffset
Vendor Management,,vw_MasterNTIDSPOC,CreatedBy,nvarchar
Vendor Management,,vw_MasterNTIDSPOC,ModifiedOn,datetimeoffset
Vendor Management,,vw_MasterNTIDSPOC,ModifiedBy,nvarchar
Vendor Management,,vw_MasterODC,Id,uniqueidentifier
Vendor Management,,vw_MasterODC,ODCID,nvarchar
Vendor Management,,vw_MasterODC,ODCName,nvarchar
Vendor Management,,vw_MasterODC,CompanyId,uniqueidentifier
Vendor Management,,vw_MasterODC,CompanyCode,nvarchar
Vendor Management,,vw_MasterODC,CompanyName,nvarchar
Vendor Management,,vw_MasterODC,ShortName,nvarchar
Vendor Management,,vw_MasterODC,PlantId,uniqueidentifier
Vendor Management,,vw_MasterODC,PlantCode,nvarchar
Vendor Management,,vw_MasterODC,PlantName,nvarchar
Vendor Management,,vw_MasterODC,VendorSAPID,int
Vendor Management,,vw_MasterODC,VendorName,nvarchar
Vendor Management,,vw_MasterODC,VendorId,uniqueidentifier
Vendor Management,,vw_MasterODC,ODCCostPerHeadCount,decimal
Vendor Management,,vw_MasterODC,ValidityStart,datetime
Vendor Management,,vw_MasterODC,ValidityEnd,datetime
Vendor Management,,vw_MasterODC,ActiveStatus,varchar
Vendor Management,,vw_MasterODC,IsActive,bit
Vendor Management,,vw_MasterODC,SequenceNumber,bigint
Vendor Management,,vw_MasterODC,IsDeleted,bit
Vendor Management,,vw_MasterODC,CreatedBy,varchar
Vendor Management,,vw_MasterODC,CreatedOn,datetime
Vendor Management,,vw_MasterODC,ModifiedBy,varchar
Vendor Management,,vw_MasterODC,ModifiedOn,datetime
Vendor Management,,vw_MasterPlant,PlantCode,nvarchar
Vendor Management,,vw_MasterPlant,Name,nvarchar
Vendor Management,,vw_MasterPlant,AddressStreet,nvarchar
Vendor Management,,vw_MasterPlant,City,nvarchar
Vendor Management,,vw_MasterPlant,ActiveStatus,varchar
Vendor Management,,vw_MasterPlant,State,nvarchar
Vendor Management,,vw_MasterPlant,Country,nvarchar
Vendor Management,,vw_MasterPlant,PostalCode,int
Vendor Management,,vw_MasterPlant,PlantCurrency,uniqueidentifier
Vendor Management,,vw_MasterPlant,CompanyId,uniqueidentifier
Vendor Management,,vw_MasterPlant,CreatedOn,datetimeoffset
Vendor Management,,vw_MasterPlant,CreatedBy,nvarchar
Vendor Management,,vw_MasterPlant,ModifiedOn,datetimeoffset
Vendor Management,,vw_MasterPlant,ModifiedBy,nvarchar
Vendor Management,,vw_MasterPlant,Id,uniqueidentifier
Vendor Management,,vw_MasterPlant,CompanyCode,nvarchar
Vendor Management,,vw_MasterPlant,Currency,nvarchar
Vendor Management,,vw_MasterPlant,BusinessAreaId,uniqueidentifier
Vendor Management,,vw_MasterPlant,BusinessArea,nvarchar
Vendor Management,,vw_MasterPlant,JoiningLocationId,uniqueidentifier
Vendor Management,,vw_MasterPlant,JoiningLocation,nvarchar
Vendor Management,,vw_MasterPlant,IsBusinessArea,bit
Vendor Management,,vw_MasterPlant,PersonnelSubArea,nvarchar
Vendor Management,,vw_MasterPMO,CompanyCode,nvarchar
Vendor Management,,vw_MasterPMO,CompanyFullName,nvarchar
Vendor Management,,vw_MasterPMO,ValidityStart,datetime
Vendor Management,,vw_MasterPMO,ValidityEnd,datetime
Vendor Management,,vw_MasterPMO,ConversionHour,decimal
Vendor Management,,vw_MasterPMO,CreatedOn,datetimeoffset
Vendor Management,,vw_MasterPMO,CreatedBy,nvarchar
Vendor Management,,vw_MasterPMO,ModifiedOn,datetimeoffset
Vendor Management,,vw_MasterPMO,ModifiedBy,nvarchar
Vendor Management,,vw_MasterPMO,CompanyId,uniqueidentifier
Vendor Management,,vw_MasterPMO,Id,uniqueidentifier
Vendor Management,,vw_MasterPMO,ConversionDays,int
Vendor Management,,vw_MasterPMOSecretary,DepartmentId,bigint
Vendor Management,,vw_MasterPMOSecretary,DepartmentName,nvarchar
Vendor Management,,vw_MasterPMOSecretary,PMOSecretary,nvarchar
Vendor Management,,vw_MasterPMOSecretary,NTID,varchar
Vendor Management,,vw_MasterPMOSecretary,ValidityStart,datetime
Vendor Management,,vw_MasterPMOSecretary,ValidityEnd,datetime
Vendor Management,,vw_MasterPMOSecretary,ActiveStatus,varchar
Vendor Management,,vw_MasterPMOSecretary,IsActive,bit
Vendor Management,,vw_MasterPMOSecretary,CreatedOn,datetimeoffset
Vendor Management,,vw_MasterPMOSecretary,CreatedBy,nvarchar
Vendor Management,,vw_MasterPMOSecretary,ModifiedOn,datetimeoffset
Vendor Management,,vw_MasterPMOSecretary,ModifiedBy,nvarchar
Vendor Management,,vw_MasterPMOSecretary,Id,uniqueidentifier
Vendor Management,,vw_MasterPMOSecretary,SpocName,nvarchar
Vendor Management,,vw_MasterPMOSecretary,CompanyCode,nvarchar
Vendor Management,,vw_MasterPMOSecretary,CompanyId,uniqueidentifier
Vendor Management,,vw_MasterPMOSecretary,CompanyFullName,nvarchar
Vendor Management,,vw_MasterPMOSecretary,CompanyShortName,nvarchar
Vendor Management,,vw_MasterPurchaseHeader,Id,uniqueidentifier
Vendor Management,,vw_MasterPurchaseHeader,Ponumber,nvarchar
Vendor Management,,vw_MasterPurchaseHeader,PurchasingDocumentType,nvarchar
Vendor Management,,vw_MasterPurchaseHeader,DocumentDate,datetime
Vendor Management,,vw_MasterPurchaseHeader,LastItem,nvarchar
Vendor Management,,vw_MasterPurchaseHeader,ValidityStart,datetime2
Vendor Management,,vw_MasterPurchaseHeader,ValidityEnd,datetime2
Vendor Management,,vw_MasterPurchaseHeader,TermsofPayment,nvarchar
Vendor Management,,vw_MasterPurchaseHeader,PaymentIn,nvarchar
Vendor Management,,vw_MasterPurchaseHeader,PurchasingOrganization,nvarchar
Vendor Management,,vw_MasterPurchaseHeader,PurchasingGroup,nvarchar
Vendor Management,,vw_MasterPurchaseHeader,YourReference,nvarchar
Vendor Management,,vw_MasterPurchaseHeader,Requisitioner,nvarchar
Vendor Management,,vw_MasterPurchaseHeader,Email,nvarchar
Vendor Management,,vw_MasterPurchaseHeader,Incomplete,nvarchar
Vendor Management,,vw_MasterPurchaseHeader,CategoryofIncompleteness,nvarchar
Vendor Management,,vw_MasterPurchaseHeader,Source,nvarchar
Vendor Management,,vw_MasterPurchaseHeader,CreatedOn,datetimeoffset
Vendor Management,,vw_MasterPurchaseHeader,CreatedBy,nvarchar
Vendor Management,,vw_MasterPurchaseHeader,ModifiedOn,datetimeoffset
Vendor Management,,vw_MasterPurchaseHeader,ModifiedBy,nvarchar
Vendor Management,,vw_MasterPurchaseHeader,Version,timestamp
Vendor Management,,vw_MasterPurchaseHeader,ExchangeRate,bigint
Vendor Management,,vw_MasterPurchaseHeader,CompanyId,uniqueidentifier
Vendor Management,,vw_MasterPurchaseHeader,CompanyCode,nvarchar
Vendor Management,,vw_MasterPurchaseHeader,VendorId,uniqueidentifier
Vendor Management,,vw_MasterPurchaseHeader,VendorSAPID,int
Vendor Management,,vw_MasterPurchaseHeader,CurrencyId,uniqueidentifier
Vendor Management,,vw_MasterPurchaseHeader,Currency,nvarchar
Vendor Management,,vw_MasterPurchaseHeader,VendorName,nvarchar
Vendor Management,,vw_MasterPurchaseHeader,SAPCreatedBy,nvarchar
Vendor Management,,vw_MasterPurchaseHeader,NetOrderValue,decimal
Vendor Management,,vw_MasterPurchaseLineItems,Id,uniqueidentifier
Vendor Management,,vw_MasterPurchaseLineItems,PurchaseID,nvarchar
Vendor Management,,vw_MasterPurchaseLineItems,PONumber,nvarchar
Vendor Management,,vw_MasterPurchaseLineItems,Lineitem,int
Vendor Management,,vw_MasterPurchaseLineItems,DeletionIndicator,nvarchar
Vendor Management,,vw_MasterPurchaseLineItems,DeliveryDate,datetime
Vendor Management,,vw_MasterPurchaseLineItems,AccountAssignment,nvarchar
Vendor Management,,vw_MasterPurchaseLineItems,Material,nvarchar
Vendor Management,,vw_MasterPurchaseLineItems,MaterialDescription,nvarchar
Vendor Management,,vw_MasterPurchaseLineItems,Quantity,decimal
Vendor Management,,vw_MasterPurchaseLineItems,UOM,nvarchar
Vendor Management,,vw_MasterPurchaseLineItems,OrderCurrency,nvarchar
Vendor Management,,vw_MasterPurchaseLineItems,ExchangeRate,decimal
Vendor Management,,vw_MasterPurchaseLineItems,NetOrderPrice,decimal
Vendor Management,,vw_MasterPurchaseLineItems,NetOrderValue,decimal
Vendor Management,,vw_MasterPurchaseLineItems,PONetOrderValue,decimal
Vendor Management,,vw_MasterPurchaseLineItems,PlantId,uniqueidentifier
Vendor Management,,vw_MasterPurchaseLineItems,PlantCode,nvarchar
Vendor Management,,vw_MasterPurchaseLineItems,PlantName,nvarchar
Vendor Management,,vw_MasterPurchaseLineItems,MaterialGroup,nvarchar
Vendor Management,,vw_MasterPurchaseLineItems,VendorId,uniqueidentifier
Vendor Management,,vw_MasterPurchaseLineItems,VendorName,nvarchar
Vendor Management,,vw_MasterPurchaseLineItems,VendorSAPID,nvarchar
Vendor Management,,vw_MasterPurchaseLineItems,ValidityStart,datetime2
Vendor Management,,vw_MasterPurchaseLineItems,ValidityEnd,datetime2
Vendor Management,,vw_MasterPurchaseLineItems,SRMPONumber,bigint
Vendor Management,,vw_MasterPurchaseLineItems,Requisitioner,nvarchar
Vendor Management,,vw_MasterPurchaseLineItems,RequisitionerEmail,nvarchar
Vendor Management,,vw_MasterPurchaseLineItems,CostCenterId,uniqueidentifier
Vendor Management,,vw_MasterPurchaseLineItems,CostCenterCode,nvarchar
Vendor Management,,vw_MasterPurchaseLineItems,CostCenterName,nvarchar
Vendor Management,,vw_MasterPurchaseLineItems,WBSId,uniqueidentifier
Vendor Management,,vw_MasterPurchaseLineItems,WBSElement,nvarchar
Vendor Management,,vw_MasterPurchaseLineItems,Fund,nvarchar
Vendor Management,,vw_MasterPurchaseLineItems,FundCenterId,uniqueidentifier
Vendor Management,,vw_MasterPurchaseLineItems,FundCenterCode,nvarchar
Vendor Management,,vw_MasterPurchaseLineItems,FundCenterName,nvarchar
Vendor Management,,vw_MasterPurchaseLineItems,BudgetCode,nvarchar
Vendor Management,,vw_MasterPurchaseLineItems,Source,nvarchar
Vendor Management,,vw_MasterPurchaseLineItems,CreatedOn,datetimeoffset
Vendor Management,,vw_MasterPurchaseLineItems,CreatedBy,nvarchar
Vendor Management,,vw_MasterPurchaseLineItems,ModifiedOn,datetimeoffset
Vendor Management,,vw_MasterPurchaseLineItems,ModifiedBy,nvarchar
Vendor Management,,vw_MasterPurchaseLineItems,SAPCreatedOn,datetime2
Vendor Management,,vw_MasterPurchaseLineItems,ChangedOn,datetime2
Vendor Management,,vw_MasterPurchaseLineItems,CompanyCode,nvarchar
Vendor Management,,vw_MasterPurchaseLineItemsGroup,PONumber,nvarchar
Vendor Management,,vw_MasterPurchaseLineItemsGroup,VendorId,uniqueidentifier
Vendor Management,,vw_MasterPurchaseLineItemsGroup,VendorName,nvarchar
Vendor Management,,vw_MasterPurchaseLineItemsGroup,VendorSAPID,nvarchar
Vendor Management,,vw_MasterPurchaseLineItemsGroup,LocationId,uniqueidentifier
Vendor Management,,vw_MasterPurchaseLineItemsGroup,Location,nvarchar
Vendor Management,,vw_MasterPurchaseLineItemsGroup,PlantCode,nvarchar
Vendor Management,,vw_MasterPurchaseLineItemsGroup,CreatedOn,datetime2
Vendor Management,,vw_MasterPurchaseLineItemsGroup,ModifiedOn,datetime2
Vendor Management,,vw_MasterPurchaseLineItemsGroup,DeliveryDate,datetime
Vendor Management,,vw_MasterPurchaseLineItemsGroup,ValidityStart,datetime2
Vendor Management,,vw_MasterPurchaseLineItemsGroup,ValidityEnd,datetime2
Vendor Management,,vw_MasterPurchaseLineItemsGroup,FundCenterId,uniqueidentifier
Vendor Management,,vw_MasterPurchaseLineItemsGroup,FundCenterName,nvarchar
Vendor Management,,vw_MasterPurchaseLineItemsGroup,FundCenterCode,nvarchar
Vendor Management,,vw_MasterPurchaseLineItemsGroup,CostCenterId,uniqueidentifier
Vendor Management,,vw_MasterPurchaseLineItemsGroup,CostCenterName,nvarchar
Vendor Management,,vw_MasterPurchaseLineItemsGroup,Fund,nvarchar
Vendor Management,,vw_MasterPurchaseLineItemsGroup,BudgetCode,nvarchar
Vendor Management,,vw_MasterPurchaseLineItemsGroup,OrderCurrency,nvarchar
Vendor Management,,vw_MasterPurchaseLineItemsGroup,POValue,decimal
Vendor Management,,vw_MasterPurchaseLineItemsGroup,ChangedOn,datetime2
Vendor Management,,vw_MasterSapIdmSPOC,Id,uniqueidentifier
Vendor Management,,vw_MasterSapIdmSPOC,CompanyId,uniqueidentifier
Vendor Management,,vw_MasterSapIdmSPOC,CompanyCode,nvarchar
Vendor Management,,vw_MasterSapIdmSPOC,ShortName,nvarchar
Vendor Management,,vw_MasterSapIdmSPOC,CompanyName,nvarchar
Vendor Management,,vw_MasterSapIdmSPOC,PlantId,uniqueidentifier
Vendor Management,,vw_MasterSapIdmSPOC,PlantCode,nvarchar
Vendor Management,,vw_MasterSapIdmSPOC,PlantName,nvarchar
Vendor Management,,vw_MasterSapIdmSPOC,SpocName,nvarchar
Vendor Management,,vw_MasterSapIdmSPOC,SpocEmployeeNumber,nvarchar
Vendor Management,,vw_MasterSapIdmSPOC,SpocFullName,nvarchar
Vendor Management,,vw_MasterSapIdmSPOC,SpocNTID,varchar
Vendor Management,,vw_MasterSapIdmSPOC,Email,nvarchar
Vendor Management,,vw_MasterSapIdmSPOC,ValidityStart,datetime
Vendor Management,,vw_MasterSapIdmSPOC,ValidityEnd,datetime
Vendor Management,,vw_MasterSapIdmSPOC,CreatedOn,datetimeoffset
Vendor Management,,vw_MasterSapIdmSPOC,CreatedBy,nvarchar
Vendor Management,,vw_MasterSapIdmSPOC,ModifiedOn,datetimeoffset
Vendor Management,,vw_MasterSapIdmSPOC,ModifiedBy,nvarchar
Vendor Management,,vw_MasterSectionSPOC,SectionId,bigint
Vendor Management,,vw_MasterSectionSPOC,SectionName,nvarchar
Vendor Management,,vw_MasterSectionSPOC,SpocName,nvarchar
Vendor Management,,vw_MasterSectionSPOC,SpocFullName,nvarchar
Vendor Management,,vw_MasterSectionSPOC,Ntid,varchar
Vendor Management,,vw_MasterSectionSPOC,SpocNTID,varchar
Vendor Management,,vw_MasterSectionSPOC,Email,nvarchar
Vendor Management,,vw_MasterSectionSPOC,ValidityStart,datetime
Vendor Management,,vw_MasterSectionSPOC,ValidityEnd,datetime
Vendor Management,,vw_MasterSectionSPOC,ActiveStatus,varchar
Vendor Management,,vw_MasterSectionSPOC,ApproveStatus,nvarchar
Vendor Management,,vw_MasterSectionSPOC,ApprovalStatus,nvarchar
Vendor Management,,vw_MasterSectionSPOC,ApprovalEno,nvarchar
Vendor Management,,vw_MasterSectionSPOC,ApproverENo,nvarchar
Vendor Management,,vw_MasterSectionSPOC,ApprovalName,nvarchar
Vendor Management,,vw_MasterSectionSPOC,ApproverName,nvarchar
Vendor Management,,vw_MasterSectionSPOC,ApprovalNtid,varchar
Vendor Management,,vw_MasterSectionSPOC,ApproverNTID,varchar
Vendor Management,,vw_MasterSectionSPOC,ApprovedBy,nvarchar
Vendor Management,,vw_MasterSectionSPOC,ActionedBy,nvarchar
Vendor Management,,vw_MasterSectionSPOC,ApprovedDate,datetime
Vendor Management,,vw_MasterSectionSPOC,ActionedOn,datetime
Vendor Management,,vw_MasterSectionSPOC,Remark,nvarchar
Vendor Management,,vw_MasterSectionSPOC,CreatedOn,datetimeoffset
Vendor Management,,vw_MasterSectionSPOC,CreatedBy,nvarchar
Vendor Management,,vw_MasterSectionSPOC,ModifiedOn,datetimeoffset
Vendor Management,,vw_MasterSectionSPOC,ModifiedBy,nvarchar
Vendor Management,,vw_MasterSectionSPOC,Id,uniqueidentifier
Vendor Management,,vw_MasterSectionSPOC,IsActive,bit
Vendor Management,,vw_MasterSectionSPOC,CompanyId,uniqueidentifier
Vendor Management,,vw_MasterSectionSPOC,CompanyCode,nvarchar
Vendor Management,,vw_MasterSectionSPOC,CompanyShortName,nvarchar
Vendor Management,,vw_MasterSectionSPOC,CompanyFullName,nvarchar
Vendor Management,,vw_MasterSkillset,SkillsetCode,bigint
Vendor Management,,vw_MasterSkillset,SkillsetName,nvarchar
Vendor Management,,vw_MasterSkillset,ClassificationName,nvarchar
Vendor Management,,vw_MasterSkillset,ClusterCode,nvarchar
Vendor Management,,vw_MasterSkillset,ClusterName,nvarchar
Vendor Management,,vw_MasterSkillset,ActiveStatus,varchar
Vendor Management,,vw_MasterSkillset,CreatedOn,datetimeoffset
Vendor Management,,vw_MasterSkillset,CreatedBy,nvarchar
Vendor Management,,vw_MasterSkillset,ModifiedOn,datetimeoffset
Vendor Management,,vw_MasterSkillset,ModifiedBy,nvarchar
Vendor Management,,vw_MasterSkillset,EnricoCode,nvarchar
Vendor Management,,vw_MasterSkillset,Imported,varchar
Vendor Management,,vw_MasterSkillset,Id,uniqueidentifier
Vendor Management,,vw_MasterSkillset,ClusterId,uniqueidentifier
Vendor Management,,vw_MasterSkillset,ClassificationId,uniqueidentifier
Vendor Management,,vw_MasterSkillset,IsActive,bit
Vendor Management,,vw_MasterSRNInvoiceSPOC,Id,uniqueidentifier
Vendor Management,,vw_MasterSRNInvoiceSPOC,CompanyId,uniqueidentifier
Vendor Management,,vw_MasterSRNInvoiceSPOC,CompanyCode,nvarchar
Vendor Management,,vw_MasterSRNInvoiceSPOC,ShortName,nvarchar
Vendor Management,,vw_MasterSRNInvoiceSPOC,CompanyName,nvarchar
Vendor Management,,vw_MasterSRNInvoiceSPOC,SpocName,nvarchar
Vendor Management,,vw_MasterSRNInvoiceSPOC,SpocEmployeeNumber,nvarchar
Vendor Management,,vw_MasterSRNInvoiceSPOC,SpocFullName,nvarchar
Vendor Management,,vw_MasterSRNInvoiceSPOC,SpocNTID,varchar
Vendor Management,,vw_MasterSRNInvoiceSPOC,Email,nvarchar
Vendor Management,,vw_MasterSRNInvoiceSPOC,ProxySpocEmployeeNumber,nvarchar
Vendor Management,,vw_MasterSRNInvoiceSPOC,ProxySpocName,nvarchar
Vendor Management,,vw_MasterSRNInvoiceSPOC,ProxyFullName,nvarchar
Vendor Management,,vw_MasterSRNInvoiceSPOC,ProxyNTID,varchar
Vendor Management,,vw_MasterSRNInvoiceSPOC,ProxyEmail,nvarchar
Vendor Management,,vw_MasterSRNInvoiceSPOC,ValidityStart,datetime
Vendor Management,,vw_MasterSRNInvoiceSPOC,ValidityEnd,datetime
Vendor Management,,vw_MasterSRNInvoiceSPOC,CreatedOn,datetimeoffset
Vendor Management,,vw_MasterSRNInvoiceSPOC,CreatedBy,nvarchar
Vendor Management,,vw_MasterSRNInvoiceSPOC,ModifiedOn,datetimeoffset
Vendor Management,,vw_MasterSRNInvoiceSPOC,ModifiedBy,nvarchar
Vendor Management,,vw_MasterStandardCost,CompanyCode,nvarchar
Vendor Management,,vw_MasterStandardCost,BUName,nvarchar
Vendor Management,,vw_MasterStandardCost,StandardCostValue,decimal
Vendor Management,,vw_MasterStandardCost,CostDifference,bigint
Vendor Management,,vw_MasterStandardCost,ValidityStart,datetime
Vendor Management,,vw_MasterStandardCost,ValidityEnd,datetime
Vendor Management,,vw_MasterStandardCost,Currency,nvarchar
Vendor Management,,vw_MasterStandardCost,PlantCurrency,uniqueidentifier
Vendor Management,,vw_MasterStandardCost,CreatedOn,datetimeoffset
Vendor Management,,vw_MasterStandardCost,CreatedBy,nvarchar
Vendor Management,,vw_MasterStandardCost,ModifiedOn,datetimeoffset
Vendor Management,,vw_MasterStandardCost,ModifiedBy,nvarchar
Vendor Management,,vw_MasterStandardCost,CompanyId,uniqueidentifier
Vendor Management,,vw_MasterStandardCost,Id,uniqueidentifier
Vendor Management,,vw_MasterStandardCost,BuId,bigint
Vendor Management,,vw_MasterTargetSaving,CompanyCode,nvarchar
Vendor Management,,vw_MasterTargetSaving,Currency,nvarchar
Vendor Management,,vw_MasterTargetSaving,TargetSaving,decimal
Vendor Management,,vw_MasterTargetSaving,ValidityStart,datetime
Vendor Management,,vw_MasterTargetSaving,ValidityEnd,datetime
Vendor Management,,vw_MasterTargetSaving,ApprovalEno,nvarchar
Vendor Management,,vw_MasterTargetSaving,ApproverENo,nvarchar
Vendor Management,,vw_MasterTargetSaving,ApprovalName,nvarchar
Vendor Management,,vw_MasterTargetSaving,ApproverName,nvarchar
Vendor Management,,vw_MasterTargetSaving,ApprovalNtid,varchar
Vendor Management,,vw_MasterTargetSaving,ApproverNTID,varchar
Vendor Management,,vw_MasterTargetSaving,ApproveStatus,nvarchar
Vendor Management,,vw_MasterTargetSaving,ApprovalStatus,nvarchar
Vendor Management,,vw_MasterTargetSaving,Remark,nvarchar
Vendor Management,,vw_MasterTargetSaving,ApprovedBy,nvarchar
Vendor Management,,vw_MasterTargetSaving,ActionedBy,nvarchar
Vendor Management,,vw_MasterTargetSaving,ApprovedDate,datetime
Vendor Management,,vw_MasterTargetSaving,ActionedOn,datetime
Vendor Management,,vw_MasterTargetSaving,Id,uniqueidentifier
Vendor Management,,vw_MasterTargetSaving,CompanyId,uniqueidentifier
Vendor Management,,vw_MasterTargetSaving,CreatedOn,datetimeoffset
Vendor Management,,vw_MasterTargetSaving,CreatedBy,nvarchar
Vendor Management,,vw_MasterTargetSaving,ModifiedOn,datetimeoffset
Vendor Management,,vw_MasterTargetSaving,PlantCurrency,uniqueidentifier
Vendor Management,,vw_MasterTargetSaving,ModifiedBy,nvarchar
Vendor Management,,vw_MasterTransportSPOC,Id,uniqueidentifier
Vendor Management,,vw_MasterTransportSPOC,CompanyId,uniqueidentifier
Vendor Management,,vw_MasterTransportSPOC,CompanyCode,nvarchar
Vendor Management,,vw_MasterTransportSPOC,ShortName,nvarchar
Vendor Management,,vw_MasterTransportSPOC,CompanyName,nvarchar
Vendor Management,,vw_MasterTransportSPOC,PlantId,uniqueidentifier
Vendor Management,,vw_MasterTransportSPOC,PlantCode,nvarchar
Vendor Management,,vw_MasterTransportSPOC,PlantName,nvarchar
Vendor Management,,vw_MasterTransportSPOC,SpocName,nvarchar
Vendor Management,,vw_MasterTransportSPOC,SpocEmployeeNumber,nvarchar
Vendor Management,,vw_MasterTransportSPOC,SpocFullName,nvarchar
Vendor Management,,vw_MasterTransportSPOC,SpocNTID,varchar
Vendor Management,,vw_MasterTransportSPOC,Email,nvarchar
Vendor Management,,vw_MasterTransportSPOC,ValidityStart,datetime
Vendor Management,,vw_MasterTransportSPOC,ValidityEnd,datetime
Vendor Management,,vw_MasterTransportSPOC,CreatedOn,datetimeoffset
Vendor Management,,vw_MasterTransportSPOC,CreatedBy,nvarchar
Vendor Management,,vw_MasterTransportSPOC,ModifiedOn,datetimeoffset
Vendor Management,,vw_MasterTransportSPOC,ModifiedBy,nvarchar
Vendor Management,,vw_MasterVendor,CompanyCode,nvarchar
Vendor Management,,vw_MasterVendor,VendorSAPID,int
Vendor Management,,vw_MasterVendor,VendorName,nvarchar
Vendor Management,,vw_MasterVendor,AddressStreet,nvarchar
Vendor Management,,vw_MasterVendor,City,nvarchar
Vendor Management,,vw_MasterVendor,BusinessSupport,nvarchar
Vendor Management,,vw_MasterVendor,SubcontractAllowed,nvarchar
Vendor Management,,vw_MasterVendor,DomainID,nvarchar
Vendor Management,,vw_MasterVendor,Classification,nvarchar
Vendor Management,,vw_MasterVendor,VendorType,nvarchar
Vendor Management,,vw_MasterVendor,ParentVendor,nvarchar
Vendor Management,,vw_MasterVendor,ParentVendorSAPId,int
Vendor Management,,vw_MasterVendor,ParentVendorId,uniqueidentifier
Vendor Management,,vw_MasterVendor,Currency,nvarchar
Vendor Management,,vw_MasterVendor,Region,nvarchar
Vendor Management,,vw_MasterVendor,Country,nvarchar
Vendor Management,,vw_MasterVendor,ActiveStatus,varchar
Vendor Management,,vw_MasterVendor,IsActive,bit
Vendor Management,,vw_MasterVendor,CreatedBy,nvarchar
Vendor Management,,vw_MasterVendor,CreatedOn,datetimeoffset
Vendor Management,,vw_MasterVendor,ModifiedBy,nvarchar
Vendor Management,,vw_MasterVendor,ModifiedOn,datetimeoffset
Vendor Management,,vw_MasterVendor,StatusID,uniqueidentifier
Vendor Management,,vw_MasterVendor,CompanyId,uniqueidentifier
Vendor Management,,vw_MasterVendor,Id,uniqueidentifier
Vendor Management,,vw_MasterVendor,VendorCurrencyId,uniqueidentifier
Vendor Management,,vw_MasterVendor,VendorTypeID,uniqueidentifier
Vendor Management,,vw_MasterVendor,BusinessSupportID,uniqueidentifier
Vendor Management,,vw_MasterVendor,ClassificationID,uniqueidentifier
Vendor Management,,vw_MasterVendor,PrimaryContactName,nvarchar
Vendor Management,,vw_MasterVendor,PrimaryCountryCode,nvarchar
Vendor Management,,vw_MasterVendor,PrimaryContactMobile,nvarchar
Vendor Management,,vw_MasterVendor,PrimaryContactEmail,nvarchar
Vendor Management,,vw_MasterVendor,PrimaryNote,nvarchar
Vendor Management,,vw_MasterVendor,PrimaryDesignation,nvarchar
Vendor Management,,vw_MasterVendorContactDetails,ContactType,varchar
Vendor Management,,vw_MasterVendorContactDetails,ContactName,nvarchar
Vendor Management,,vw_MasterVendorContactDetails,Email,nvarchar
Vendor Management,,vw_MasterVendorContactDetails,CountryCode,nvarchar
Vendor Management,,vw_MasterVendorContactDetails,Mobile,nvarchar
Vendor Management,,vw_MasterVendorContactDetails,Designation,nvarchar
Vendor Management,,vw_MasterVendorContactDetails,DomainResponsibility,nvarchar
Vendor Management,,vw_MasterVendorContactDetails,EscalateLevel,uniqueidentifier
Vendor Management,,vw_MasterVendorContactDetails,Escalate,nvarchar
Vendor Management,,vw_MasterVendorContactDetails,PrimaryContact,bit
Vendor Management,,vw_MasterVendorContactDetails,status,bit
Vendor Management,,vw_MasterVendorContactDetails,Note,nvarchar
Vendor Management,,vw_MasterVendorContactDetails,VendorSAPID,int
Vendor Management,,vw_MasterVendorContactDetails,VendorName,nvarchar
Vendor Management,,vw_MasterVendorContactDetails,CompanyCode,nvarchar
Vendor Management,,vw_MasterVendorContactDetails,CreatedOn,datetimeoffset
Vendor Management,,vw_MasterVendorContactDetails,CreatedBy,nvarchar
Vendor Management,,vw_MasterVendorContactDetails,ModifiedOn,datetimeoffset
Vendor Management,,vw_MasterVendorContactDetails,ModifiedBy,nvarchar
Vendor Management,,vw_MasterVendorContactDetails,Id,uniqueidentifier
Vendor Management,,vw_MasterVendorContactDetails,VendorId,uniqueidentifier
Vendor Management,,vw_MasterVendorContactDetails,ContactTypeId,int
Vendor Management,,vw_MasterVendorRateCard,CompanyCode,nvarchar
Vendor Management,,vw_MasterVendorRateCard,VendorName,nvarchar
Vendor Management,,vw_MasterVendorRateCard,VendorSAPID,int
Vendor Management,,vw_MasterVendorRateCard,Vendor SAP ID,int
Vendor Management,,vw_MasterVendorRateCard,SkillsetName,nvarchar
Vendor Management,,vw_MasterVendorRateCard,LocationMode,nvarchar
Vendor Management,,vw_MasterVendorRateCard,Grade0,decimal
Vendor Management,,vw_MasterVendorRateCard,Grade1,decimal
Vendor Management,,vw_MasterVendorRateCard,Grade2,decimal
Vendor Management,,vw_MasterVendorRateCard,Grade3,decimal
Vendor Management,,vw_MasterVendorRateCard,Grade4,decimal
Vendor Management,,vw_MasterVendorRateCard,ValidityStart,datetime
Vendor Management,,vw_MasterVendorRateCard,ValidityEnd,datetime
Vendor Management,,vw_MasterVendorRateCard,Currency,nvarchar
Vendor Management,,vw_MasterVendorRateCard,PlantCurrency,uniqueidentifier
Vendor Management,,vw_MasterVendorRateCard,Remark,nvarchar
Vendor Management,,vw_MasterVendorRateCard,ApprovedBy,nvarchar
Vendor Management,,vw_MasterVendorRateCard,ActionedBy,nvarchar
Vendor Management,,vw_MasterVendorRateCard,ApprovedDate,datetime
Vendor Management,,vw_MasterVendorRateCard,ActionedOn,datetime
Vendor Management,,vw_MasterVendorRateCard,ApproveStatus,nvarchar
Vendor Management,,vw_MasterVendorRateCard,ApprovalStatus,nvarchar
Vendor Management,,vw_MasterVendorRateCard,ActiveStatus,varchar
Vendor Management,,vw_MasterVendorRateCard,ApprovalEno,nvarchar
Vendor Management,,vw_MasterVendorRateCard,ApproverENo,nvarchar
Vendor Management,,vw_MasterVendorRateCard,ApprovalName,nvarchar
Vendor Management,,vw_MasterVendorRateCard,ApproverName,nvarchar
Vendor Management,,vw_MasterVendorRateCard,ApprovalNtid,varchar
Vendor Management,,vw_MasterVendorRateCard,ApproverNTID,varchar
Vendor Management,,vw_MasterVendorRateCard,CreatedOn,datetimeoffset
Vendor Management,,vw_MasterVendorRateCard,CreatedBy,nvarchar
Vendor Management,,vw_MasterVendorRateCard,ModifiedOn,datetimeoffset
Vendor Management,,vw_MasterVendorRateCard,ModifiedBy,nvarchar
Vendor Management,,vw_MasterVendorRateCard,Id,uniqueidentifier
Vendor Management,,vw_MasterVendorRateCard,SkillsetId,uniqueidentifier
Vendor Management,,vw_MasterVendorRateCard,CompanyId,uniqueidentifier
Vendor Management,,vw_MasterVendorRateCard,VendorId,uniqueidentifier
Vendor Management,,vw_MasterVendorRateCard,IsActive,bit
Vendor Management,,vw_MasterVendorRateCard,LocationId,varchar
Vendor Management,,vw_MasterVendorRateCard,CurrencyId,uniqueidentifier
Vendor Management,,vw_MasterVendorRateCard,BusinessSupport,nvarchar
Vendor Management,,vw_MasterVendorRateCard,BusinessSupportID,uniqueidentifier
Vendor Management,,vw_MasterVendorRateCardPivot,skillsetId,uniqueidentifier
Vendor Management,,vw_MasterVendorRateCardPivot,VendorId,uniqueidentifier
Vendor Management,,vw_MasterVendorRateCardPivot,VendorSAPID,int
Vendor Management,,vw_MasterVendorRateCardPivot,LocationModeId,varchar
Vendor Management,,vw_MasterVendorRateCardPivot,LocationMode,nvarchar
Vendor Management,,vw_MasterVendorRateCardPivot,GradeId,uniqueidentifier
Vendor Management,,vw_MasterVendorRateCardPivot,GradePrice,decimal
Vendor Management,,vw_MasterVendorRateCardPivot,GradeType,nvarchar
Vendor Management,,vw_MasterVendorRateCardPivot,SkillType,varchar
Vendor Management,,vw_MasterVendorRateCardPivot,CompanyCode,nvarchar
Vendor Management,,vw_MasterVendorRateCardPivot,CompanyId,uniqueidentifier
Vendor Management,,vw_MasterVendorRateCardPivot,BusinessSupport,nvarchar
Vendor Management,,vw_MasterVendorRateCardPivot,BusinessSupportID,uniqueidentifier
Vendor Management,,vw_MasterVendorRateCardPivot,VendorName,nvarchar
Vendor Management,,vw_MasterVendorRateCardView,CompanyCode,nvarchar
Vendor Management,,vw_MasterVendorRateCardView,VendorName,nvarchar
Vendor Management,,vw_MasterVendorRateCardView,VendorSAPID,int
Vendor Management,,vw_MasterVendorRateCardView,Vendor SAP ID,int
Vendor Management,,vw_MasterVendorRateCardView,SkillsetName,nvarchar
Vendor Management,,vw_MasterVendorRateCardView,LocationMode,nvarchar
Vendor Management,,vw_MasterVendorRateCardView,Grade0,varchar
Vendor Management,,vw_MasterVendorRateCardView,Grade1,varchar
Vendor Management,,vw_MasterVendorRateCardView,Grade2,varchar
Vendor Management,,vw_MasterVendorRateCardView,Grade3,varchar
Vendor Management,,vw_MasterVendorRateCardView,Grade4,varchar
Vendor Management,,vw_MasterVendorRateCardView,ValidityStart,datetime
Vendor Management,,vw_MasterVendorRateCardView,ValidityEnd,datetime
Vendor Management,,vw_MasterVendorRateCardView,Currency,nvarchar
Vendor Management,,vw_MasterVendorRateCardView,PlantCurrency,uniqueidentifier
Vendor Management,,vw_MasterVendorRateCardView,Remark,nvarchar
Vendor Management,,vw_MasterVendorRateCardView,ApprovedBy,nvarchar
Vendor Management,,vw_MasterVendorRateCardView,ActionedBy,nvarchar
Vendor Management,,vw_MasterVendorRateCardView,ApprovedDate,datetime
Vendor Management,,vw_MasterVendorRateCardView,ActionedOn,datetime
Vendor Management,,vw_MasterVendorRateCardView,ApproveStatus,nvarchar
Vendor Management,,vw_MasterVendorRateCardView,ApprovalStatus,nvarchar
Vendor Management,,vw_MasterVendorRateCardView,ActiveStatus,varchar
Vendor Management,,vw_MasterVendorRateCardView,ApprovalEno,nvarchar
Vendor Management,,vw_MasterVendorRateCardView,ApproverENo,nvarchar
Vendor Management,,vw_MasterVendorRateCardView,ApprovalName,nvarchar
Vendor Management,,vw_MasterVendorRateCardView,ApproverName,nvarchar
Vendor Management,,vw_MasterVendorRateCardView,ApprovalNtid,varchar
Vendor Management,,vw_MasterVendorRateCardView,ApproverNTID,varchar
Vendor Management,,vw_MasterVendorRateCardView,CreatedOn,datetimeoffset
Vendor Management,,vw_MasterVendorRateCardView,CreatedBy,nvarchar
Vendor Management,,vw_MasterVendorRateCardView,ModifiedOn,datetimeoffset
Vendor Management,,vw_MasterVendorRateCardView,ModifiedBy,nvarchar
Vendor Management,,vw_MasterVendorRateCardView,Id,uniqueidentifier
Vendor Management,,vw_MasterVendorRateCardView,SkillsetId,uniqueidentifier
Vendor Management,,vw_MasterVendorRateCardView,CompanyId,uniqueidentifier
Vendor Management,,vw_MasterVendorRateCardView,VendorId,uniqueidentifier
Vendor Management,,vw_MasterVendorRateCardView,IsActive,bit
Vendor Management,,vw_MasterVendorRateCardView,LocationId,varchar
Vendor Management,,vw_MasterVendorRateCardView,CurrencyId,uniqueidentifier
Vendor Management,,vw_MasterVendorRateCardView,BusinessSupport,nvarchar
Vendor Management,,vw_MasterVendorRateCardView,BusinessSupportID,uniqueidentifier
Vendor Management,,vw_MasterVendorSkillset,CompanyCode,nvarchar
Vendor Management,,vw_MasterVendorSkillset,VendorName,nvarchar
Vendor Management,,vw_MasterVendorSkillset,VendorSAPID,int
Vendor Management,,vw_MasterVendorSkillset,Vendor SAP ID,int
Vendor Management,,vw_MasterVendorSkillset,SkillsetName,nvarchar
Vendor Management,,vw_MasterVendorSkillset,LocationMode,nvarchar
Vendor Management,,vw_MasterVendorSkillset,Grade0,nvarchar
Vendor Management,,vw_MasterVendorSkillset,Grade1,nvarchar
Vendor Management,,vw_MasterVendorSkillset,Grade2,nvarchar
Vendor Management,,vw_MasterVendorSkillset,Grade3,nvarchar
Vendor Management,,vw_MasterVendorSkillset,Grade4,nvarchar
Vendor Management,,vw_MasterVendorSkillset,ValidityStart,datetime
Vendor Management,,vw_MasterVendorSkillset,ValidityEnd,datetime
Vendor Management,,vw_MasterVendorSkillset,Currency,nvarchar
Vendor Management,,vw_MasterVendorSkillset,PlantCurrency,uniqueidentifier
Vendor Management,,vw_MasterVendorSkillset,Remark,nvarchar
Vendor Management,,vw_MasterVendorSkillset,ApprovedBy,nvarchar
Vendor Management,,vw_MasterVendorSkillset,ActionedBy,nvarchar
Vendor Management,,vw_MasterVendorSkillset,ApprovedDate,datetime
Vendor Management,,vw_MasterVendorSkillset,ActionedOn,datetime
Vendor Management,,vw_MasterVendorSkillset,ApproveStatus,nvarchar
Vendor Management,,vw_MasterVendorSkillset,ApprovalStatus,nvarchar
Vendor Management,,vw_MasterVendorSkillset,ActiveStatus,varchar
Vendor Management,,vw_MasterVendorSkillset,ApprovalEno,nvarchar
Vendor Management,,vw_MasterVendorSkillset,ApproverENo,nvarchar
Vendor Management,,vw_MasterVendorSkillset,ApprovalName,nvarchar
Vendor Management,,vw_MasterVendorSkillset,ApproverName,nvarchar
Vendor Management,,vw_MasterVendorSkillset,ApprovalNtid,varchar
Vendor Management,,vw_MasterVendorSkillset,ApproverNTID,varchar
Vendor Management,,vw_MasterVendorSkillset,CreatedOn,datetimeoffset
Vendor Management,,vw_MasterVendorSkillset,CreatedBy,nvarchar
Vendor Management,,vw_MasterVendorSkillset,ModifiedOn,datetimeoffset
Vendor Management,,vw_MasterVendorSkillset,ModifiedBy,nvarchar
Vendor Management,,vw_MasterVendorSkillset,Id,uniqueidentifier
Vendor Management,,vw_MasterVendorSkillset,SkillsetId,uniqueidentifier
Vendor Management,,vw_MasterVendorSkillset,CompanyId,uniqueidentifier
Vendor Management,,vw_MasterVendorSkillset,VendorId,uniqueidentifier
Vendor Management,,vw_MasterVendorSkillset,IsActive,bit
Vendor Management,,vw_MasterVendorSkillset,LocationId,varchar
Vendor Management,,vw_MasterVendorSkillset,CurrencyId,uniqueidentifier
Vendor Management,,vw_MasterVendorSkillset,BusinessSupport,nvarchar
Vendor Management,,vw_MasterVendorSkillset,BusinessSupportID,uniqueidentifier
Vendor Management,,vw_MasterVendorSkillsetCardPivot,skillsetId,uniqueidentifier
Vendor Management,,vw_MasterVendorSkillsetCardPivot,VendorId,uniqueidentifier
Vendor Management,,vw_MasterVendorSkillsetCardPivot,VendorSAPID,int
Vendor Management,,vw_MasterVendorSkillsetCardPivot,LocationModeId,varchar
Vendor Management,,vw_MasterVendorSkillsetCardPivot,LocationMode,nvarchar
Vendor Management,,vw_MasterVendorSkillsetCardPivot,GradeId,uniqueidentifier
Vendor Management,,vw_MasterVendorSkillsetCardPivot,GradePrice,nvarchar
Vendor Management,,vw_MasterVendorSkillsetCardPivot,GradeType,nvarchar
Vendor Management,,vw_MasterVendorSkillsetCardPivot,SkillType,varchar
Vendor Management,,vw_MasterVendorSkillsetCardPivot,CompanyCode,nvarchar
Vendor Management,,vw_MasterVendorSkillsetCardPivot,CompanyId,uniqueidentifier
Vendor Management,,vw_MasterVendorSkillsetCardPivot,BusinessSupport,nvarchar
Vendor Management,,vw_MasterVendorSkillsetCardPivot,BusinessSupportID,uniqueidentifier
Vendor Management,,vw_MasterVendorSkillsetCardPivot,VendorName,nvarchar
Vendor Management,,vw_NativeReport_DemandFF_Filters,TechnicalProposalNumber,varchar
Vendor Management,,vw_NativeReport_DemandFF_Filters,VendorName,nvarchar
Vendor Management,,vw_NativeReport_DemandFF_Filters,VendorEmail,nvarchar
Vendor Management,,vw_NativeReport_DemandFF_Filters,vendorSAPID,int
Vendor Management,,vw_NativeReport_DemandFF_Filters,VendorId,uniqueidentifier
Vendor Management,,vw_NativeReport_DemandFF_Filters,LocationMode,nvarchar
Vendor Management,,vw_NativeReport_DemandFF_Filters,ProjectOrg,nvarchar
Vendor Management,,vw_NativeReport_DemandFF_Filters,PersonalArea,nvarchar
Vendor Management,,vw_NativeReport_DemandFF_Filters,ResourceOnboardCompleted,varchar
Vendor Management,,vw_NativeReport_DemandFF_Filters,ReplacementOrder,varchar
Vendor Management,,vw_NativeReport_DemandFF_Filters,PartnerProgramManagerNtid,varchar
Vendor Management,,vw_NativeReport_DemandFF_Filters,DHNtid,varchar
Vendor Management,,vw_NativeReport_DemandFF_Filters,BuSpocNtid,varchar
Vendor Management,,vw_NativeReport_DemandFF_Filters,PMOSecretaryNtid,varchar
Vendor Management,,vw_NativeReport_DemandFF_Filters,SectionSpocNtid,varchar
Vendor Management,,vw_NativeReport_DemandFF_Filters,stpCreatedBy,nvarchar
Vendor Management,,vw_NativeReport_DemandFF_Filters,FirstApproverNtid,varchar
Vendor Management,,vw_NativeReport_DemandFF_Filters,CreatedOn,date
Vendor Management,,vw_NativeReport_DemandFF_Filters,DeliveryManagerNTID,varchar
Vendor Management,,vw_NativeReport_DemandFF_Filters,PatnerProgramManager,nvarchar
Vendor Management,,vw_NativeReport_DemandFF_Filters,SoWCreatedBy,nvarchar
Vendor Management,,vw_NativeReport_DemandFF_Filters,MasterSectionSpocNtid,varchar
Vendor Management,,vw_NativeReport_DemandFF_Filters,MasterDepartmentSpocNtid,varchar
Vendor Management,,vw_NativeReport_DemandFF_Filters,CompanyId,uniqueidentifier
Vendor Management,,vw_NativeReport_DemandFF_Filters,CompanyCode,nvarchar
Vendor Management,,vw_NativeReport_SRN_TNM,SRNMonth,nvarchar
Vendor Management,,vw_NativeReport_SRN_TNM,SRNNumber,varchar
Vendor Management,,vw_NativeReport_SRN_TNM,SowJdNumber,varchar
Vendor Management,,vw_NativeReport_SRN_TNM,TechnicalProposalNumber,varchar
Vendor Management,,vw_NativeReport_SRN_TNM,StatusId,int
Vendor Management,,vw_NativeReport_SRN_TNM,StatusName,varchar
Vendor Management,,vw_NativeReport_SRN_TNM,ResourceNumber,nvarchar
Vendor Management,,vw_NativeReport_SRN_TNM,ResourceName,nvarchar
Vendor Management,,vw_NativeReport_SRN_TNM,ResourceNTID,varchar
Vendor Management,,vw_NativeReport_SRN_TNM,ResourceGroup,nvarchar
Vendor Management,,vw_NativeReport_SRN_TNM,CostCenter,nvarchar
Vendor Management,,vw_NativeReport_SRN_TNM,SowJdType,nvarchar
Vendor Management,,vw_NativeReport_SRN_TNM,OutSourcingType,nvarchar
Vendor Management,,vw_NativeReport_SRN_TNM,SkillSetName,varchar
Vendor Management,,vw_NativeReport_SRN_TNM,GradeName,varchar
Vendor Management,,vw_NativeReport_SRN_TNM,DeliveryManagerName,nvarchar
Vendor Management,,vw_NativeReport_SRN_TNM,DeliveryManagerNTID,varchar
Vendor Management,,vw_NativeReport_SRN_TNM,DeliveryManagerEmail,nvarchar
Vendor Management,,vw_NativeReport_SRN_TNM,PartnerProgramManagerName,nvarchar
Vendor Management,,vw_NativeReport_SRN_TNM,PartnerProgramManagerNTID,varchar
Vendor Management,,vw_NativeReport_SRN_TNM,PartnerProgramManagerEmail,nvarchar
Vendor Management,,vw_NativeReport_SRN_TNM,VendorSAPID,int
Vendor Management,,vw_NativeReport_SRN_TNM,VendorName,nvarchar
Vendor Management,,vw_NativeReport_SRN_TNM,PONumber,nvarchar
Vendor Management,,vw_NativeReport_SRN_TNM,PurchaseOrderLineIteam,int
Vendor Management,,vw_NativeReport_SRN_TNM,UOM,nvarchar
Vendor Management,,vw_NativeReport_SRN_TNM,ResourceNonAvailability,nvarchar
Vendor Management,,vw_NativeReport_SRN_TNM,WorkingDays,nvarchar
Vendor Management,,vw_NativeReport_SRN_TNM,WorkingHours,nvarchar
Vendor Management,,vw_NativeReport_SRN_TNM,EffortPMO,nvarchar
Vendor Management,,vw_NativeReport_SRN_TNM,Cost,nvarchar
Vendor Management,,vw_NativeReport_SRN_TNM,Price,nvarchar
Vendor Management,,vw_NativeReport_SRN_TNM,TotalPOValue,nvarchar
Vendor Management,,vw_NativeReport_SRN_TNM,SRNBlockedValue,nvarchar
Vendor Management,,vw_NativeReport_SRN_TNM,PoBalance,nvarchar
Vendor Management,,vw_NativeReport_SRN_TNM,SRNBlockedQuantity,nvarchar
Vendor Management,,vw_NativeReport_SRN_TNM,BalanceQuantity,nvarchar
Vendor Management,,vw_NativeReport_SRN_TNM,CreatedOn,date
Vendor Management,,vw_NativeReport_SRN_TNM,ResourceDateOfJoining,date
Vendor Management,,vw_NativeReport_SRN_TNM,ResourceContractEndDate,date
Vendor Management,,vw_NativeReport_SRN_TNM,VendorId,uniqueidentifier
Vendor Management,,vw_NativeReport_SRN_TNM,Id,uniqueidentifier
Vendor Management,,vw_NativeReport_SRN_TNM,SoWJdCreatedBy,nvarchar
Vendor Management,,vw_NativeReport_SRN_TNM,SoWSecSpoc,varchar
Vendor Management,,vw_NativeReport_SRN_TNM,sowjdRecordOwner,varchar
Vendor Management,,vw_NativeReport_SRN_TNM,SoWDH,varchar
Vendor Management,,vw_NativeReport_SRN_TNM,SoWBuSpoc,varchar
Vendor Management,,vw_NativeReport_SRN_TNM,srnRecordOwner,varchar
Vendor Management,,vw_NativeReport_SRN_TNM,PMOSecretarySpoc,varchar
Vendor Management,,vw_NativeReport_SRN_TNM,TpRecordOwner,varchar
Vendor Management,,vw_NativeReport_SRN_TNM,ApprovalSecSpoc,varchar
Vendor Management,,vw_NativeReport_SRN_TNM,ApprovalDM,varchar
Vendor Management,,vw_NativeReport_SRN_TNM,ManagedCapacity,nvarchar
Vendor Management,,vw_NativeReport_SRN_TNM,LastUpdatedBy,nvarchar
Vendor Management,,vw_NativeReport_SRN_TNM,LastUpdatedOn,date
Vendor Management,,vw_NativeReport_SRN_TNM,PeriodStart,datetime
Vendor Management,,vw_NativeReport_SRN_TNM,SoWCreatedBy,nvarchar
Vendor Management,,vw_NativeReport_SRN_TNM,MasterSectionSpocNtid,varchar
Vendor Management,,vw_NativeReport_SRN_TNM,MasterDepartmentSpocNtid,varchar
Vendor Management,,vw_NativeReport_SRN_TNM,CompanyId,uniqueidentifier
Vendor Management,,vw_NativeReport_SRN_TNM,CompanyCode,nvarchar
Vendor Management,,vw_NativeReport_SRN_WP,SRNMonth,nvarchar
Vendor Management,,vw_NativeReport_SRN_WP,SRN_ID,uniqueidentifier
Vendor Management,,vw_NativeReport_SRN_WP,TechnicalProposal_ID,uniqueidentifier
Vendor Management,,vw_NativeReport_SRN_WP,SRNNumber,varchar
Vendor Management,,vw_NativeReport_SRN_WP,TechnicalProposalNumber,varchar
Vendor Management,,vw_NativeReport_SRN_WP,SowJdNumber,varchar
Vendor Management,,vw_NativeReport_SRN_WP,TP_Workpackage_ID,uniqueidentifier
Vendor Management,,vw_NativeReport_SRN_WP,NoofActivityDelivered,decimal
Vendor Management,,vw_NativeReport_SRN_WP,Cost,decimal
Vendor Management,,vw_NativeReport_SRN_WP,Price,decimal
Vendor Management,,vw_NativeReport_SRN_WP,ProjectName,varchar
Vendor Management,,vw_NativeReport_SRN_WP,NoofActivityPlanned,int
Vendor Management,,vw_NativeReport_SRN_WP,EstimationPerActivity,decimal
Vendor Management,,vw_NativeReport_SRN_WP,SkillSetName,varchar
Vendor Management,,vw_NativeReport_SRN_WP,GradeName,varchar
Vendor Management,,vw_NativeReport_SRN_WP,PoLineItemId,uniqueidentifier
Vendor Management,,vw_NativeReport_SRN_WP,PoNumber,varchar
Vendor Management,,vw_NativeReport_SRN_WP,SRNBlockedValue,decimal
Vendor Management,,vw_NativeReport_SRN_WP,TotalPoValue,decimal
Vendor Management,,vw_NativeReport_SRN_WP,totalWorkPackageCost,decimal
Vendor Management,,vw_NativeReport_SRN_WP,CreatedOn,date
Vendor Management,,vw_NativeReport_SRN_WP,SRNStatusID,int
Vendor Management,,vw_NativeReport_SRN_WP,status,varchar
Vendor Management,,vw_NativeReport_SRN_WP,CostCenter,nvarchar
Vendor Management,,vw_NativeReport_SRN_WP,GroupName,nvarchar
Vendor Management,,vw_NativeReport_SRN_WP,DeliveryManager,nvarchar
Vendor Management,,vw_NativeReport_SRN_WP,DeliveryManagerNTID,varchar
Vendor Management,,vw_NativeReport_SRN_WP,DeliveryManagerEmail,nvarchar
Vendor Management,,vw_NativeReport_SRN_WP,ApprovalDM,varchar
Vendor Management,,vw_NativeReport_SRN_WP,PartnerProgramManagerName,nvarchar
Vendor Management,,vw_NativeReport_SRN_WP,PartnerProgramManagerNtid,varchar
Vendor Management,,vw_NativeReport_SRN_WP,PartnerProgramManagerEmail,nvarchar
Vendor Management,,vw_NativeReport_SRN_WP,SowJdType,nvarchar
Vendor Management,,vw_NativeReport_SRN_WP,OutSourcingType,nvarchar
Vendor Management,,vw_NativeReport_SRN_WP,VendorName,nvarchar
Vendor Management,,vw_NativeReport_SRN_WP,VendorSAPID,int
Vendor Management,,vw_NativeReport_SRN_WP,VendorId,uniqueidentifier
Vendor Management,,vw_NativeReport_SRN_WP,YTD,decimal
Vendor Management,,vw_NativeReport_SRN_WP,PoBalance,nvarchar
Vendor Management,,vw_NativeReport_SRN_WP,SoWJdCreatedBy,nvarchar
Vendor Management,,vw_NativeReport_SRN_WP,SoWSecSpoc,varchar
Vendor Management,,vw_NativeReport_SRN_WP,sowjdRecordOwner,varchar
Vendor Management,,vw_NativeReport_SRN_WP,SoWDH,varchar
Vendor Management,,vw_NativeReport_SRN_WP,SoWBuSpoc,varchar
Vendor Management,,vw_NativeReport_SRN_WP,srnRecordOwner,varchar
Vendor Management,,vw_NativeReport_SRN_WP,PMOSecretarySpoc,varchar
Vendor Management,,vw_NativeReport_SRN_WP,TpRecordOwner,varchar
Vendor Management,,vw_NativeReport_SRN_WP,ApprovalSecSpoc,varchar
Vendor Management,,vw_NativeReport_SRN_WP,LastUpdatedBy,nvarchar
Vendor Management,,vw_NativeReport_SRN_WP,LastUpdatedOn,date
Vendor Management,,vw_NativeReport_SRN_WP,PeriodStart,datetime
Vendor Management,,vw_NativeReport_SRN_WP,SoWCreatedBy,nvarchar
Vendor Management,,vw_NativeReport_SRN_WP,MasterSectionSpocNtid,varchar
Vendor Management,,vw_NativeReport_SRN_WP,MasterDepartmentSpocNtid,varchar
Vendor Management,,vw_NativeReport_SRN_WP,CompanyId,uniqueidentifier
Vendor Management,,vw_NativeReport_SRN_WP,CompanyCode,nvarchar
Vendor Management,,vw_NativeReport_SRN_WP,NoActivitiesYTD,decimal
Vendor Management,,vw_OrgData,GroupId,int
Vendor Management,,vw_OrgData,GroupCode,int
Vendor Management,,vw_OrgData,GroupName,nvarchar
Vendor Management,,vw_OrgData,GroupMgrEno,int
Vendor Management,,vw_OrgData,GroupMgrName,nvarchar
Vendor Management,,vw_OrgData,GroupMgrEmail,nvarchar
Vendor Management,,vw_OrgData,DepartmentId,bigint
Vendor Management,,vw_OrgData,DepartmentCode,bigint
Vendor Management,,vw_OrgData,DepartmentName,nvarchar
Vendor Management,,vw_OrgData,DepartmentHeadEno,int
Vendor Management,,vw_OrgData,DepartmentHeadName,nvarchar
Vendor Management,,vw_OrgData,DepartmentHeadEmail,nvarchar
Vendor Management,,vw_OrgData,SectionCode,int
Vendor Management,,vw_OrgData,SectionName,nvarchar
Vendor Management,,vw_OrgData,SectionHeadEno,int
Vendor Management,,vw_OrgData,SectionHeadName,nvarchar
Vendor Management,,vw_OrgData,SectionHeadEmail,nvarchar
Vendor Management,,vw_OrgData,BuId,int
Vendor Management,,vw_OrgData,BUCode,int
Vendor Management,,vw_OrgData,BUName,nvarchar
Vendor Management,,vw_OrgData,BUHeadEno,int
Vendor Management,,vw_OrgData,BUHeadName,nvarchar
Vendor Management,,vw_OrgData,BUHeadEmail,nvarchar
Vendor Management,,vw_OrgData,SectionId,int
Vendor Management,,vw_OrgData,CompanyCode,nvarchar
Vendor Management,,vw_OrgData,Id,uniqueidentifier
Vendor Management,,vw_OrgData,ActiveStatus,varchar
Vendor Management,,vw_OrgData,IsActive,bit
Vendor Management,,vw_OrgData,CreatedOn,datetimeoffset
Vendor Management,,vw_OrgData,CreatedBy,nvarchar
Vendor Management,,vw_OrgData,ModifiedOn,datetimeoffset
Vendor Management,,vw_OrgData,ModifiedBy,nvarchar
Vendor Management,,vw_OrgData,CompanyId,uniqueidentifier
Vendor Management,,vw_planningpurchaseorders,Id,uniqueidentifier
Vendor Management,,vw_planningpurchaseorders,ponumber,nvarchar
Vendor Management,,vw_planningpurchaseorders,organizationunitid,int
Vendor Management,,vw_planningpurchaseorders,cfcycleyear,int
Vendor Management,,vw_planningpurchaseorders,VendorId,uniqueidentifier
Vendor Management,,vw_planningpurchaseorders,VendorName,nvarchar
Vendor Management,,vw_planningpurchaseorders,VendorSAPID,nvarchar
Vendor Management,,vw_planningpurchaseorders,LocationId,uniqueidentifier
Vendor Management,,vw_planningpurchaseorders,Location,nvarchar
Vendor Management,,vw_planningpurchaseorders,poLocationName,nvarchar
Vendor Management,,vw_planningpurchaseorders,poLocationNameId,uniqueidentifier
Vendor Management,,vw_planningpurchaseorders,CreatedOn,datetimeoffset
Vendor Management,,vw_planningpurchaseorders,ModifiedOn,datetimeoffset
Vendor Management,,vw_planningpurchaseorders,DeliveryDate,datetime
Vendor Management,,vw_planningpurchaseorders,ValidityStart,datetime2
Vendor Management,,vw_planningpurchaseorders,ValidityEnd,datetime2
Vendor Management,,vw_planningpurchaseorders,FundCenterId,uniqueidentifier
Vendor Management,,vw_planningpurchaseorders,FundCenterName,nvarchar
Vendor Management,,vw_planningpurchaseorders,CostCenterId,uniqueidentifier
Vendor Management,,vw_planningpurchaseorders,CostCenterName,nvarchar
Vendor Management,,vw_planningpurchaseorders,Fund,nvarchar
Vendor Management,,vw_planningpurchaseorders,BudgetCode,nvarchar
Vendor Management,,vw_planningpurchaseorders,OrderCurrency,nvarchar
Vendor Management,,vw_planningpurchaseorders,POValue,decimal
Vendor Management,,vw_planningpurchaseorders,IsDeleted,bit
Vendor Management,,vw_planningpurchaseorders,CompanyId,uniqueidentifier
Vendor Management,,vw_planningpurchaseorders,CompanyName,nvarchar
Vendor Management,,vw_PlanningResourcesDepartmentLoad,SkillsetId,uniqueidentifier
Vendor Management,,vw_PlanningResourcesDepartmentLoad,Skillset,nvarchar
Vendor Management,,vw_PlanningResourcesDepartmentLoad,GradeId,uniqueidentifier
Vendor Management,,vw_PlanningResourcesDepartmentLoad,Grade,nvarchar
Vendor Management,,vw_PlanningResourcesDepartmentLoad,LocationModeId,int
Vendor Management,,vw_PlanningResourcesDepartmentLoad,LocationMode,nvarchar
Vendor Management,,vw_PlanningResourcesDepartmentLoad,Vendor,nvarchar
Vendor Management,,vw_PlanningResourcesDepartmentLoad,CompanyId,uniqueidentifier
Vendor Management,,vw_PlanningResourcesDepartmentLoad,VendorId,uniqueidentifier
Vendor Management,,vw_PlanningResourcesDepartmentLoad,GBId,uniqueidentifier
Vendor Management,,vw_PlanningResourcesDepartmentLoad,GB,nvarchar
Vendor Management,,vw_PlanningResourcesDepartmentLoad,VKMPrice,int
Vendor Management,,vw_PlanningResourcesDepartmentLoad,SkillsetType,varchar
Vendor Management,,vw_PlanningResourcesDepartmentLoad,RateCardPrice,decimal
Vendor Management,,vw_PlanningResourcesDepartmentLoad,NonRateCardPrice,decimal
Vendor Management,,vw_PlanningResourcesDepartmentLoad,Price,decimal
Vendor Management,,vw_PlanningResourcesDepartmentLoad,EndingNumber,int
Vendor Management,,vw_PlanningResourcesDepartmentLoad,TotalEquivalentCapacity,int
Vendor Management,,vw_PlanningResourcesDepartmentLoad,TotalProjectedPO,decimal
Vendor Management,,vw_PlanningResourcesDepartmentLoad,TotalProjectedRevenue,int
Vendor Management,,vw_PlanningResourcesDepartmentLoad,IsImported,int
Vendor Management,,vw_PlanningResourcesDepartmentLoad,CreatedBy,varchar
Vendor Management,,vw_PlanningResourcesDepartmentLoad,DepartmentId,bigint
Vendor Management,,vw_PlanningResourcesDepartmentLoad,LocationId,uniqueidentifier
Vendor Management,,vw_PlanningResourcesDepartmentLoad,Location,nvarchar
Vendor Management,,vw_PlanningResourcesSectionLoad,SkillsetId,uniqueidentifier
Vendor Management,,vw_PlanningResourcesSectionLoad,Skillset,nvarchar
Vendor Management,,vw_PlanningResourcesSectionLoad,GradeId,uniqueidentifier
Vendor Management,,vw_PlanningResourcesSectionLoad,Grade,nvarchar
Vendor Management,,vw_PlanningResourcesSectionLoad,LocationModeId,int
Vendor Management,,vw_PlanningResourcesSectionLoad,LocationMode,nvarchar
Vendor Management,,vw_PlanningResourcesSectionLoad,Vendor,nvarchar
Vendor Management,,vw_PlanningResourcesSectionLoad,VendorId,uniqueidentifier
Vendor Management,,vw_PlanningResourcesSectionLoad,CompanyId,uniqueidentifier
Vendor Management,,vw_PlanningResourcesSectionLoad,GBId,uniqueidentifier
Vendor Management,,vw_PlanningResourcesSectionLoad,GB,nvarchar
Vendor Management,,vw_PlanningResourcesSectionLoad,VKMPrice,int
Vendor Management,,vw_PlanningResourcesSectionLoad,SkillsetType,varchar
Vendor Management,,vw_PlanningResourcesSectionLoad,RateCardPrice,decimal
Vendor Management,,vw_PlanningResourcesSectionLoad,NonRateCardPrice,decimal
Vendor Management,,vw_PlanningResourcesSectionLoad,Price,decimal
Vendor Management,,vw_PlanningResourcesSectionLoad,EndingNumber,int
Vendor Management,,vw_PlanningResourcesSectionLoad,TotalEquivalentCapacity,int
Vendor Management,,vw_PlanningResourcesSectionLoad,TotalProjectedPO,decimal
Vendor Management,,vw_PlanningResourcesSectionLoad,TotalProjectedRevenue,int
Vendor Management,,vw_PlanningResourcesSectionLoad,IsImported,int
Vendor Management,,vw_PlanningResourcesSectionLoad,CreatedBy,varchar
Vendor Management,,vw_PlanningResourcesSectionLoad,SectionId,bigint
Vendor Management,,vw_PlanningResourcesSectionLoad,LocationId,uniqueidentifier
Vendor Management,,vw_PlanningResourcesSectionLoad,Location,nvarchar
Vendor Management,,vw_ProjectXCompetencyActive,SkillsetId,uniqueidentifier
Vendor Management,,vw_ProjectXCompetencyActive,GradeId,uniqueidentifier
Vendor Management,,vw_ProjectXCompetencyActive,LocationModeId,int
Vendor Management,,vw_ProjectXCompetencyActive,EmployeeNumber,bigint
Vendor Management,,vw_ProjectXCompetencyActive,gbId,uniqueidentifier
Vendor Management,,vw_ProjectXCompetencyActive,PlantId,uniqueidentifier
Vendor Management,,vw_Redlake_SRN_Details,BILLING_MONTH,nvarchar
Vendor Management,,vw_Redlake_SRN_Details,FROM_DATE,datetime
Vendor Management,,vw_Redlake_SRN_Details,TO_DATE,datetime
Vendor Management,,vw_Redlake_SRN_Details,PO_TYPE,nvarchar
Vendor Management,,vw_Redlake_SRN_Details,SECTION_SPOC_NTID,varchar
Vendor Management,,vw_Redlake_SRN_Details,SECTION_SPOC_FIRSTNAME,nvarchar
Vendor Management,,vw_Redlake_SRN_Details,SECTION_SPOC_LASTNAME,nvarchar
Vendor Management,,vw_Redlake_SRN_Details,SECTION_SPOC_FULLNAME,nvarchar
Vendor Management,,vw_Redlake_SRN_Details,SECTION_SPOC_EMAIL,nvarchar
Vendor Management,,vw_Redlake_SRN_Details,FIRST_LEVEL_APPROVER_FIRSTNAME,nvarchar
Vendor Management,,vw_Redlake_SRN_Details,FIRST_LEVEL_APPROVER_LASTNAME,nvarchar
Vendor Management,,vw_Redlake_SRN_Details,FIRST_LEVEL_APPROVER_FULLNAME,nvarchar
Vendor Management,,vw_Redlake_SRN_Details,FIRST_LEVEL_APPROVER_EMAIL,nvarchar
Vendor Management,,vw_Redlake_SRN_Details,ApprovalSecSpoc,varchar
Vendor Management,,vw_Redlake_SRN_Details,SKILLSET,varchar
Vendor Management,,vw_Redlake_SRN_Details,SOW_JD_ID,varchar
Vendor Management,,vw_Redlake_SRN_Details,EMPLOYEE_NUMBER,nvarchar
Vendor Management,,vw_Redlake_SRN_Details,EMPLOYEE_NAME_TITLE,nvarchar
Vendor Management,,vw_Redlake_SRN_Details,EMPLOYEE_NAME_FirstName,nvarchar
Vendor Management,,vw_Redlake_SRN_Details,EMPLOYEE_NAME_LastName,nvarchar
Vendor Management,,vw_Redlake_SRN_Details,GRADE,varchar
Vendor Management,,vw_Redlake_SRN_Details,RESOURCE_COST,decimal
Vendor Management,,vw_Redlake_SRN_Details,SRN_NUMBER,varchar
Vendor Management,,vw_Redlake_SRN_Details,INVOICE_NUMBER,varchar
Vendor Management,,vw_Redlake_SRN_Details,EFFORT_PMO,decimal
Vendor Management,,vw_Redlake_SRN_Details,EFFORT_HOURS,decimal
Vendor Management,,vw_Redlake_SRN_Details,PONumber,nvarchar
Vendor Management,,vw_Redlake_SRN_Details,PRICE,decimal
Vendor Management,,vw_Redlake_SRN_Details,SRN_VALUE,decimal
Vendor Management,,vw_Redlake_SRN_Details,STATUS,varchar
Vendor Management,,vw_Redlake_SRN_Details,SRN_SUBMISSION_DATE,datetimeoffset
Vendor Management,,vw_Redlake_SRN_Details,VENDOR_Name,nvarchar
Vendor Management,,vw_Redlake_SRN_Details,Outsourcing_Mode,nvarchar
Vendor Management,,vw_Redlake_SRN_Details,Location_Mode,nvarchar
Vendor Management,,vw_Redlake_SRN_Details,CustomerType,varchar
Vendor Management,,vw_Redlake_SRN_Details,GroupObjectID,bigint
Vendor Management,,vw_Redlake_SRN_Details,CompanyCode,nvarchar
Vendor Management,,vw_ResourceCommercialActive,employeenumber,bigint
Vendor Management,,vw_ResourceCommercialActive,vendorid,uniqueidentifier
Vendor Management,,vw_ResourceFilters,Id,varchar
Vendor Management,,vw_ResourceFilters,Name,nvarchar
Vendor Management,,vw_ResourceFilters,Group,varchar
Vendor Management,,vw_ResourceOrgDataActive,SectionId,bigint
Vendor Management,,vw_ResourceOrgDataActive,EmployeeNumber,bigint
Vendor Management,,vw_ResourceOrgDataActive,BuId,bigint
Vendor Management,,vw_ResourceOrgDataActive,DepartmentId,bigint
Vendor Management,,vw_RM_AccessoriesSPOCDetails,PlantId,uniqueidentifier
Vendor Management,,vw_RM_AccessoriesSPOCDetails,Email,nvarchar
Vendor Management,,vw_RM_AccessoriesSPOCDetails,ValidityStart,datetime
Vendor Management,,vw_RM_AccessoriesSPOCDetails,ValidityEnd,datetime
Vendor Management,,vw_RM_AssetSPOCDetails,PlantId,uniqueidentifier
Vendor Management,,vw_RM_AssetSPOCDetails,Email,nvarchar
Vendor Management,,vw_RM_AssetSPOCDetails,ValidityStart,datetime
Vendor Management,,vw_RM_AssetSPOCDetails,ValidityEnd,datetime
Vendor Management,,vw_RM_BuSPOCDetails,BuId,bigint
Vendor Management,,vw_RM_BuSPOCDetails,SpocFullName,nvarchar
Vendor Management,,vw_RM_BuSPOCDetails,Ntid,varchar
Vendor Management,,vw_RM_BuSPOCDetails,SpocName,nvarchar
Vendor Management,,vw_RM_BuSPOCDetails,Email,nvarchar
Vendor Management,,vw_RM_BuSPOCDetails,ValidityStart,datetime
Vendor Management,,vw_RM_BuSPOCDetails,ValidityEnd,datetime
Vendor Management,,vw_RM_BuSPOCDetails,CompanyId,uniqueidentifier
Vendor Management,,vw_RM_DB_SOWJD,Id,uniqueidentifier
Vendor Management,,vw_RM_DB_SOWJD,SowJdNumber,varchar
Vendor Management,,vw_RM_DB_SOWJD,Group,varchar
Vendor Management,,vw_RM_DB_SOWJD,CreatedBy,nvarchar
Vendor Management,,vw_RM_DB_SOWJD,ModifiedBy,varchar
Vendor Management,,vw_RM_DB_SOWJD,CreatedOn,datetime
Vendor Management,,vw_RM_DB_SOWJD,ModifiedOn,datetime
Vendor Management,,vw_RM_DB_SOWJD,RecordOwner,varchar
Vendor Management,,vw_RM_DB_SOWJD,BUSpoc,nvarchar
Vendor Management,,vw_RM_DB_SOWJD,BuHot,nvarchar
Vendor Management,,vw_RM_DB_SOWJD,groupId,int
Vendor Management,,vw_RM_DB_SOWJD,DH,varchar
Vendor Management,,vw_RM_DB_SOWJD,SecSpoc,varchar
Vendor Management,,vw_RM_DB_SOWJD,CompanyId,uniqueidentifier
Vendor Management,,vw_RM_DB_SOWJD,BuSpocNTID,varchar
Vendor Management,,vw_RM_DB_SOWJD,PMOSecretarySpoc,varchar
Vendor Management,,vw_RM_DB_SOWJD,GroupName,nvarchar
Vendor Management,,vw_RM_DB_SOWJD,DepartmentName,nvarchar
Vendor Management,,vw_RM_DB_SOWJD,BUName,nvarchar
Vendor Management,,vw_RM_DB_SOWJD,BUHeadName,nvarchar
Vendor Management,,vw_RM_DB_SOWJD,CompanyCode,nvarchar
Vendor Management,,vw_RM_DB_SOWJD,ActiveStatus,varchar
Vendor Management,,vw_RM_DeboardingSPOCDetails,PlantId,uniqueidentifier
Vendor Management,,vw_RM_DeboardingSPOCDetails,Email,nvarchar
Vendor Management,,vw_RM_DeboardingSPOCDetails,ValidityStart,datetime
Vendor Management,,vw_RM_DeboardingSPOCDetails,ValidityEnd,datetime
Vendor Management,,vw_RM_EmployeeCardSPOCDetails,PlantId,uniqueidentifier
Vendor Management,,vw_RM_EmployeeCardSPOCDetails,Email,nvarchar
Vendor Management,,vw_RM_EmployeeCardSPOCDetails,ValidityStart,datetime
Vendor Management,,vw_RM_EmployeeCardSPOCDetails,ValidityEnd,datetime
Vendor Management,,vw_RM_MasterGBBusinessArea,CompanyCode,nvarchar
Vendor Management,,vw_RM_MasterGBBusinessArea,GBCode,nvarchar
Vendor Management,,vw_RM_MasterGBBusinessArea,GBDescription,nvarchar
Vendor Management,,vw_RM_MasterGBBusinessArea,Id,uniqueidentifier
Vendor Management,,vw_RM_MasterGBBusinessArea,CompanyId,uniqueidentifier
Vendor Management,,vw_RM_NTIDSPOCDetails,PlantId,uniqueidentifier
Vendor Management,,vw_RM_NTIDSPOCDetails,Email,nvarchar
Vendor Management,,vw_RM_NTIDSPOCDetails,ValidityStart,datetime
Vendor Management,,vw_RM_NTIDSPOCDetails,ValidityEnd,datetime
Vendor Management,,vw_RM_OrgDataDetails,GroupId,int
Vendor Management,,vw_RM_OrgDataDetails,DepartmentName,nvarchar
Vendor Management,,vw_RM_OrgDataDetails,SectionName,nvarchar
Vendor Management,,vw_RM_OrgDataDetails,GroupName,nvarchar
Vendor Management,,vw_RM_OrgDataDetails,BUName,nvarchar
Vendor Management,,vw_RM_SapIdmSPOCDetails,PlantId,uniqueidentifier
Vendor Management,,vw_RM_SapIdmSPOCDetails,Email,nvarchar
Vendor Management,,vw_RM_SapIdmSPOCDetails,ValidityStart,datetime
Vendor Management,,vw_RM_SapIdmSPOCDetails,ValidityEnd,datetime
Vendor Management,,vw_RM_SectionSPOCDetails,SectionId,bigint
Vendor Management,,vw_RM_SectionSPOCDetails,SpocFullName,nvarchar
Vendor Management,,vw_RM_SectionSPOCDetails,Ntid,varchar
Vendor Management,,vw_RM_SectionSPOCDetails,Email,nvarchar
Vendor Management,,vw_RM_SectionSPOCDetails,ValidityStart,datetime
Vendor Management,,vw_RM_SectionSPOCDetails,ValidityEnd,datetime
Vendor Management,,vw_RM_TransportSPOCDetails,PlantId,uniqueidentifier
Vendor Management,,vw_RM_TransportSPOCDetails,Email,nvarchar
Vendor Management,,vw_RM_TransportSPOCDetails,ValidityStart,datetime
Vendor Management,,vw_RM_TransportSPOCDetails,ValidityEnd,datetime
Vendor Management,,vw_Sections,SectionId,int
Vendor Management,,vw_Sections,SectionName,nvarchar
Vendor Management,,vw_SOWJD,Id,uniqueidentifier
Vendor Management,,vw_SOWJD,CompanyId,uniqueidentifier
Vendor Management,,vw_SOWJD,CurrentYear,int
Vendor Management,,vw_SOWJD,SowJdNumber,varchar
Vendor Management,,vw_SOWJD,SowJdTypeId,uniqueidentifier
Vendor Management,,vw_SOWJD,Description,varchar
Vendor Management,,vw_SOWJD,CustomerTypeId,uniqueidentifier
Vendor Management,,vw_SOWJD,CustomerName,varchar
Vendor Management,,vw_SOWJD,WbsId,uniqueidentifier
Vendor Management,,vw_SOWJD,InternalResourceCheckdone,smallint
Vendor Management,,vw_SOWJD,IsCustomerApprovalAvailable,smallint
Vendor Management,,vw_SOWJD,IsprojectGDPRRelevant,smallint
Vendor Management,,vw_SOWJD,IsStandardGPAIsSufficient,smallint
Vendor Management,,vw_SOWJD,C2PAgreement,smallint
Vendor Management,,vw_SOWJD,IsResourceAugmentationNeedExtensionOfC2P,smallint
Vendor Management,,vw_SOWJD,C2PDocumentPrepared,smallint
Vendor Management,,vw_SOWJD,OutSourcingTypeId,uniqueidentifier
Vendor Management,,vw_SOWJD,StartDate,datetime
Vendor Management,,vw_SOWJD,EndDate,datetime
Vendor Management,,vw_SOWJD,PlantId,uniqueidentifier
Vendor Management,,vw_SOWJD,BudgetCodeId,uniqueidentifier
Vendor Management,,vw_SOWJD,MaterialGroupId,uniqueidentifier
Vendor Management,,vw_SOWJD,FundId,uniqueidentifier
Vendor Management,,vw_SOWJD,FundCenterId,uniqueidentifier
Vendor Management,,vw_SOWJD,ProjectedPoValue,decimal
Vendor Management,,vw_SOWJD,Status,int
Vendor Management,,vw_SOWJD,CurrencyTypeId,uniqueidentifier
Vendor Management,,vw_SOWJD,Group,varchar
Vendor Management,,vw_SOWJD,Section,varchar
Vendor Management,,vw_SOWJD,Department,varchar
Vendor Management,,vw_SOWJD,CreatedBy,nvarchar
Vendor Management,,vw_SOWJD,ModifiedBy,varchar
Vendor Management,,vw_SOWJD,CreatedOn,datetime
Vendor Management,,vw_SOWJD,ModifiedOn,datetime
Vendor Management,,vw_SOWJD,Id_Identity,int
Vendor Management,,vw_SOWJD,remarks,varchar
Vendor Management,,vw_SOWJD,CostCenter,uniqueidentifier
Vendor Management,,vw_SOWJD,DMRemarks,varchar
Vendor Management,,vw_SOWJD,LocationModeId,int
Vendor Management,,vw_SOWJD,RecordOwner,varchar
Vendor Management,,vw_SOWJD,BUSpoc,nvarchar
Vendor Management,,vw_SOWJD,BuHot,nvarchar
Vendor Management,,vw_SOWJD,groupId,int
Vendor Management,,vw_SOWJD,SowjdReference,uniqueidentifier
Vendor Management,,vw_SOWJD,L1DeligationCount,int
Vendor Management,,vw_SOWJD,L2DeligationCount,int
Vendor Management,,vw_SOWJD,isRepeatOutsourcing,nvarchar
Vendor Management,,vw_SOWJD,DH,varchar
Vendor Management,,vw_SOWJD,actulSecSpoc,varchar
Vendor Management,,vw_SOWJD,SectionId,bigint
Vendor Management,,vw_SOWJD,SecSpocFullName,nvarchar
Vendor Management,,vw_SOWJD,BuSpocNTID,varchar
Vendor Management,,vw_SOWJD,BuId,bigint
Vendor Management,,vw_SOWJD,buSpocFullName,nvarchar
Vendor Management,,vw_SOWJD,SecSpoc,varchar
Vendor Management,,vw_SOWJD,secSpocEmpNumber,nvarchar
Vendor Management,,vw_SOWJD,DepartmentHeadNtid,varchar
Vendor Management,,vw_SOWJD,DepartmentHeadEmpNumber,bigint
Vendor Management,,vw_SOWJD,PMOSecretarySpoc,varchar
Vendor Management,,vw_SowJD_ChangeManagement_GetAll,Id,uniqueidentifier
Vendor Management,,vw_SowJD_ChangeManagement_GetAll,SoW_JD_ID,uniqueidentifier
Vendor Management,,vw_SowJD_ChangeManagement_GetAll,SoWJD_CR_Number,nvarchar
Vendor Management,,vw_SowJD_ChangeManagement_GetAll,SelectedChangeTypeId,int
Vendor Management,,vw_SowJD_ChangeManagement_GetAll,ChangeTypeName,nvarchar
Vendor Management,,vw_SowJD_ChangeManagement_GetAll,BillingMonthId,uniqueidentifier
Vendor Management,,vw_SowJD_ChangeManagement_GetAll,BillingMonth,nvarchar
Vendor Management,,vw_SowJD_ChangeManagement_GetAll,EffectiveDate,date
Vendor Management,,vw_SowJD_ChangeManagement_GetAll,GroupId,bigint
Vendor Management,,vw_SowJD_ChangeManagement_GetAll,GroupName,nvarchar
Vendor Management,,vw_SowJD_ChangeManagement_GetAll,BUName,nvarchar
Vendor Management,,vw_SowJD_ChangeManagement_GetAll,SectionName,nvarchar
Vendor Management,,vw_SowJD_ChangeManagement_GetAll,DepartmentName,nvarchar
Vendor Management,,vw_SowJD_ChangeManagement_GetAll,CostCenterId,uniqueidentifier
Vendor Management,,vw_SowJD_ChangeManagement_GetAll,CostCenter,nvarchar
Vendor Management,,vw_SowJD_ChangeManagement_GetAll,ProjectEndDate,date
Vendor Management,,vw_SowJD_ChangeManagement_GetAll,SoWCrStatusId,int
Vendor Management,,vw_SowJD_ChangeManagement_GetAll,SowJdCrStatus,nvarchar
Vendor Management,,vw_SowJD_ChangeManagement_GetAll,FirstLevelDelegateCount,int
Vendor Management,,vw_SowJD_ChangeManagement_GetAll,SecondLevelDelegateCount,int
Vendor Management,,vw_SowJD_ChangeManagement_GetAll,FirstLevelApprovalEmpNumber,bigint
Vendor Management,,vw_SowJD_ChangeManagement_GetAll,FirstLevelApprovalName,nvarchar
Vendor Management,,vw_SowJD_ChangeManagement_GetAll,FirstLevelApprovalNTId,varchar
Vendor Management,,vw_SowJD_ChangeManagement_GetAll,SecondLevelApprovalEmpNumber,bigint
Vendor Management,,vw_SowJD_ChangeManagement_GetAll,SecondLevelApprovalName,nvarchar
Vendor Management,,vw_SowJD_ChangeManagement_GetAll,SecondLevelApprovalNTId,varchar
Vendor Management,,vw_SowJD_ChangeManagement_GetAll,RecordOwnerEmpNumber,bigint
Vendor Management,,vw_SowJD_ChangeManagement_GetAll,RecordOwnerNTId,varchar
Vendor Management,,vw_SowJD_ChangeManagement_GetAll,RecordOwnerName,nvarchar
Vendor Management,,vw_SowJD_ChangeManagement_GetAll,IsSecondLevelApprovalRequired,bit
Vendor Management,,vw_SowJD_ChangeManagement_GetAll,CreatedOn,datetimeoffset
Vendor Management,,vw_SowJD_ChangeManagement_GetAll,CreatedBy,nvarchar
Vendor Management,,vw_SowJD_ChangeManagement_GetAll,CreatedByName,nvarchar
Vendor Management,,vw_SowJD_ChangeManagement_GetAll,ModifiedOn,datetimeoffset
Vendor Management,,vw_SowJD_ChangeManagement_GetAll,ModifiedBy,nvarchar
Vendor Management,,vw_SowJD_ChangeManagement_GetAll,sjdCreatedBy,nvarchar
Vendor Management,,vw_SowJD_ChangeManagement_GetAll,sjdDH,varchar
Vendor Management,,vw_SowJD_ChangeManagement_GetAll,sjdSecSpoc,varchar
Vendor Management,,vw_SowJD_ChangeManagement_GetAll,sjdSecSpocEmpNumber,nvarchar
Vendor Management,,vw_SowJD_ChangeManagement_GetAll,sjdRecordOwner,varchar
Vendor Management,,vw_SowJD_ChangeManagement_GetAll,sjdPMOSecretarySpoc,varchar
Vendor Management,,vw_SowJD_ChangeManagement_GetAll,SowCreatedByNtid,varchar
Vendor Management,,vw_SowJD_ChangeManagement_GetAll,SowCreatedByFullname,nvarchar
Vendor Management,,vw_SowJD_ChangeManagement_GetAll,SowRecordOwnerNtid,varchar
Vendor Management,,vw_SowJD_ChangeManagement_GetAll,SowRecordOwnerFullname,nvarchar
Vendor Management,,vw_SowJD_ChangeManagement_GetAll,PlantCode,nvarchar
Vendor Management,,vw_SowJD_ChangeManagement_GetAll,PlantName,nvarchar
Vendor Management,,vw_SowJD_ChangeManagement_GetAll,ChangeManagementPMOSecretarySpoc,varchar
Vendor Management,,vw_SowJD_ChangeManagement_GetAll,ChangeManagementBuSpocNTID,varchar
Vendor Management,,vw_SowJD_ChangeManagement_GetAll,ChangeManagementSecSpoc,varchar
Vendor Management,,vw_SowJD_ChangeManagement_GetAll,ChangeManagementDH,varchar
Vendor Management,,vw_SowJD_ChangeManagement_GetAll,SowJdNumber,varchar
Vendor Management,,vw_SowJD_ChangeManagement_GetAll,CompanyShortName,nvarchar
Vendor Management,,vw_SowJD_ChangeManagement_GetAll,CompanyId,uniqueidentifier
Vendor Management,,vw_SowJD_ChangeManagement_GetAll,CompanyName,nvarchar
Vendor Management,,vw_SowJD_ChangeManagement_GetAll,Currency,nvarchar
Vendor Management,,vw_SowJD_ChangeManagement_GetAll,CustomerType,nvarchar
Vendor Management,,vw_SowJD_ChangeManagement_GetAll,SowJdType,nvarchar
Vendor Management,,vw_SowJD_ChangeManagement_GetAll,SowjdTypeCode,varchar
Vendor Management,,vw_SowJD_ChangeManagement_GetAll,SowJdTypeId,uniqueidentifier
Vendor Management,,vw_SowJD_ChangeManagement_GetAll,sowJdId,uniqueidentifier
Vendor Management,,vw_SowJD_ChangeManagement_GetAll,sowJdCrId,uniqueidentifier
Vendor Management,,vw_SowJD_ChangeManagement_GetAll,CustomerTypeId,uniqueidentifier
Vendor Management,,vw_SowJD_ChangeManagement_GetAll,Wbselement,nvarchar
Vendor Management,,vw_SowJD_ChangeManagement_GetAll,BudgetCode,nvarchar
Vendor Management,,vw_SowJD_ChangeManagement_GetAll,FundCenter,nvarchar
Vendor Management,,vw_SowJD_ChangeManagement_GetAll,FundDetails,nvarchar
Vendor Management,,vw_SowJD_ChangeManagement_GetAll,OutSourcingType,nvarchar
Vendor Management,,vw_SowJD_ChangeManagement_GetAll,OutSourcingCode,varchar
Vendor Management,,vw_SowJD_ChangeManagement_GetAll,LocationMode,nvarchar
Vendor Management,,vw_SowJD_ChangeManagement_GetAll,SoWProjectStartDate,datetime
Vendor Management,,vw_SowJD_ChangeManagement_GetAll,SoWProjectEndDate,date
Vendor Management,,vw_SowJD_ChangeManagement_GetAll,MaterialGroupId,uniqueidentifier
Vendor Management,,vw_SowJD_ChangeManagement_GetAll,MaterialGroup,nvarchar
Vendor Management,,vw_SowJD_ChangeManagement_GetAll,sJdSecondLevelApproval,varchar
Vendor Management,,vw_SowJD_ChangeManagement_GetAll,sjdBuSPoc,varchar
Vendor Management,,vw_SowJD_ChangeManagement_GetAll,SjdDeptNtid,varchar
Vendor Management,,vw_SOWJD_EXTN,Id,uniqueidentifier
Vendor Management,,vw_SOWJD_EXTN,CompanyId,uniqueidentifier
Vendor Management,,vw_SOWJD_EXTN,CurrentYear,int
Vendor Management,,vw_SOWJD_EXTN,SowJdNumber,varchar
Vendor Management,,vw_SOWJD_EXTN,SowJdTypeId,uniqueidentifier
Vendor Management,,vw_SOWJD_EXTN,Description,varchar
Vendor Management,,vw_SOWJD_EXTN,CustomerTypeId,uniqueidentifier
Vendor Management,,vw_SOWJD_EXTN,CustomerName,varchar
Vendor Management,,vw_SOWJD_EXTN,WbsId,uniqueidentifier
Vendor Management,,vw_SOWJD_EXTN,InternalResourceCheckdone,smallint
Vendor Management,,vw_SOWJD_EXTN,IsCustomerApprovalAvailable,smallint
Vendor Management,,vw_SOWJD_EXTN,IsprojectGDPRRelevant,smallint
Vendor Management,,vw_SOWJD_EXTN,IsStandardGPAIsSufficient,smallint
Vendor Management,,vw_SOWJD_EXTN,C2PAgreement,smallint
Vendor Management,,vw_SOWJD_EXTN,IsResourceAugmentationNeedExtensionOfC2P,smallint
Vendor Management,,vw_SOWJD_EXTN,C2PDocumentPrepared,smallint
Vendor Management,,vw_SOWJD_EXTN,OutSourcingTypeId,uniqueidentifier
Vendor Management,,vw_SOWJD_EXTN,StartDate,datetime
Vendor Management,,vw_SOWJD_EXTN,EndDate,datetime
Vendor Management,,vw_SOWJD_EXTN,PlantId,uniqueidentifier
Vendor Management,,vw_SOWJD_EXTN,BudgetCodeId,uniqueidentifier
Vendor Management,,vw_SOWJD_EXTN,MaterialGroupId,uniqueidentifier
Vendor Management,,vw_SOWJD_EXTN,FundId,uniqueidentifier
Vendor Management,,vw_SOWJD_EXTN,FundCenterId,uniqueidentifier
Vendor Management,,vw_SOWJD_EXTN,ProjectedPoValue,decimal
Vendor Management,,vw_SOWJD_EXTN,Status,int
Vendor Management,,vw_SOWJD_EXTN,CurrencyTypeId,uniqueidentifier
Vendor Management,,vw_SOWJD_EXTN,Group,varchar
Vendor Management,,vw_SOWJD_EXTN,Section,varchar
Vendor Management,,vw_SOWJD_EXTN,Department,varchar
Vendor Management,,vw_SOWJD_EXTN,CreatedBy,nvarchar
Vendor Management,,vw_SOWJD_EXTN,ModifiedBy,varchar
Vendor Management,,vw_SOWJD_EXTN,CreatedOn,datetime
Vendor Management,,vw_SOWJD_EXTN,ModifiedOn,datetime
Vendor Management,,vw_SOWJD_EXTN,Id_Identity,int
Vendor Management,,vw_SOWJD_EXTN,remarks,varchar
Vendor Management,,vw_SOWJD_EXTN,CostCenter,uniqueidentifier
Vendor Management,,vw_SOWJD_EXTN,DMRemarks,varchar
Vendor Management,,vw_SOWJD_EXTN,LocationModeId,int
Vendor Management,,vw_SOWJD_EXTN,RecordOwner,varchar
Vendor Management,,vw_SOWJD_EXTN,BUSpoc,nvarchar
Vendor Management,,vw_SOWJD_EXTN,BuHot,nvarchar
Vendor Management,,vw_SOWJD_EXTN,groupId,int
Vendor Management,,vw_SOWJD_EXTN,SowjdReference,uniqueidentifier
Vendor Management,,vw_SOWJD_EXTN,L1DeligationCount,int
Vendor Management,,vw_SOWJD_EXTN,L2DeligationCount,int
Vendor Management,,vw_SOWJD_EXTN,isRepeatOutsourcing,nvarchar
Vendor Management,,vw_SOWJD_EXTN,DH,varchar
Vendor Management,,vw_SOWJD_EXTN,actulSecSpoc,varchar
Vendor Management,,vw_SOWJD_EXTN,BuSpocNTID,varchar
Vendor Management,,vw_SOWJD_EXTN,SecSpoc,varchar
Vendor Management,,vw_SOWJD_EXTN,PMOSecretarySpoc,varchar
Vendor Management,,vw_SOWJD_GetRFQByVendorAndSowJd,Id,uniqueidentifier
Vendor Management,,vw_SOWJD_GetRFQByVendorAndSowJd,SowJdId,uniqueidentifier
Vendor Management,,vw_SOWJD_GetRFQByVendorAndSowJd,VendorId,uniqueidentifier
Vendor Management,,vw_SOWJD_GetRFQByVendorAndSowJd,EndDate,date
Vendor Management,,vw_SOWJD_GetRFQByVendorAndSowJd,CreatedDate,datetime
Vendor Management,,vw_SOWJD_GetRFQByVendorAndSowJd,SowJdRfqNumber,nvarchar
Vendor Management,,vw_SOWJD_GetRFQByVendorAndSowJd,CreatedBy,nvarchar
Vendor Management,,vw_SOWJD_GetRFQByVendorAndSowJd,WithDrawRemarks,varchar
Vendor Management,,vw_SOWJD_GetRFQByVendorAndSowJd,Remarks,varchar
Vendor Management,,vw_SOWJD_GetRFQByVendorAndSowJd,Status,smallint
Vendor Management,,vw_SOWJD_GetRFQByVendorAndSowJd,secspocRemarks,varchar
Vendor Management,,vw_SOWJD_GetRFQByVendorAndSowJd,startdate,datetime
Vendor Management,,vw_SOWJD_GetRFQByVendorAndSowJd,ModifiedOn,datetime
Vendor Management,,vw_SOWJD_GetRFQByVendorAndSowJd,ModifiedBy,nvarchar
Vendor Management,,vw_SOWJD_GetRFQByVendorAndSowJd,createdOn,datetimeoffset
Vendor Management,,vw_SOWJD_GetRFQByVendorAndSowJd,creator,varchar
Vendor Management,,vw_SOWJD_GetRFQByVendorAndSowJd,RecordOwner,varchar
Vendor Management,,vw_SOWJD_GetRFQByVendorAndSowJd,CompanyCode,nvarchar
Vendor Management,,vw_SOWJD_GetRFQByVendorAndSowJd,VendorSAPID,int
Vendor Management,,vw_SOWJD_GetRFQByVendorAndSowJd,VendorName,nvarchar
Vendor Management,,vw_SOWJD_GetRFQByVendorAndSowJd,SowJdNumber,varchar
Vendor Management,,vw_SOWJD_GetRFQByVendorAndSowJd,SowJdTypeId,uniqueidentifier
Vendor Management,,vw_SOWJD_GetRFQByVendorAndSowJd,Description,varchar
Vendor Management,,vw_SOWJD_RFQ,Id,uniqueidentifier
Vendor Management,,vw_SOWJD_RFQ,SowJdId,uniqueidentifier
Vendor Management,,vw_SOWJD_RFQ,VendorId,uniqueidentifier
Vendor Management,,vw_SOWJD_RFQ,EndDate,date
Vendor Management,,vw_SOWJD_RFQ,CreatedDate,datetime
Vendor Management,,vw_SOWJD_RFQ,SowJdRfqNumber,nvarchar
Vendor Management,,vw_SOWJD_RFQ,CreatedBy,nvarchar
Vendor Management,,vw_SOWJD_RFQ,WithDrawRemarks,varchar
Vendor Management,,vw_SOWJD_RFQ,Remarks,varchar
Vendor Management,,vw_SOWJD_RFQ,Status,smallint
Vendor Management,,vw_SOWJD_RFQ,secspocRemarks,varchar
Vendor Management,,vw_SOWJD_RFQ,startdate,datetime
Vendor Management,,vw_SOWJD_RFQ,ModifiedOn,datetime
Vendor Management,,vw_SOWJD_RFQ,ModifiedBy,nvarchar
Vendor Management,,vw_SOWJD_RFQ,createdOn,datetimeoffset
Vendor Management,,vw_SOWJD_RFQ,creator,varchar
Vendor Management,,vw_SOWJD_RFQ,RecordOwner,varchar
Vendor Management,,vw_SOWJD_RFQ,IsDeleted,bit
Vendor Management,,vw_SOWJD_RFQ,BuSpocNTID,varchar
Vendor Management,,vw_SOWJD_RFQ,PMOSecretarySpoc,varchar
Vendor Management,,vw_SOWJD_RFQ,sowjdSecSpoc,varchar
Vendor Management,,vw_SOWJD_RFQ,sowjdDH,varchar
Vendor Management,,vw_SOWJD_RFQ_EXTN,Id,uniqueidentifier
Vendor Management,,vw_SOWJD_RFQ_EXTN,SowJdId,uniqueidentifier
Vendor Management,,vw_SOWJD_RFQ_EXTN,VendorId,uniqueidentifier
Vendor Management,,vw_SOWJD_RFQ_EXTN,EndDate,date
Vendor Management,,vw_SOWJD_RFQ_EXTN,CreatedDate,datetime
Vendor Management,,vw_SOWJD_RFQ_EXTN,SowJdRfqNumber,nvarchar
Vendor Management,,vw_SOWJD_RFQ_EXTN,CreatedBy,nvarchar
Vendor Management,,vw_SOWJD_RFQ_EXTN,WithDrawRemarks,varchar
Vendor Management,,vw_SOWJD_RFQ_EXTN,Remarks,varchar
Vendor Management,,vw_SOWJD_RFQ_EXTN,Status,smallint
Vendor Management,,vw_SOWJD_RFQ_EXTN,secspocRemarks,varchar
Vendor Management,,vw_SOWJD_RFQ_EXTN,startdate,datetime
Vendor Management,,vw_SOWJD_RFQ_EXTN,ModifiedOn,datetime
Vendor Management,,vw_SOWJD_RFQ_EXTN,ModifiedBy,nvarchar
Vendor Management,,vw_SOWJD_RFQ_EXTN,createdOn,datetimeoffset
Vendor Management,,vw_SOWJD_RFQ_EXTN,creator,varchar
Vendor Management,,vw_SOWJD_RFQ_EXTN,RecordOwner,varchar
Vendor Management,,vw_SOWJD_RFQ_EXTN,IsDeleted,bit
Vendor Management,,vw_SOWJD_RFQ_EXTN,BuSpocNTID,varchar
Vendor Management,,vw_SOWJD_RFQ_EXTN,PMOSecretarySpoc,varchar
Vendor Management,,vw_SOWJD_RFQ_EXTN,sowjdSecSpoc,varchar
Vendor Management,,vw_SOWJD_RFQ_EXTN,sowjdDH,varchar
Vendor Management,,vw_Sowjd_SRN,Id,uniqueidentifier
Vendor Management,,vw_Sowjd_SRN,BillingPeriodId,uniqueidentifier
Vendor Management,,vw_Sowjd_SRN,VendorId,uniqueidentifier
Vendor Management,,vw_Sowjd_SRN,PurchaseOrderId,uniqueidentifier
Vendor Management,,vw_Sowjd_SRN,SowJdId,uniqueidentifier
Vendor Management,,vw_Sowjd_SRN,SRNType,varchar
Vendor Management,,vw_Sowjd_SRN,CreatedOn,datetimeoffset
Vendor Management,,vw_Sowjd_SRN,CreatedBy,nvarchar
Vendor Management,,vw_Sowjd_SRN,ModifiedOn,datetimeoffset
Vendor Management,,vw_Sowjd_SRN,ModifiedByName,nvarchar
Vendor Management,,vw_Sowjd_SRN,ModifiedBy,nvarchar
Vendor Management,,vw_Sowjd_SRN,IsDeleted,bit
Vendor Management,,vw_Sowjd_SRN,Version,timestamp
Vendor Management,,vw_Sowjd_SRN,DM,varchar
Vendor Management,,vw_Sowjd_SRN,SRNNumber,varchar
Vendor Management,,vw_Sowjd_SRN,TechnicalProposalId,uniqueidentifier
Vendor Management,,vw_Sowjd_SRN,SRNStatusID,int
Vendor Management,,vw_Sowjd_SRN,InvoiceId,varchar
Vendor Management,,vw_Sowjd_SRN,SRNTypeID,int
Vendor Management,,vw_Sowjd_SRN,SRNValue,decimal
Vendor Management,,vw_Sowjd_SRN,TotalPMO,decimal
Vendor Management,,vw_Sowjd_SRN,ApproverEmployeeNumber,bigint
Vendor Management,,vw_Sowjd_SRN,RecordOwner,varchar
Vendor Management,,vw_Sowjd_SRN,SectionSpoc,varchar
Vendor Management,,vw_Sowjd_SRN,L1DeligationCount,int
Vendor Management,,vw_Sowjd_SRN,L2DeligationCount,int
Vendor Management,,vw_Sowjd_SRN,SectionSPOCApproval,varchar
Vendor Management,,vw_Sowjd_SRN,ApprovalDM,varchar
Vendor Management,,vw_Sowjd_SRN,ApprovalSecSpoc,varchar
Vendor Management,,vw_Sowjd_SRN,SRNBillingYear,int
Vendor Management,,vw_Sowjd_SRN,TpRecordOwner,varchar
Vendor Management,,vw_Sowjd_SRN,SoWJdCreatedBy,nvarchar
Vendor Management,,vw_Sowjd_SRN,SoWJdPMOSecretarySpoc,varchar
Vendor Management,,vw_Sowjd_SRN,SrnSoWBuSpoc,varchar
Vendor Management,,vw_Sowjd_SRN,SrnSoWSecSpoc,varchar
Vendor Management,,vw_Sowjd_SRN,SrnDH,varchar
Vendor Management,,vw_SoWJD_TP,Id,uniqueidentifier
Vendor Management,,vw_SoWJD_TP,SowJdId,uniqueidentifier
Vendor Management,,vw_SoWJD_TP,VendorId,uniqueidentifier
Vendor Management,,vw_SoWJD_TP,StartDate,date
Vendor Management,,vw_SoWJD_TP,EndDate,date
Vendor Management,,vw_SoWJD_TP,CreatedDate,date
Vendor Management,,vw_SoWJD_TP,CreatedBy,nvarchar
Vendor Management,,vw_SoWJD_TP,Remarks,nvarchar
Vendor Management,,vw_SoWJD_TP,Status,smallint
Vendor Management,,vw_SoWJD_TP,RfqId,uniqueidentifier
Vendor Management,,vw_SoWJD_TP,isSpocSignedOff,bit
Vendor Management,,vw_SoWJD_TP,isVendorSignedOff,bit
Vendor Management,,vw_SoWJD_TP,isDMSignedOff,bit
Vendor Management,,vw_SoWJD_TP,modifiedOn,datetime
Vendor Management,,vw_SoWJD_TP,modifiedBy,varchar
Vendor Management,,vw_SoWJD_TP,TechnicalProposalNumber,varchar
Vendor Management,,vw_SoWJD_TP,secspocActionBy,nvarchar
Vendor Management,,vw_SoWJD_TP,DMActionBy,nvarchar
Vendor Management,,vw_SoWJD_TP,InitateSignOff,bit
Vendor Management,,vw_SoWJD_TP,creator,varchar
Vendor Management,,vw_SoWJD_TP,RecordOwner,varchar
Vendor Management,,vw_SoWJD_TP,ManagedCapacity,nvarchar
Vendor Management,,vw_SoWJD_TP,BuSpocNTID,varchar
Vendor Management,,vw_SoWJD_TP,PMOSecretarySpoc,varchar
Vendor Management,,vw_SoWJD_TP,sowjdSecSpoc,varchar
Vendor Management,,vw_SoWJD_TP,sowjdDH,varchar
Vendor Management,,vw_SoWJD_TP_EXTN,Id,uniqueidentifier
Vendor Management,,vw_SoWJD_TP_EXTN,SowJdId,uniqueidentifier
Vendor Management,,vw_SoWJD_TP_EXTN,VendorId,uniqueidentifier
Vendor Management,,vw_SoWJD_TP_EXTN,StartDate,date
Vendor Management,,vw_SoWJD_TP_EXTN,EndDate,date
Vendor Management,,vw_SoWJD_TP_EXTN,CreatedDate,date
Vendor Management,,vw_SoWJD_TP_EXTN,CreatedBy,nvarchar
Vendor Management,,vw_SoWJD_TP_EXTN,Remarks,nvarchar
Vendor Management,,vw_SoWJD_TP_EXTN,Status,smallint
Vendor Management,,vw_SoWJD_TP_EXTN,RfqId,uniqueidentifier
Vendor Management,,vw_SoWJD_TP_EXTN,isSpocSignedOff,bit
Vendor Management,,vw_SoWJD_TP_EXTN,isVendorSignedOff,bit
Vendor Management,,vw_SoWJD_TP_EXTN,isDMSignedOff,bit
Vendor Management,,vw_SoWJD_TP_EXTN,modifiedOn,datetime
Vendor Management,,vw_SoWJD_TP_EXTN,modifiedBy,varchar
Vendor Management,,vw_SoWJD_TP_EXTN,TechnicalProposalNumber,varchar
Vendor Management,,vw_SoWJD_TP_EXTN,secspocActionBy,nvarchar
Vendor Management,,vw_SoWJD_TP_EXTN,DMActionBy,nvarchar
Vendor Management,,vw_SoWJD_TP_EXTN,InitateSignOff,bit
Vendor Management,,vw_SoWJD_TP_EXTN,creator,varchar
Vendor Management,,vw_SoWJD_TP_EXTN,RecordOwner,varchar
Vendor Management,,vw_SoWJD_TP_EXTN,ManagedCapacity,nvarchar
Vendor Management,,vw_SoWJD_TP_EXTN,BuSpocNTID,varchar
Vendor Management,,vw_SoWJD_TP_EXTN,PMOSecretarySpoc,varchar
Vendor Management,,vw_SoWJD_TP_EXTN,sowjdSecSpoc,varchar
Vendor Management,,vw_SoWJD_TP_EXTN,sowjdDH,varchar
Vendor Management,,vw_SowJD_TP_Skillsets,VendorShare,decimal
Vendor Management,,vw_SowJD_TP_Skillsets,TotalPendingCount,decimal
Vendor Management,,vw_SowJD_TP_Skillsets,IsDeleted,bit
Vendor Management,,vw_SowJD_TP_Skillsets,SoWJdSkillsetId,uniqueidentifier
Vendor Management,,vw_SowJD_TP_Skillsets,TechnicalProposalId,uniqueidentifier
Vendor Management,,vw_SowJD_TP_Skillsets,SkillsetId,uniqueidentifier
Vendor Management,,vw_SowJD_TP_Skillsets,GradeId,uniqueidentifier
Vendor Management,,vw_SowJD_TP_Skillsets,Id,uniqueidentifier
Vendor Management,,vw_SowJD_TP_Skillsets,SowJdId,uniqueidentifier
Vendor Management,,vw_SRN,Id,uniqueidentifier
Vendor Management,,vw_SRN,BillingPeriodId,uniqueidentifier
Vendor Management,,vw_SRN,VendorId,uniqueidentifier
Vendor Management,,vw_SRN,PurchaseOrderId,uniqueidentifier
Vendor Management,,vw_SRN,SowJdId,uniqueidentifier
Vendor Management,,vw_SRN,InvoiceId,varchar
Vendor Management,,vw_SRN,CreatedOn,datetimeoffset
Vendor Management,,vw_SRN,CreatedBy,nvarchar
Vendor Management,,vw_SRN,ModifiedOn,datetimeoffset
Vendor Management,,vw_SRN,ModifiedBy,nvarchar
Vendor Management,,vw_SRN,CompanyCode,nvarchar
Vendor Management,,vw_SRN,VendorSAPID,int
Vendor Management,,vw_SRN,VendorName,nvarchar
Vendor Management,,vw_SRN,BillingMonth,nvarchar
Vendor Management,,vw_SRN,PeriodStart,datetime
Vendor Management,,vw_SRN,PeriodId,int
Vendor Management,,vw_SRN,PeriodEnd,datetime
Vendor Management,,vw_SRN,StandardDays,int
Vendor Management,,vw_SRN,Ponumber,nvarchar
Vendor Management,,vw_SRN,SowJdNumber,varchar
Vendor Management,,vw_wbs,Id,uniqueidentifier
Vendor Management,,vw_wbs,WbsElement,nvarchar
Vendor Management,,vw_wbs,Description,nvarchar
Vendor Management,,vw_wbs,ProjectId,nvarchar
Vendor Management,,vw_wbs,CompanyId,uniqueidentifier
Vendor Management,,vw_wbs,CompanyCode,nvarchar
Vendor Management,,vw_wbs,PlantId,uniqueidentifier
Vendor Management,,vw_wbs,PlantCode,nvarchar
Vendor Management,,vw_wbs,PlantName,nvarchar
Vendor Management,,vw_wbs,TechnicallyCompleted,datetime
Vendor Management,,vw_wbs,BusinessArea,nvarchar
Vendor Management,,vw_wbs,SAPCreatedOn,datetime
Vendor Management,,vw_wbs,ChangedOn,datetime
Vendor Management,,vw_wbs,Source,nvarchar
Vendor Management,,vw_wbs,CreatedOn,datetimeoffset
Vendor Management,,vw_wbs,CreatedBy,nvarchar
Vendor Management,,vw_wbs,ModifiedOn,datetimeoffset
Vendor Management,,vw_wbs,ModifiedBy,nvarchar
Vendor Management,,vw_wbs,Version,timestamp
Vendor Management,,Wbs,Id,uniqueidentifier
Vendor Management,,Wbs,Wbselement,nvarchar
Vendor Management,,Wbs,Description,nvarchar
Vendor Management,,Wbs,ProjectId,nvarchar
Vendor Management,,Wbs,Source,nvarchar
Vendor Management,,Wbs,CreatedOn,datetimeoffset
Vendor Management,,Wbs,CreatedBy,nvarchar
Vendor Management,,Wbs,ModifiedOn,datetimeoffset
Vendor Management,,Wbs,ModifiedBy,nvarchar
Vendor Management,,Wbs,IsDeleted,bit
Vendor Management,,Wbs,Version,timestamp
Vendor Management,,Wbs,CompanyId,uniqueidentifier
Vendor Management,,Wbs,PlantId,uniqueidentifier
Vendor Management,,Wbs,Imported,bit
Vendor Management,,Wbs,BusinessArea,nvarchar
Vendor Management,,Wbs,TechnicallyCompleted,datetime
Vendor Management,,Wbs,ChangedOn,datetime
Vendor Management,,Wbs,SAPCreatedOn,datetime
Vendor Management,,Wbs,PlantCode,nvarchar
Vendor Management,,WBSMaster,Id,uniqueidentifier
Vendor Management,,WBSMaster,WBSElement,nvarchar
Vendor Management,,WBSMaster,Description,nvarchar
Vendor Management,,WBSMaster,ProjectId,nvarchar
Vendor Management,,WBSMaster,CompanyCode,nvarchar
Vendor Management,,WBSMaster,Plant,nvarchar
Vendor Management,,WBSMaster,TechnicallyCompleted,nvarchar
Vendor Management,,WBSMaster,Source,nvarchar
Vendor Management,,WBSMaster,IsActive,bit
Vendor Management,,WBSMaster,CreatedOn,datetime2
Vendor Management,,WBSMaster,CreatedBy,nvarchar
Vendor Management,,WBSMaster,ModifiedOn,datetime2
Vendor Management,,WBSMaster,ModifiedBy,nvarchar
