Table/View Name,Column Name,Data Type
AdminGridColumnSetting,ID,uniqueidentifier
AdminGridColumnSetting,MenuId,int
AdminGridColumnSetting,Columns,nvarchar
AdminGridColumnSetting,IsActive,bit
AdminGridColumnSetting,CreatedOn,datetimeoffset
AdminGridColumnSetting,CreatedBy,nvarchar
AdminGridColumnSetting,ModifiedOn,datetimeoffset
AdminGridColumnSetting,ModifiedBy,nvarchar
AdminGridColumnSetting,IsDeleted,bit
AdminGridColumnSetting,Version,timestamp
AllColumnsforColumnSettins,Id,uniqueidentifier
AllColumnsforColumnSettins,MenuId,int
AllColumnsforColumnSettins,Columns,varchar
AllColumnsforColumnSettins,IsActive,bit
AllColumnsforColumnSettins,CreatedOn,datetime
AllColumnsforColumnSettins,CreatedBy,varchar
AllColumnsforColumnSettins,ModifiedOn,datetime
AllColumnsforColumnSettins,ModifiedBy,varchar
AllColumnsforColumnSettins,IsDeleted,bit
AllColumnsforColumnSettins,Version,timestamp
AOP,Id,uniqueidentifier
AOP,AOPPlanningCode,nvarchar
AOP,CFCycleId,uniqueidentifier
AOP,CompanyId,uniqueidentifier
AOP,ValueIn,nvarchar
AOP,CurrencyId,uniqueidentifier
AOP,POPlanningLevel,nvarchar
AOP,ExchangeRate,decimal
AOP,TotalEquivalentCapacity,decimal
AOP,TotalProjectedPO,decimal
AOP,TotalProjectedRevenue,decimal
AOP,Status,nvarchar
AOP,CfCycleName,nvarchar
AOP,PlanningYearId,nvarchar
AOP,CfCyclePlanningMonth,nvarchar
AOP,CfCycleYear,int
AOP,CfCyclePlanningStartDate,datetime
AOP,CfCyclePlanningEndate,datetime
AOP,CreatedOn,datetimeoffset
AOP,CreatedBy,nvarchar
AOP,ModifiedOn,datetimeoffset
AOP,ModifiedBy,nvarchar
AOP,IsDeleted,bit
AOP,Version,timestamp
AOP,ActivitySpocId,nvarchar
AOP,CurrencyName,nvarchar
AOP,DelegateApproval,nvarchar
AOPFirstLevelPlanning,Id,uniqueidentifier
AOPFirstLevelPlanning,AOPId,uniqueidentifier
AOPFirstLevelPlanning,FLPlanningCode,nvarchar
AOPFirstLevelPlanning,OrganizationUnitId,int
AOPFirstLevelPlanning,OrganizationUnitName,nvarchar
AOPFirstLevelPlanning,PlanningOrgLevel,nvarchar
AOPFirstLevelPlanning,ActivitySPOCId,int
AOPFirstLevelPlanning,TotalEquivalentCapacity,decimal
AOPFirstLevelPlanning,TotalProjectedPO,decimal
AOPFirstLevelPlanning,TotalProjectedRevenue,decimal
AOPFirstLevelPlanning,Status,nvarchar
AOPFirstLevelPlanning,CreatedOn,datetimeoffset
AOPFirstLevelPlanning,CreatedBy,nvarchar
AOPFirstLevelPlanning,ModifiedOn,datetimeoffset
AOPFirstLevelPlanning,ModifiedBy,nvarchar
AOPFirstLevelPlanning,IsDeleted,bit
AOPFirstLevelPlanning,Version,timestamp
AOPSecondLevelPlanning,Id,uniqueidentifier
AOPSecondLevelPlanning,AOPId,uniqueidentifier
AOPSecondLevelPlanning,AOPFLId,uniqueidentifier
AOPSecondLevelPlanning,SLPlanningCode,nvarchar
AOPSecondLevelPlanning,OrganizationUnitId,int
AOPSecondLevelPlanning,OrganizationUnitName,nvarchar
AOPSecondLevelPlanning,PlanningOrgLevel,nvarchar
AOPSecondLevelPlanning,ActivitySPOCId,nvarchar
AOPSecondLevelPlanning,TotalEquivalentCapacity,decimal
AOPSecondLevelPlanning,TotalProjectedPO,decimal
AOPSecondLevelPlanning,TotalProjectedRevenue,decimal
AOPSecondLevelPlanning,Status,nvarchar
AOPSecondLevelPlanning,CreatedOn,datetimeoffset
AOPSecondLevelPlanning,CreatedBy,nvarchar
AOPSecondLevelPlanning,ModifiedOn,datetimeoffset
AOPSecondLevelPlanning,ModifiedBy,nvarchar
AOPSecondLevelPlanning,IsDeleted,bit
AOPSecondLevelPlanning,Version,timestamp
AOPSecondLevelPlanning,DelegateApproval,nvarchar
ApprovalStateDetails,Id,int
ApprovalStateDetails,ApprovalState,nvarchar
ApprovalStateDetails,CreatedOn,datetimeoffset
ApprovalStateDetails,CreatedBy,nvarchar
ApprovalStateDetails,ModifiedOn,datetimeoffset
ApprovalStateDetails,ModifiedBy,nvarchar
ApprovalStateDetails,IsDeleted,bit
ApprovalStateDetails,Version,timestamp
AuditAop,Id,uniqueidentifier
AuditAop,AopId,uniqueidentifier
AuditAop,AOPPlanningCode,nvarchar
AuditAop,CFCycleId,uniqueidentifier
AuditAop,CompanyId,uniqueidentifier
AuditAop,ValueIn,nvarchar
AuditAop,CurrencyId,uniqueidentifier
AuditAop,ActivitySPOCId,nvarchar
AuditAop,POPlanningLevel,nvarchar
AuditAop,ExchangeRate,decimal
AuditAop,TotalEquivalentCapacity,decimal
AuditAop,TotalProjectedPO,decimal
AuditAop,TotalProjectedRevenue,decimal
AuditAop,Status,nvarchar
AuditAop,CfCycleName,nvarchar
AuditAop,PlanningYearId,nvarchar
AuditAop,CfCyclePlanningMonth,nvarchar
AuditAop,CfCycleYear,int
AuditAop,CfCyclePlanningStartDate,datetime
AuditAop,CfCyclePlanningEndate,datetime
AuditAop,CreatedOn,datetimeoffset
AuditAop,CreatedBy,nvarchar
AuditAop,ModifiedOn,datetimeoffset
AuditAop,ModifiedBy,nvarchar
AuditAop,IsDeleted,bit
AuditAop,Version,timestamp
AuditAopFl,Id,uniqueidentifier
AuditAopFl,AOPId,uniqueidentifier
AuditAopFl,AopFlId,uniqueidentifier
AuditAopFl,FLPlanningCode,nvarchar
AuditAopFl,OrganizationUnitId,int
AuditAopFl,OrganizationUnitName,nvarchar
AuditAopFl,PlanningOrgLevel,nvarchar
AuditAopFl,ActivitySPOCId,int
AuditAopFl,TotalEquivalentCapacity,decimal
AuditAopFl,TotalProjectedPO,decimal
AuditAopFl,TotalProjectedRevenue,decimal
AuditAopFl,Status,nvarchar
AuditAopFl,CreatedOn,datetimeoffset
AuditAopFl,CreatedBy,nvarchar
AuditAopFl,ModifiedOn,datetimeoffset
AuditAopFl,ModifiedBy,nvarchar
AuditAopFl,IsDeleted,bit
AuditAopFl,Version,timestamp
AuditAopSl,Id,uniqueidentifier
AuditAopSl,AopSlId,uniqueidentifier
AuditAopSl,AopFlId,uniqueidentifier
AuditAopSl,AOPId,uniqueidentifier
AuditAopSl,SLPlanningCode,nvarchar
AuditAopSl,OrganizationUnitId,int
AuditAopSl,OrganizationUnitName,nvarchar
AuditAopSl,PlanningOrgLevel,nvarchar
AuditAopSl,ActivitySPOCId,nvarchar
AuditAopSl,TotalEquivalentCapacity,decimal
AuditAopSl,TotalProjectedPO,decimal
AuditAopSl,TotalProjectedRevenue,decimal
AuditAopSl,Status,nvarchar
AuditAopSl,CreatedOn,datetimeoffset
AuditAopSl,CreatedBy,nvarchar
AuditAopSl,ModifiedOn,datetimeoffset
AuditAopSl,ModifiedBy,nvarchar
AuditAopSl,IsDeleted,bit
AuditAopSl,Version,timestamp
AuditTable,Id,bigint
AuditTable,ActionBy,nvarchar
AuditTable,Action,nvarchar
AuditTable,CreatedOn,datetime2
BusinessSupport,Id,uniqueidentifier
BusinessSupport,BusinessSupportName,nvarchar
BusinessSupport,IsApplicableToSowJd,bit
BusinessSupport,BusinessSupportCode,varchar
Classification,Id,uniqueidentifier
Classification,ClassificationName,nvarchar
Clusters,Id,uniqueidentifier
Clusters,ClusterId,nvarchar
Clusters,ClusterName,nvarchar
Clusters,CreatedOn,datetimeoffset
Clusters,CreatedBy,nvarchar
Clusters,ModifiedOn,datetimeoffset
Clusters,ModifiedBy,nvarchar
Clusters,IsDeleted,bit
Clusters,Version,timestamp
CMSOWjdDetails,Id,uniqueidentifier
CMSOWjdDetails,CMRequestID,nvarchar
CMSOWjdDetails,SignOffId,nvarchar
CMSOWjdDetails,SowJdID,nvarchar
CMSOWjdDetails,SkillSet,nvarchar
CMSOWjdDetails,Grade,nvarchar
CMSOWjdDetails,PurchaseOrder,nvarchar
CMSOWjdDetails,PoLineItem,nvarchar
CMSOWjdDetails,PersonalArea,nvarchar
CMSOWjdDetails,PersonalSubArea,nvarchar
CMSOWjdDetails,OrganizationUnit,nvarchar
CMSOWjdDetails,CreatedBy,varchar
CMSOWjdDetails,CreatedDate,date
CMSOWjdDetails,IsDeleted,bit
CMSOWjdDetails,ChangeType,varchar
CMSOWjdDetails,SowJdEndDate,nvarchar
CMSOWjdDetails,Billable,varchar
CMSOWjdDetails,OldResourcePlanID,uniqueidentifier
CommonModuleLogs,Id,uniqueidentifier
CommonModuleLogs,StatusCode,nvarchar
CommonModuleLogs,URL,nvarchar
CommonModuleLogs,Request,nvarchar
CommonModuleLogs,Response,nvarchar
CommonModuleLogs,ErrorMessage,nvarchar
CommonModuleLogs,CreatedOn,datetime
CommonModuleLogs,CreatedBy,nvarchar
CommonModuleLogs,ModifiedOn,datetime
CommonModuleLogs,ModifiedBy,nvarchar
CommonModuleLogs,IsDeleted,bit
DeleteConfigurationSetting,Id,int
DeleteConfigurationSetting,CompanyId,uniqueidentifier
DeleteConfigurationSetting,RetentionYears,int
DeleteConfigurationSetting,CreatedBy,nvarchar
DeleteConfigurationSetting,CreatedOn,datetime
DeleteConfigurationSetting,ModifiedBy,nvarchar
DeleteConfigurationSetting,ModifiedOn,datetime
DeleteConfigurationSetting,Isdelete,bit
EmailNotificationRecipients,Id,int
EmailNotificationRecipients,NotificationId,int
EmailNotificationRecipients,Email,nvarchar
EmailNotificationRecipients,RecipientType,nvarchar
EmailNotificationRecipients,Subject,nvarchar
EmailNotificationRecipients,CreatedBy,nvarchar
EmailNotificationRecipients,CreatedOn,datetime
EmailNotificationRecipients,ModifiedBy,nvarchar
EmailNotificationRecipients,ModifiedOn,datetime
EmailNotificationRecipients,IsDelete,bit
EnricoAdministrators,Id,uniqueidentifier
EnricoAdministrators,Name,nvarchar
EnricoAdministrators,AdminDomainId,nvarchar
EnricoAdministrators,IsDeleted,bit
EnricoBusinessRoles,Id,uniqueidentifier
EnricoBusinessRoles,EntityId,uniqueidentifier
EnricoBusinessRoles,EntityBusinessRoleName,nvarchar
EnricoBusinessRoles,EntityBusinessRoleStatus,bit
EnricoBusinessRoles,FirstApprover,bit
EnricoBusinessRoles,SecondApprover,bit
EnricoBusinessRoles,CreatedOn,datetimeoffset
EnricoBusinessRoles,CreatedBy,nvarchar
EnricoBusinessRoles,ModifiedOn,datetimeoffset
EnricoBusinessRoles,ModifiedBy,nvarchar
EnricoBusinessRoles,IsDeleted,bit
EnricoEmailTemplate,Id,uniqueidentifier
EnricoEmailTemplate,EntityId,uniqueidentifier
EnricoEmailTemplate,To,nvarchar
EnricoEmailTemplate,CC,nvarchar
EnricoEmailTemplate,Subject,nvarchar
EnricoEmailTemplate,Content,nvarchar
EnricoEmailTemplate,StorageContainer,nvarchar
EnricoEmailTemplate,IsReminded,bit
EnricoEmailTemplate,RemindedInDays,int
EnricoEmailTemplate,FolderName,nvarchar
EnricoEmailTemplate,CreatedOn,datetime
EnricoEmailTemplate,CreatedBy,nvarchar
EnricoEmailTemplate,ModifiedOn,datetime
EnricoEmailTemplate,ModifiedBy,nvarchar
EnricoEmailTemplate,IsDeleted,bit
EnricoEmailTemplate,FeatureCode,nvarchar
EnricoEntities,Id,uniqueidentifier
EnricoEntities,EntityName,nvarchar
EnricoEntities,EntityFullName,nvarchar
EnricoEntities,CreatedOn,datetimeoffset
EnricoEntities,CreatedBy,nvarchar
EnricoEntities,ModifiedOn,datetimeoffset
EnricoEntities,ModifiedBy,nvarchar
EnricoEntities,IsDeleted,bit
EnricoEntities,CompanyCode,nvarchar
EnricoEntityAdmins,Id,uniqueidentifier
EnricoEntityAdmins,EntityId,uniqueidentifier
EnricoEntityAdmins,EntityAdminUser,nvarchar
EnricoEntityAdmins,EntityAdminStatus,bit
EnricoEntityAdmins,CreatedOn,datetimeoffset
EnricoEntityAdmins,CreatedBy,nvarchar
EnricoEntityAdmins,ModifiedOn,datetimeoffset
EnricoEntityAdmins,ModifiedBy,nvarchar
EnricoEntityAdmins,IsDeleted,bit
EnricoFeatures,Id,uniqueidentifier
EnricoFeatures,ModuleId,uniqueidentifier
EnricoFeatures,FeatureName,nvarchar
EnricoFeatures,FeatureDescription,nvarchar
EnricoFeatures,UrlPath,nvarchar
EnricoFeatures,CreatedOn,datetimeoffset
EnricoFeatures,CreatedBy,nvarchar
EnricoFeatures,ModifiedOn,datetimeoffset
EnricoFeatures,ModifiedBy,nvarchar
EnricoFeatures,IsDeleted,bit
EnricoFeatures,FeatureCode,nvarchar
EnricoFeatures,FeatureNumber,nvarchar
EnricoModules,Id,uniqueidentifier
EnricoModules,ModuleName,nvarchar
EnricoModules,ModuleIcon,nvarchar
EnricoModules,ModuleDescription,nvarchar
EnricoModules,UrlPath,nvarchar
EnricoModules,CreatedOn,datetimeoffset
EnricoModules,CreatedBy,nvarchar
EnricoModules,ModifiedOn,datetimeoffset
EnricoModules,ModifiedBy,nvarchar
EnricoModules,IsDeleted,bit
EnricoModules,IsBelongToVendor,bit
EnricoNotification,Id,uniqueidentifier
EnricoNotification,EntityId,uniqueidentifier
EnricoNotification,FeatureId,uniqueidentifier
EnricoNotification,DataObjectId,nvarchar
EnricoNotification,NotificationTitle,nvarchar
EnricoNotification,NotificationDescription,nvarchar
EnricoNotification,CreatedOn,datetime
EnricoNotification,CreatedBy,nvarchar
EnricoNotification,ModifiedOn,datetime
EnricoNotification,ModifiedBy,nvarchar
EnricoNotification,IsDeleted,bit
EnricoNotificationSentDetails,Id,uniqueidentifier
EnricoNotificationSentDetails,NotificationId,uniqueidentifier
EnricoNotificationSentDetails,NTID,nvarchar
EnricoNotificationSentDetails,IsSeen,bit
EnricoNotificationSentDetails,CreatedOn,datetime
EnricoNotificationSentDetails,CreatedBy,nvarchar
EnricoNotificationSentDetails,ModifiedOn,datetime
EnricoNotificationSentDetails,ModifiedBy,nvarchar
EnricoNotificationSentDetails,IsDeleted,bit
EnricoPermission,Id,int
EnricoPermission,Name,nvarchar
EnricoPermission,Description,nvarchar
EnricoPermission,IsActive,bit
EnricoPermission,IsDeleted,bit
EnricoPermissionsOnBusinessRoles,Id,uniqueidentifier
EnricoPermissionsOnBusinessRoles,EntityId,uniqueidentifier
EnricoPermissionsOnBusinessRoles,BusinessRoleId,uniqueidentifier
EnricoPermissionsOnBusinessRoles,FeatureId,uniqueidentifier
EnricoPermissionsOnBusinessRoles,PermissionId,int
EnricoPermissionsOnBusinessRoles,PermissionStatus,bit
EnricoPermissionsOnBusinessRoles,CreatedOn,datetimeoffset
EnricoPermissionsOnBusinessRoles,CreatedBy,nvarchar
EnricoPermissionsOnBusinessRoles,ModifiedOn,datetimeoffset
EnricoPermissionsOnBusinessRoles,ModifiedBy,nvarchar
EnricoPermissionsOnBusinessRoles,IsDeleted,bit
EnricoUsers,Ntid,nvarchar
EnricoUsers,EmployeeNumber,bigint
EnricoUsers,Name,nvarchar
EnricoUsers,GroupCode,nvarchar
EnricoUsers,DeptCode,nvarchar
EnricoUsers,Email,nvarchar
EnricoUsers,JoinDate,date
EnricoUsers,LastModifiedDate,date
EnricoUsers,CreatedDate,date
EnricoUsers,EmployeeLocation,bigint
EnricoUsers,EmployeeCatGroup,smallint
EnricoUsers,EmployeeCatSubGroup,smallint
EnricoUsers,EmployeeStatus,smallint
EnricoUsers,CostCenter,nvarchar
EnricoUsers,EmployeeSubLocationCode,nvarchar
EnricoUsers,GID,nvarchar
EnricoUsers,FirstName,nvarchar
EnricoUsers,LastName,nvarchar
EnricoUsers,HRBPGID,nvarchar
EnricoUsers,BusinessArea,nvarchar
EnricoUsers,CompanyCode,nvarchar
EnricoUsers,EmployeeRole,nvarchar
EnricoUsersInBusinessRoles,Id,uniqueidentifier
EnricoUsersInBusinessRoles,EntityId,uniqueidentifier
EnricoUsersInBusinessRoles,BusinessRoleId,uniqueidentifier
EnricoUsersInBusinessRoles,BusinessUserNTID,nvarchar
EnricoUsersInBusinessRoles,BusinessUserStatus,bit
EnricoUsersInBusinessRoles,CreatedOn,datetimeoffset
EnricoUsersInBusinessRoles,CreatedBy,nvarchar
EnricoUsersInBusinessRoles,ModifiedOn,datetimeoffset
EnricoUsersInBusinessRoles,ModifiedBy,nvarchar
EnricoUsersInBusinessRoles,IsDeleted,bit
EscalationLevel,Id,uniqueidentifier
EscalationLevel,EscalationLevelValue,nvarchar
ExitReasonMaster,Id,int
ExitReasonMaster,ExitReason,nvarchar
ExitReasonMaster,CreatedOn,datetimeoffset
ExitReasonMaster,CreatedBy,nvarchar
ExitReasonMaster,ModifiedOn,datetimeoffset
ExitReasonMaster,ModifiedBy,nvarchar
ExitReasonMaster,IsDeleted,bit
ExitReasonMaster,Version,timestamp
FixedHoliday,Id,uniqueidentifier
FixedHoliday,CompanyCode,nvarchar
FixedHoliday,Location,nvarchar
FixedHoliday,HolidayDate,datetime
FixedHoliday,HolidayName,nvarchar
FixedHoliday,CreatedOn,datetimeoffset
FixedHoliday,CreatedBy,nvarchar
FixedHoliday,ModifiedOn,datetimeoffset
FixedHoliday,ModifiedBy,nvarchar
FixedHoliday,IsDeleted,bit
FundCenters,Id,uniqueidentifier
FundCenters,Fmarea,nvarchar
FundCenters,FundCenter,nvarchar
FundCenters,FundCenterName,nvarchar
FundCenters,Description,nvarchar
FundCenters,ValidFrom,datetime
FundCenters,ValidTo,datetime
FundCenters,Source,nvarchar
FundCenters,CreatedOn,datetimeoffset
FundCenters,CreatedBy,nvarchar
FundCenters,ModifiedOn,datetimeoffset
FundCenters,ModifiedBy,nvarchar
FundCenters,IsDeleted,bit
FundCenters,Version,timestamp
FundCenters,Imported,bit
FundCenters,IsActive,bit
FundCenters,BusinessArea,nvarchar
FundCenters,CompanyCode,nvarchar
FundCenters,EnteredOn,datetime
FundCenters,ChangedOn,datetime
FundCodeDetails,id,uniqueidentifier
FundCodeDetails,fundcode,varchar
FundCodeDetails,createdOn,datetime
FundCodeDetails,createdBy,varchar
FundsCenterMaster,Id,bigint
FundsCenterMaster,FMArea,nvarchar
FundsCenterMaster,FundCentre,nvarchar
FundsCenterMaster,FundCentreName,nvarchar
FundsCenterMaster,Description,nvarchar
FundsCenterMaster,ValidFrom,datetime2
FundsCenterMaster,ValidTo,datetime2
FundsCenterMaster,Source,nvarchar
FundsCenterMaster,IsActive,bit
FundsCenterMaster,CreatedOn,datetime2
FundsCenterMaster,CreatedBy,nvarchar
FundsCenterMaster,ModifiedOn,datetime2
FundsCenterMaster,ModifiedBy,nvarchar
GradeDetails,Id,int
GradeDetails,Grade,nvarchar
GradeDetails,CreatedOn,datetimeoffset
GradeDetails,CreatedBy,nvarchar
GradeDetails,ModifiedOn,datetimeoffset
GradeDetails,ModifiedBy,nvarchar
GradeDetails,IsDeleted,bit
GradeDetails,Version,timestamp
InterfaceClientApps,Id,uniqueidentifier
InterfaceClientApps,ClientName,nvarchar
InterfaceClientApps,Secret,nvarchar
InterfaceClientApps,CreatedOn,datetimeoffset
InterfaceClientApps,CreatedBy,nvarchar
InterfaceClientApps,ModifiedOn,datetimeoffset
InterfaceClientApps,ModifiedBy,nvarchar
InterfaceClientApps,Version,timestamp
InterfaceLogs,Id,int
InterfaceLogs,Message,nvarchar
InterfaceLogs,Level,nvarchar
InterfaceLogs,TimeStamp,datetime2
InterfaceLogs,Properties,xml
InterfaceLogs,MessageTemplate,nvarchar
InterfaceLogs,Exception,nvarchar
InterfaceLogs,LogEvent,nvarchar
Logs,Id,uniqueidentifier
Logs,Message,nvarchar
Logs,Level,nvarchar
Logs,TimeStamp,datetime2
Logs,Properties,xml
Logs,MessageTemplate,nvarchar
Logs,Exception,nvarchar
Logs,LogEvent,nvarchar
MasterAccessoriesSPOC,Id,uniqueidentifier
MasterAccessoriesSPOC,CompanyId,uniqueidentifier
MasterAccessoriesSPOC,PlantId,uniqueidentifier
MasterAccessoriesSPOC,SpocName,nvarchar
MasterAccessoriesSPOC,ValidityStart,datetime
MasterAccessoriesSPOC,ValidityEnd,datetime
MasterAccessoriesSPOC,CreatedOn,datetimeoffset
MasterAccessoriesSPOC,CreatedBy,nvarchar
MasterAccessoriesSPOC,ModifiedOn,datetimeoffset
MasterAccessoriesSPOC,ModifiedBy,nvarchar
MasterAccessoriesSPOC,IsDeleted,bit
MasterApprovalDetails,Id,uniqueidentifier
MasterApprovalDetails,ModuleId,int
MasterApprovalDetails,ObjectId,uniqueidentifier
MasterApprovalDetails,Remark,nvarchar
MasterApprovalDetails,IsActive,bit
MasterApprovalDetails,ApprovedBy,nvarchar
MasterApprovalDetails,ApprovedDate,datetime
MasterApprovalDetails,CreatedOn,datetimeoffset
MasterApprovalDetails,CreatedBy,nvarchar
MasterApprovalDetails,ModifiedOn,datetimeoffset
MasterApprovalDetails,ModifiedBy,nvarchar
MasterApprovalDetails,IsDeleted,bit
MasterApprovalDetails,Version,timestamp
MasterApprovalDetails,ApprovalStatusId,int
MasterApprovalDetails,ApprovalEno,nvarchar
MasterApprovalStatus,ApprovalStatusId,int
MasterApprovalStatus,ApprovalStatusName,nvarchar
MasterApprovedBillingPeriod,Id,uniqueidentifier
MasterApprovedBillingPeriod,BillingPeriodId,uniqueidentifier
MasterApprovedBillingPeriod,ValidityStart,datetime
MasterApprovedBillingPeriod,ValidityEnd,datetime
MasterApprovedBillingPeriod,CompanyId,uniqueidentifier
MasterApprovedBillingPeriod,PeriodId,int
MasterApprovedBillingPeriod,PeriodStart,datetime
MasterApprovedBillingPeriod,PeriodEnd,datetime
MasterApprovedBillingPeriod,StandardDays,int
MasterApprovedBillingPeriod,StandardHours,int
MasterApprovedBillingPeriod,CreatedOn,datetimeoffset
MasterApprovedBillingPeriod,CreatedBy,nvarchar
MasterApprovedBillingPeriod,ModifiedOn,datetimeoffset
MasterApprovedBillingPeriod,ModifiedBy,nvarchar
MasterApprovedBillingPeriod,IsDeleted,bit
MasterApprovedBillingPeriod,Version,timestamp
MasterApprovedBillingPeriod,PeriodOwner,nvarchar
MasterApprovedBillingPeriod,BillingMonth,nvarchar
MasterApprovedBillingPeriod,BillingPeriodYear,int
MasterApprovedBillingPeriod,IsBillingCompleted,bit
MasterApprovedBillingPeriod,IsBillingYetToStart,bit
MasterApprovedBillingPeriod,OTRatio,decimal
MasterApprovedBillingPeriod,WorkingDays,decimal
MasterApprovedBillingPeriod,BillingStatus,nvarchar
MasterApprovedBillingPeriod,ODCBilling,nvarchar
MasterApprovedBillingPeriod,SectionSpocApproval,nvarchar
MasterApprovedBillingPeriod,WorkingHour,int
MasterApprovedBillingPeriod,WorkingHours,int
MasterApprovedBoschOH,Id,uniqueidentifier
MasterApprovedBoschOH,MasterBoschOHId,uniqueidentifier
MasterApprovedBoschOH,CompanyId,uniqueidentifier
MasterApprovedBoschOH,ValidityStart,datetime
MasterApprovedBoschOH,ValidityEnd,datetime
MasterApprovedBoschOH,BusinessUnit,bigint
MasterApprovedBoschOH,LocationMode,int
MasterApprovedBoschOH,CostDifference,decimal
MasterApprovedBoschOH,CreatedOn,datetimeoffset
MasterApprovedBoschOH,CreatedBy,nvarchar
MasterApprovedBoschOH,ModifiedOn,datetimeoffset
MasterApprovedBoschOH,ModifiedBy,nvarchar
MasterApprovedBoschOH,IsDeleted,bit
MasterApprovedBoschOH,Version,timestamp
MasterApprovedBoschRateCard,Id,uniqueidentifier
MasterApprovedBoschRateCard,BoschRateCardId,uniqueidentifier
MasterApprovedBoschRateCard,CompanyId,uniqueidentifier
MasterApprovedBoschRateCard,SkillsetId,uniqueidentifier
MasterApprovedBoschRateCard,ValidityStart,datetime
MasterApprovedBoschRateCard,ValidityEnd,datetime
MasterApprovedBoschRateCard,CreatedOn,datetimeoffset
MasterApprovedBoschRateCard,CreatedBy,nvarchar
MasterApprovedBoschRateCard,ModifiedOn,datetimeoffset
MasterApprovedBoschRateCard,ModifiedBy,nvarchar
MasterApprovedBoschRateCard,IsDeleted,bit
MasterApprovedBoschRateCard,Version,timestamp
MasterApprovedBoschRateCard,Grade0,decimal
MasterApprovedBoschRateCard,Grade1,decimal
MasterApprovedBoschRateCard,Grade2,decimal
MasterApprovedBoschRateCard,Grade3,decimal
MasterApprovedBoschRateCard,Grade4,decimal
MasterApprovedBoschRateCard,CurrencyId,uniqueidentifier
MasterApprovedBuHot,Id,uniqueidentifier
MasterApprovedBuHot,BuHotId,uniqueidentifier
MasterApprovedBuHot,BuId,bigint
MasterApprovedBuHot,HotName,nvarchar
MasterApprovedBuHot,ValidityStart,datetime
MasterApprovedBuHot,ValidityEnd,datetime
MasterApprovedBuHot,CreatedOn,datetimeoffset
MasterApprovedBuHot,CreatedBy,nvarchar
MasterApprovedBuHot,ModifiedOn,datetimeoffset
MasterApprovedBuHot,ModifiedBy,nvarchar
MasterApprovedBuHot,IsDeleted,bit
MasterApprovedBuHot,Version,timestamp
MasterApprovedBuHot,CompanyId,uniqueidentifier
MasterApprovedBuSPOC,Id,uniqueidentifier
MasterApprovedBuSPOC,BuSpocId,uniqueidentifier
MasterApprovedBuSPOC,BuId,bigint
MasterApprovedBuSPOC,SpocName,nvarchar
MasterApprovedBuSPOC,ValidityStart,datetime
MasterApprovedBuSPOC,ValidityEnd,datetime
MasterApprovedBuSPOC,CreatedOn,datetimeoffset
MasterApprovedBuSPOC,CreatedBy,nvarchar
MasterApprovedBuSPOC,ModifiedOn,datetimeoffset
MasterApprovedBuSPOC,ModifiedBy,nvarchar
MasterApprovedBuSPOC,IsDeleted,bit
MasterApprovedBuSPOC,Version,timestamp
MasterApprovedBuSPOC,CompanyId,uniqueidentifier
MasterApprovedGBBusinessArea,Id,uniqueidentifier
MasterApprovedGBBusinessArea,GBBusinessAreaId,uniqueidentifier
MasterApprovedGBBusinessArea,GbCode,nvarchar
MasterApprovedGBBusinessArea,GBDescription,nvarchar
MasterApprovedGBBusinessArea,BusinessSector,nvarchar
MasterApprovedGBBusinessArea,CreatedOn,datetimeoffset
MasterApprovedGBBusinessArea,CreatedBy,nvarchar
MasterApprovedGBBusinessArea,ModifiedOn,datetimeoffset
MasterApprovedGBBusinessArea,ModifiedBy,nvarchar
MasterApprovedGBBusinessArea,IsDeleted,bit
MasterApprovedGBBusinessArea,Version,timestamp
MasterApprovedSectionSpoc,Id,uniqueidentifier
MasterApprovedSectionSpoc,SectionSpocId,uniqueidentifier
MasterApprovedSectionSpoc,SectionName,nvarchar
MasterApprovedSectionSpoc,SpocName,nvarchar
MasterApprovedSectionSpoc,ValidityStart,datetime
MasterApprovedSectionSpoc,ValidityEnd,datetime
MasterApprovedSectionSpoc,CreatedOn,datetimeoffset
MasterApprovedSectionSpoc,CreatedBy,nvarchar
MasterApprovedSectionSpoc,ModifiedOn,datetimeoffset
MasterApprovedSectionSpoc,ModifiedBy,nvarchar
MasterApprovedSectionSpoc,IsDeleted,bit
MasterApprovedSectionSpoc,Version,timestamp
MasterApprovedSectionSpoc,CompanyId,uniqueidentifier
MasterApprovedTargetSaving,Id,uniqueidentifier
MasterApprovedTargetSaving,CompanyId,uniqueidentifier
MasterApprovedTargetSaving,TargetSavingId,uniqueidentifier
MasterApprovedTargetSaving,ValidityStart,datetime
MasterApprovedTargetSaving,ValidityEnd,datetime
MasterApprovedTargetSaving,TargetSavingValue,decimal
MasterApprovedTargetSaving,CreatedOn,datetimeoffset
MasterApprovedTargetSaving,CreatedBy,nvarchar
MasterApprovedTargetSaving,ModifiedOn,datetimeoffset
MasterApprovedTargetSaving,ModifiedBy,nvarchar
MasterApprovedTargetSaving,IsDeleted,bit
MasterApprovedTargetSaving,Version,timestamp
MasterApprovedVendorRateCard,Id,uniqueidentifier
MasterApprovedVendorRateCard,VendorRateCardId,uniqueidentifier
MasterApprovedVendorRateCard,VendorId,uniqueidentifier
MasterApprovedVendorRateCard,CompanyId,uniqueidentifier
MasterApprovedVendorRateCard,SkillsetId,uniqueidentifier
MasterApprovedVendorRateCard,ValidityStart,datetime
MasterApprovedVendorRateCard,ValidityEnd,datetime
MasterApprovedVendorRateCard,CreatedOn,datetimeoffset
MasterApprovedVendorRateCard,CreatedBy,nvarchar
MasterApprovedVendorRateCard,ModifiedOn,datetimeoffset
MasterApprovedVendorRateCard,ModifiedBy,nvarchar
MasterApprovedVendorRateCard,IsDeleted,bit
MasterApprovedVendorRateCard,Version,timestamp
MasterApprovedVendorRateCard,Grade0,decimal
MasterApprovedVendorRateCard,Grade1,decimal
MasterApprovedVendorRateCard,Grade2,decimal
MasterApprovedVendorRateCard,Grade3,decimal
MasterApprovedVendorRateCard,Grade4,decimal
MasterApprovedVendorRateCard,CurrencyId,uniqueidentifier
MasterApprovedVendorRateCard,LocationId,int
MasterApprovedVendorSkillset,Id,uniqueidentifier
MasterApprovedVendorSkillset,VendorSkillsetId,uniqueidentifier
MasterApprovedVendorSkillset,VendorId,uniqueidentifier
MasterApprovedVendorSkillset,CompanyId,uniqueidentifier
MasterApprovedVendorSkillset,SkillsetId,uniqueidentifier
MasterApprovedVendorSkillset,ValidityStart,datetime
MasterApprovedVendorSkillset,ValidityEnd,datetime
MasterApprovedVendorSkillset,CreatedOn,datetimeoffset
MasterApprovedVendorSkillset,CreatedBy,nvarchar
MasterApprovedVendorSkillset,ModifiedOn,datetimeoffset
MasterApprovedVendorSkillset,ModifiedBy,nvarchar
MasterApprovedVendorSkillset,IsDeleted,bit
MasterApprovedVendorSkillset,Version,timestamp
MasterApprovedVendorSkillset,Grade0,nvarchar
MasterApprovedVendorSkillset,Grade1,nvarchar
MasterApprovedVendorSkillset,Grade2,nvarchar
MasterApprovedVendorSkillset,Grade3,nvarchar
MasterApprovedVendorSkillset,Grade4,nvarchar
MasterApprovedVendorSkillset,CurrencyId,uniqueidentifier
MasterApprovedVendorSkillset,LocationId,int
MasterAssetSPOC,Id,uniqueidentifier
MasterAssetSPOC,CompanyId,uniqueidentifier
MasterAssetSPOC,PlantId,uniqueidentifier
MasterAssetSPOC,SpocName,nvarchar
MasterAssetSPOC,ValidityStart,datetime
MasterAssetSPOC,ValidityEnd,datetime
MasterAssetSPOC,CreatedOn,datetimeoffset
MasterAssetSPOC,CreatedBy,nvarchar
MasterAssetSPOC,ModifiedOn,datetimeoffset
MasterAssetSPOC,ModifiedBy,nvarchar
MasterAssetSPOC,IsDeleted,bit
MasterBillingPeriod,Id,uniqueidentifier
MasterBillingPeriod,ValidityStart,datetime
MasterBillingPeriod,ValidityEnd,datetime
MasterBillingPeriod,CompanyId,uniqueidentifier
MasterBillingPeriod,PeriodId,int
MasterBillingPeriod,PeriodStart,datetime
MasterBillingPeriod,PeriodEnd,datetime
MasterBillingPeriod,StandardDays,int
MasterBillingPeriod,StandardHours,int
MasterBillingPeriod,CreatedOn,datetimeoffset
MasterBillingPeriod,CreatedBy,nvarchar
MasterBillingPeriod,ModifiedOn,datetimeoffset
MasterBillingPeriod,ModifiedBy,nvarchar
MasterBillingPeriod,IsDeleted,bit
MasterBillingPeriod,Version,timestamp
MasterBillingPeriod,PeriodOwner,nvarchar
MasterBillingPeriod,BillingMonth,nvarchar
MasterBillingPeriod,BillingPeriodYear,int
MasterBillingPeriod,IsBillingCompleted,bit
MasterBillingPeriod,IsBillingYetToStart,bit
MasterBillingPeriod,OTRatio,decimal
MasterBillingPeriod,WorkingDays,decimal
MasterBillingPeriod,BillingStatus,nvarchar
MasterBillingPeriod,ODCBilling,nvarchar
MasterBillingPeriod,SectionSpocApproval,nvarchar
MasterBillingPeriod,WorkingHour,int
MasterBillingPeriod,WorkingHours,int
MasterBoschOH,Id,uniqueidentifier
MasterBoschOH,CompanyId,uniqueidentifier
MasterBoschOH,ValidityStart,datetime
MasterBoschOH,ValidityEnd,datetime
MasterBoschOH,BusinessUnit,bigint
MasterBoschOH,LocationMode,int
MasterBoschOH,CostDifference,decimal
MasterBoschOH,CreatedOn,datetimeoffset
MasterBoschOH,CreatedBy,nvarchar
MasterBoschOH,ModifiedOn,datetimeoffset
MasterBoschOH,ModifiedBy,nvarchar
MasterBoschOH,IsDeleted,bit
MasterBoschOH,Version,timestamp
MasterBoschRateCard,Id,uniqueidentifier
MasterBoschRateCard,CompanyId,uniqueidentifier
MasterBoschRateCard,SkillsetId,uniqueidentifier
MasterBoschRateCard,ValidityStart,datetime
MasterBoschRateCard,ValidityEnd,datetime
MasterBoschRateCard,CreatedOn,datetimeoffset
MasterBoschRateCard,CreatedBy,nvarchar
MasterBoschRateCard,ModifiedOn,datetimeoffset
MasterBoschRateCard,ModifiedBy,nvarchar
MasterBoschRateCard,IsDeleted,bit
MasterBoschRateCard,Version,timestamp
MasterBoschRateCard,Grade0,decimal
MasterBoschRateCard,Grade1,decimal
MasterBoschRateCard,Grade2,decimal
MasterBoschRateCard,Grade3,decimal
MasterBoschRateCard,Grade4,decimal
MasterBoschRateCard,CurrencyId,uniqueidentifier
MasterBuHot,Id,uniqueidentifier
MasterBuHot,BuId,bigint
MasterBuHot,HotName,nvarchar
MasterBuHot,ValidityStart,datetime
MasterBuHot,ValidityEnd,datetime
MasterBuHot,CreatedOn,datetimeoffset
MasterBuHot,CreatedBy,nvarchar
MasterBuHot,ModifiedOn,datetimeoffset
MasterBuHot,ModifiedBy,nvarchar
MasterBuHot,IsDeleted,bit
MasterBuHot,Version,timestamp
MasterBuHot,IsActive,bit
MasterBuHot,CompanyId,uniqueidentifier
MasterBuSPOC,Id,uniqueidentifier
MasterBuSPOC,BuId,bigint
MasterBuSPOC,SpocName,nvarchar
MasterBuSPOC,ValidityStart,datetime
MasterBuSPOC,ValidityEnd,datetime
MasterBuSPOC,CreatedOn,datetimeoffset
MasterBuSPOC,CreatedBy,nvarchar
MasterBuSPOC,ModifiedOn,datetimeoffset
MasterBuSPOC,ModifiedBy,nvarchar
MasterBuSPOC,IsDeleted,bit
MasterBuSPOC,Version,timestamp
MasterBuSPOC,IsActive,bit
MasterBuSPOC,CompanyId,uniqueidentifier
MasterCfCycle,Id,uniqueidentifier
MasterCfCycle,CompanyId,uniqueidentifier
MasterCfCycle,CfCycleName,nvarchar
MasterCfCycle,CfCycleYear,int
MasterCfCycle,CfCyclePlanningMonth,nvarchar
MasterCfCycle,CFCyclePlanningStartDate,datetime
MasterCfCycle,CFCyclePlanningEndate,datetime
MasterCfCycle,CFCycleStandardDays,int
MasterCfCycle,CFCycleStandardHours,int
MasterCfCycle,CreatedOn,datetimeoffset
MasterCfCycle,CreatedBy,nvarchar
MasterCfCycle,ModifiedOn,datetimeoffset
MasterCfCycle,ModifiedBy,nvarchar
MasterCfCycle,IsDeleted,bit
MasterCfCycle,Version,timestamp
MasterCfCycle,Status,nvarchar
MasterCfCycle,PlanningYearId,nvarchar
MasterCfCycle,IsActive,bit
MasterCompanies,Id,uniqueidentifier
MasterCompanies,CompanyCode,nvarchar
MasterCompanies,CompanyFullName,nvarchar
MasterCompanies,CompanyShortName,nvarchar
MasterCompanies,CompanyAddressStreet,nvarchar
MasterCompanies,CompanyAddressPostalCode,nvarchar
MasterCompanies,CompanyAddressCity,nvarchar
MasterCompanies,CompanyRegionName,nvarchar
MasterCompanies,CompanyCountryName,nvarchar
MasterCompanies,CompanyCurrencyId,uniqueidentifier
MasterCompanies,CreatedOn,datetimeoffset
MasterCompanies,CreatedBy,nvarchar
MasterCompanies,ModifiedOn,datetimeoffset
MasterCompanies,ModifiedBy,nvarchar
MasterCompanies,IsDeleted,bit
MasterCompanies,Version,timestamp
MasterCompanies,Status,bit
MasterCompanies,Description,nvarchar
MasterCompanies,supportText,nvarchar
MasterCompanies,emailCompose,nvarchar
MasterCompanies,iconText,nvarchar
MasterCompanies,Category,nvarchar
MasterCompleteECLSPOC,Id,uniqueidentifier
MasterCompleteECLSPOC,CompanyId,uniqueidentifier
MasterCompleteECLSPOC,PlantId,uniqueidentifier
MasterCompleteECLSPOC,SpocName,nvarchar
MasterCompleteECLSPOC,ValidityStart,datetime
MasterCompleteECLSPOC,ValidityEnd,datetime
MasterCompleteECLSPOC,CreatedOn,datetimeoffset
MasterCompleteECLSPOC,CreatedBy,nvarchar
MasterCompleteECLSPOC,ModifiedOn,datetimeoffset
MasterCompleteECLSPOC,ModifiedBy,nvarchar
MasterCompleteECLSPOC,IsDeleted,bit
MasterCostCenter,Id,uniqueidentifier
MasterCostCenter,ControllingArea,nvarchar
MasterCostCenter,CostCenter,nvarchar
MasterCostCenter,Name,nvarchar
MasterCostCenter,Description,nvarchar
MasterCostCenter,BusinessArea,nvarchar
MasterCostCenter,CompanyID,uniqueidentifier
MasterCostCenter,ValidFrom,datetime2
MasterCostCenter,ValidTo,datetime2
MasterCostCenter,Imported,bit
MasterCostCenter,CreatedOn,datetimeoffset
MasterCostCenter,CreatedBy,nvarchar
MasterCostCenter,ModifiedOn,datetimeoffset
MasterCostCenter,ModifiedBy,nvarchar
MasterCostCenter,IsDeleted,bit
MasterCostCenter,Version,timestamp
MasterCostCenter,DepartmentId,int
MasterCostCenter,IsActive,bit
MasterCostCenter,SAPCreatedOn,datetime
MasterCostCenter,DepartmentName,nvarchar
MasterCostCenter,CompanyCode,nvarchar
MasterCostCenter,Department,nvarchar
MasterCurrencies,Id,uniqueidentifier
MasterCurrencies,CurrencyName,nvarchar
MasterDeboardingSPOC,Id,uniqueidentifier
MasterDeboardingSPOC,CompanyId,uniqueidentifier
MasterDeboardingSPOC,PlantId,uniqueidentifier
MasterDeboardingSPOC,SpocName,nvarchar
MasterDeboardingSPOC,ValidityStart,datetime
MasterDeboardingSPOC,ValidityEnd,datetime
MasterDeboardingSPOC,CreatedOn,datetimeoffset
MasterDeboardingSPOC,CreatedBy,nvarchar
MasterDeboardingSPOC,ModifiedOn,datetimeoffset
MasterDeboardingSPOC,ModifiedBy,nvarchar
MasterDeboardingSPOC,IsDeleted,bit
MasterDepartmentSPOC,Id,uniqueidentifier
MasterDepartmentSPOC,DepartmentId,bigint
MasterDepartmentSPOC,SpocName,nvarchar
MasterDepartmentSPOC,ValidityStart,datetime
MasterDepartmentSPOC,ValidityEnd,datetime
MasterDepartmentSPOC,CreatedOn,datetimeoffset
MasterDepartmentSPOC,CreatedBy,nvarchar
MasterDepartmentSPOC,ModifiedOn,datetimeoffset
MasterDepartmentSPOC,ModifiedBy,nvarchar
MasterDepartmentSPOC,IsDeleted,bit
MasterDepartmentSPOC,Version,timestamp
MasterDepartmentSPOC,IsActive,bit
MasterDepartmentSPOC,SecretaryEno,nvarchar
MasterDepartmentSPOC,CompanyId,uniqueidentifier
MasterEmployeeCardSPOC,Id,uniqueidentifier
MasterEmployeeCardSPOC,CompanyId,uniqueidentifier
MasterEmployeeCardSPOC,PlantId,uniqueidentifier
MasterEmployeeCardSPOC,SpocName,nvarchar
MasterEmployeeCardSPOC,ValidityStart,datetime
MasterEmployeeCardSPOC,ValidityEnd,datetime
MasterEmployeeCardSPOC,CreatedOn,datetimeoffset
MasterEmployeeCardSPOC,CreatedBy,nvarchar
MasterEmployeeCardSPOC,ModifiedOn,datetimeoffset
MasterEmployeeCardSPOC,ModifiedBy,nvarchar
MasterEmployeeCardSPOC,IsDeleted,bit
MasterEmployees,Id,uniqueidentifier
MasterEmployees,EmployeeNumber,bigint
MasterEmployees,GlobalId,nvarchar
MasterEmployees,Firstname,nvarchar
MasterEmployees,Lastname,nvarchar
MasterEmployees,Fullname,nvarchar
MasterEmployees,EmploymentStatus,nvarchar
MasterEmployees,EmployeeGroup,varchar
MasterEmployees,EmployeeSubGroup,nvarchar
MasterEmployees,BusinessArea,nvarchar
MasterEmployees,PersonnelArea,nvarchar
MasterEmployees,PersonnelSubArea,nvarchar
MasterEmployees,BUId,bigint
MasterEmployees,SectionId,bigint
MasterEmployees,DepartmentId,bigint
MasterEmployees,GroupId,bigint
MasterEmployees,OrganizationalUnit,nvarchar
MasterEmployees,CostCenterId,uniqueidentifier
MasterEmployees,GenderKey,char
MasterEmployees,DateOfJoining,datetime2
MasterEmployees,ContEnd,datetime2
MasterEmployees,Salarylevel,nvarchar
MasterEmployees,Position,varchar
MasterEmployees,DateofLeaving,datetime2
MasterEmployees,Ntid,varchar
MasterEmployees,OrganizationName,nvarchar
MasterEmployees,EmailOfficial,nvarchar
MasterEmployees,ActionType,nvarchar
MasterEmployees,ReasonforAction,nvarchar
MasterEmployees,Changedby,nvarchar
MasterEmployees,StartDate,datetime2
MasterEmployees,HRLocal,nvarchar
MasterEmployees,HRBPGlobalEmployeeID,nvarchar
MasterEmployees,PersAdmin,nvarchar
MasterEmployees,CountryofBirth,nvarchar
MasterEmployees,Nationality,nvarchar
MasterEmployees,AddressType,nvarchar
MasterEmployees,StreetandHouseNo,nvarchar
MasterEmployees,PostalCode,nvarchar
MasterEmployees,District,nvarchar
MasterEmployees,WardTown,nvarchar
MasterEmployees,Region,nvarchar
MasterEmployees,CountryKey,nvarchar
MasterEmployees,TelephoneNumber,nvarchar
MasterEmployees,Email,nvarchar
MasterEmployees,NameOfManager,nvarchar
MasterEmployees,CreatedOn,datetimeoffset
MasterEmployees,CreatedBy,nvarchar
MasterEmployees,ModifiedOn,datetimeoffset
MasterEmployees,ModifiedBy,nvarchar
MasterEmployees,IsDeleted,bit
MasterEmployees,Version,timestamp
MasterEmployees,CompanyId,uniqueidentifier
MasterEmployees,Imported,bit
MasterEmployees,IsActive,bit
MasterEmployees,CostCenterCode,nvarchar
MasterEmployees,BUName,nvarchar
MasterEmployees,SectionName,nvarchar
MasterEmployees,DepartmentName,nvarchar
MasterEmployees,GroupName,nvarchar
MasterEmployees,CompanyCode,nvarchar
MasterFCMSecurity,Id,uniqueidentifier
MasterFCMSecurity,CompanyId,uniqueidentifier
MasterFCMSecurity,PlantId,uniqueidentifier
MasterFCMSecurity,SpocName,nvarchar
MasterFCMSecurity,ValidityStart,datetime
MasterFCMSecurity,ValidityEnd,datetime
MasterFCMSecurity,CreatedOn,datetimeoffset
MasterFCMSecurity,CreatedBy,nvarchar
MasterFCMSecurity,ModifiedOn,datetimeoffset
MasterFCMSecurity,ModifiedBy,nvarchar
MasterFCMSecurity,IsDeleted,bit
MasterFundDetails,Id,uniqueidentifier
MasterFundDetails,FundDetails,nvarchar
MasterGBBusinessArea,Id,uniqueidentifier
MasterGBBusinessArea,GbCode,nvarchar
MasterGBBusinessArea,GBDescription,nvarchar
MasterGBBusinessArea,BusinessSector,nvarchar
MasterGBBusinessArea,CreatedOn,datetimeoffset
MasterGBBusinessArea,CreatedBy,nvarchar
MasterGBBusinessArea,ModifiedOn,datetimeoffset
MasterGBBusinessArea,ModifiedBy,nvarchar
MasterGBBusinessArea,IsDeleted,bit
MasterGBBusinessArea,Version,timestamp
MasterGBBusinessArea,Status,bit
MasterGBBusinessArea,CompanyId,uniqueidentifier
MasterGcnSPOC,Id,uniqueidentifier
MasterGcnSPOC,CompanyId,uniqueidentifier
MasterGcnSPOC,PlantId,uniqueidentifier
MasterGcnSPOC,SpocName,nvarchar
MasterGcnSPOC,ValidityStart,datetime
MasterGcnSPOC,ValidityEnd,datetime
MasterGcnSPOC,CreatedOn,datetimeoffset
MasterGcnSPOC,CreatedBy,nvarchar
MasterGcnSPOC,ModifiedOn,datetimeoffset
MasterGcnSPOC,ModifiedBy,nvarchar
MasterGcnSPOC,IsDeleted,bit
MasterGrade,Id,uniqueidentifier
MasterGrade,Name,nvarchar
MasterGrade,CreatedOn,datetimeoffset
MasterGrade,CreatedBy,nvarchar
MasterGrade,ModifiedOn,datetimeoffset
MasterGrade,ModifiedBy,nvarchar
MasterGrade,IsDeleted,bit
MasterGrade,Version,timestamp
MasterHistory,Id,uniqueidentifier
MasterHistory,MenuId,int
MasterHistory,FileName,nvarchar
MasterHistory,Url,nvarchar
MasterHistory,CreatedOn,datetimeoffset
MasterHistory,CreatedBy,nvarchar
MasterHistory,ModifiedOn,datetimeoffset
MasterHistory,ModifiedBy,nvarchar
MasterHistory,IsDeleted,bit
MasterHistory,Version,timestamp
MasterHistory,ActionType,nvarchar
MasterHistory,TimeStamp,datetime2
MasterHistory,TableName,nvarchar
MasterHistory,Remarks,nvarchar
MasterHolidayCalendar,Id,uniqueidentifier
MasterHolidayCalendar,CompanyId,uniqueidentifier
MasterHolidayCalendar,PlantId,uniqueidentifier
MasterHolidayCalendar,HolidayDate,datetime
MasterHolidayCalendar,HolidayName,varchar
MasterHolidayCalendar,IsActive,bit
MasterHolidayCalendar,CreatedOn,datetimeoffset
MasterHolidayCalendar,CreatedBy,nvarchar
MasterHolidayCalendar,ModifiedOn,datetimeoffset
MasterHolidayCalendar,ModifiedBy,nvarchar
MasterHolidayCalendar,IsDeleted,bit
MasterHolidayCalendar,Version,timestamp
MasterHRcompleteECLSPOC,Id,uniqueidentifier
MasterHRcompleteECLSPOC,CompanyCode,nvarchar
MasterHRcompleteECLSPOC,Plant,nvarchar
MasterHRcompleteECLSPOC,SPOC,nvarchar
MasterHRcompleteECLSPOC,ValidityStartDate,datetime
MasterHRcompleteECLSPOC,ValidityEndDate,datetime
MasterHRcompleteECLSPOC,HolidayName,nvarchar
MasterHRcompleteECLSPOC,CreatedOn,datetimeoffset
MasterHRcompleteECLSPOC,CreatedBy,nvarchar
MasterHRcompleteECLSPOC,ModifiedOn,datetimeoffset
MasterHRcompleteECLSPOC,ModifiedBy,nvarchar
MasterHRcompleteECLSPOC,IsDeleted,bit
MasterHrSPOC,Id,uniqueidentifier
MasterHrSPOC,CompanyId,uniqueidentifier
MasterHrSPOC,PlantId,uniqueidentifier
MasterHrSPOC,SpocName,nvarchar
MasterHrSPOC,ValidityStart,datetime
MasterHrSPOC,ValidityEnd,datetime
MasterHrSPOC,CreatedOn,datetimeoffset
MasterHrSPOC,CreatedBy,nvarchar
MasterHrSPOC,ModifiedOn,datetimeoffset
MasterHrSPOC,ModifiedBy,nvarchar
MasterHrSPOC,IsDeleted,bit
MasterInvoice,Id,uniqueidentifier
MasterInvoice,InvoiceNumber,nvarchar
MasterInvoice,InvoiceLineItem,int
MasterInvoice,InvoiceQty,decimal
MasterInvoice,PostingDate,datetime
MasterInvoice,VendorSAPId,int
MasterInvoice,VendorInvoiceNumber,nvarchar
MasterInvoice,VendorInvoiceDate,datetime
MasterInvoice,PurchaseOrder,nvarchar
MasterInvoice,PurchaseOrderLineItem,int
MasterInvoice,InvoiceValueByFC,decimal
MasterInvoice,InvoiceValueByLC,decimal
MasterInvoice,Currency,nvarchar
MasterInvoice,Source,nvarchar
MasterInvoice,CreatedOn,datetimeoffset
MasterInvoice,CreatedBy,nvarchar
MasterInvoice,ModifiedOn,datetimeoffset
MasterInvoice,ModifiedBy,nvarchar
MasterInvoice,IsDeleted,bit
MasterInvoice,Version,timestamp
MasterInvoice,VendorName,nvarchar
MasterInvoice,Imported,bit
MasterInvoice,DebitCreditIndicator,nvarchar
MasterInvoice,Year,nvarchar
MasterLocationMode,Id,int
MasterLocationMode,Name,nvarchar
MasterNTIDSPOC,Id,uniqueidentifier
MasterNTIDSPOC,CompanyId,uniqueidentifier
MasterNTIDSPOC,PlantId,uniqueidentifier
MasterNTIDSPOC,SpocName,nvarchar
MasterNTIDSPOC,ValidityStart,datetime
MasterNTIDSPOC,ValidityEnd,datetime
MasterNTIDSPOC,CreatedOn,datetimeoffset
MasterNTIDSPOC,CreatedBy,nvarchar
MasterNTIDSPOC,ModifiedOn,datetimeoffset
MasterNTIDSPOC,ModifiedBy,nvarchar
MasterNTIDSPOC,IsDeleted,bit
MasterODC,Id,uniqueidentifier
MasterODC,ODCId,nvarchar
MasterODC,ODCName,nvarchar
MasterODC,CompanyId,uniqueidentifier
MasterODC,PlantId,uniqueidentifier
MasterODC,VendorId,uniqueidentifier
MasterODC,IsActive,bit
MasterODC,SequenceNumber,bigint
MasterODC,IsDeleted,bit
MasterODC,CreatedBy,varchar
MasterODC,CreatedOn,datetime
MasterODC,ModifiedBy,varchar
MasterODC,ModifiedOn,datetime
MasterODCHeadCount,Id,uniqueidentifier
MasterODCHeadCount,FKOCDId,uniqueidentifier
MasterODCHeadCount,ODCCostPerHeadCount,decimal
MasterODCHeadCount,ValidityStart,datetime
MasterODCHeadCount,ValidityEnd,datetime
MasterODCHeadCount,IsDeleted,bit
MasterODCHeadCount,CreatedBy,varchar
MasterODCHeadCount,CreatedOn,datetime
MasterODCHeadCount,ModifiedBy,varchar
MasterODCHeadCount,ModifiedOn,datetime
MasterPlant,Id,uniqueidentifier
MasterPlant,PlantName,nvarchar
MasterPlant,CompanyId,uniqueidentifier
MasterPlant,PlantAddressStreet,nvarchar
MasterPlant,PlantAddressCity,nvarchar
MasterPlant,PlantStateName,nvarchar
MasterPlant,PlantCountryName,nvarchar
MasterPlant,PlantPostalCode,int
MasterPlant,PlantCurrency,uniqueidentifier
MasterPlant,CreatedOn,datetimeoffset
MasterPlant,CreatedBy,nvarchar
MasterPlant,ModifiedOn,datetimeoffset
MasterPlant,ModifiedBy,nvarchar
MasterPlant,IsDeleted,bit
MasterPlant,Version,timestamp
MasterPlant,Status,bit
MasterPlant,PlantCode,nvarchar
MasterPlant,BusinessArea,uniqueidentifier
MasterPlant,IsBusinessArea,bit
MasterPlant,BusinessAreaId,uniqueidentifier
MasterPlant,JoiningLocationId,uniqueidentifier
MasterPlant,PersonnelSubArea,nvarchar
MasterPMOConversion,Id,uniqueidentifier
MasterPMOConversion,CompanyId,uniqueidentifier
MasterPMOConversion,ValidityStart,datetime
MasterPMOConversion,ValidityEnd,datetime
MasterPMOConversion,ConversionHour,decimal
MasterPMOConversion,CreatedOn,datetimeoffset
MasterPMOConversion,CreatedBy,nvarchar
MasterPMOConversion,ModifiedOn,datetimeoffset
MasterPMOConversion,ModifiedBy,nvarchar
MasterPMOConversion,IsDeleted,bit
MasterPMOConversion,Version,timestamp
MasterPMOConversion,ConversionDays,int
MasterPMOSecretary,Id,uniqueidentifier
MasterPMOSecretary,DepartmentId,bigint
MasterPMOSecretary,SpocName,nvarchar
MasterPMOSecretary,ValidityStart,datetime
MasterPMOSecretary,ValidityEnd,datetime
MasterPMOSecretary,CreatedOn,datetimeoffset
MasterPMOSecretary,CreatedBy,nvarchar
MasterPMOSecretary,ModifiedOn,datetimeoffset
MasterPMOSecretary,ModifiedBy,nvarchar
MasterPMOSecretary,IsDeleted,bit
MasterPMOSecretary,Version,timestamp
MasterPMOSecretary,IsActive,bit
MasterPMOSecretary,CompanyId,uniqueidentifier
MasterSapIdmSPOC,Id,uniqueidentifier
MasterSapIdmSPOC,CompanyId,uniqueidentifier
MasterSapIdmSPOC,PlantId,uniqueidentifier
MasterSapIdmSPOC,SpocName,nvarchar
MasterSapIdmSPOC,ValidityStart,datetime
MasterSapIdmSPOC,ValidityEnd,datetime
MasterSapIdmSPOC,CreatedOn,datetimeoffset
MasterSapIdmSPOC,CreatedBy,nvarchar
MasterSapIdmSPOC,ModifiedOn,datetimeoffset
MasterSapIdmSPOC,ModifiedBy,nvarchar
MasterSapIdmSPOC,IsDeleted,bit
MasterSectionSPOC,Id,uniqueidentifier
MasterSectionSPOC,SectionId,bigint
MasterSectionSPOC,SpocName,nvarchar
MasterSectionSPOC,ValidityStart,datetime
MasterSectionSPOC,ValidityEnd,datetime
MasterSectionSPOC,CreatedOn,datetimeoffset
MasterSectionSPOC,CreatedBy,nvarchar
MasterSectionSPOC,ModifiedOn,datetimeoffset
MasterSectionSPOC,ModifiedBy,nvarchar
MasterSectionSPOC,IsDeleted,bit
MasterSectionSPOC,Version,timestamp
MasterSectionSPOC,IsActive,bit
MasterSectionSPOC,CompanyId,uniqueidentifier
MasterSkillsets,Id,uniqueidentifier
MasterSkillsets,ImportedCode,bigint
MasterSkillsets,EnricoCode,nvarchar
MasterSkillsets,Imported,bit
MasterSkillsets,SkillsetName,nvarchar
MasterSkillsets,ClassificationId,uniqueidentifier
MasterSkillsets,ClusterId,uniqueidentifier
MasterSkillsets,CreatedOn,datetimeoffset
MasterSkillsets,CreatedBy,nvarchar
MasterSkillsets,ModifiedOn,datetimeoffset
MasterSkillsets,ModifiedBy,nvarchar
MasterSkillsets,IsDeleted,bit
MasterSkillsets,Version,timestamp
MasterSkillsets,Status,bit
MasterSRNInvoiceSPOC,Id,uniqueidentifier
MasterSRNInvoiceSPOC,CompanyId,uniqueidentifier
MasterSRNInvoiceSPOC,SpocName,nvarchar
MasterSRNInvoiceSPOC,ProxySpocName,nvarchar
MasterSRNInvoiceSPOC,ValidityStart,datetime
MasterSRNInvoiceSPOC,ValidityEnd,datetime
MasterSRNInvoiceSPOC,CreatedOn,datetimeoffset
MasterSRNInvoiceSPOC,CreatedBy,nvarchar
MasterSRNInvoiceSPOC,ModifiedOn,datetimeoffset
MasterSRNInvoiceSPOC,ModifiedBy,nvarchar
MasterSRNInvoiceSPOC,IsDeleted,bit
MasterStandardCost,Id,uniqueidentifier
MasterStandardCost,CompanyId,uniqueidentifier
MasterStandardCost,ValidityStart,datetime
MasterStandardCost,ValidityEnd,datetime
MasterStandardCost,StandardCostValue,decimal
MasterStandardCost,CostDifference,bigint
MasterStandardCost,CreatedOn,datetimeoffset
MasterStandardCost,CreatedBy,nvarchar
MasterStandardCost,ModifiedOn,datetimeoffset
MasterStandardCost,ModifiedBy,nvarchar
MasterStandardCost,IsDeleted,bit
MasterStandardCost,Version,timestamp
MasterStandardCost,BuId,bigint
MasterTableMapping,Id,int
MasterTableMapping,Title,varchar
MasterTableMapping,TableName,varchar
MasterTableMapping,ColumnNames,nvarchar
MasterTableMapping,OrderSequence,int
MasterTableMapping,IsActive,bit
MasterTableMapping,PrimaryColumn,varchar
MasterTableMapping,UiJson,nvarchar
MasterTableMapping,ColumnSequence,nvarchar
MasterTargetSaving,Id,uniqueidentifier
MasterTargetSaving,CompanyId,uniqueidentifier
MasterTargetSaving,ValidityStart,datetime
MasterTargetSaving,ValidityEnd,datetime
MasterTargetSaving,TargetSavingValue,decimal
MasterTargetSaving,CreatedOn,datetimeoffset
MasterTargetSaving,CreatedBy,nvarchar
MasterTargetSaving,ModifiedOn,datetimeoffset
MasterTargetSaving,ModifiedBy,nvarchar
MasterTargetSaving,IsDeleted,bit
MasterTargetSaving,Version,timestamp
MasterTransportSPOC,Id,uniqueidentifier
MasterTransportSPOC,CompanyId,uniqueidentifier
MasterTransportSPOC,PlantId,uniqueidentifier
MasterTransportSPOC,SpocName,nvarchar
MasterTransportSPOC,ValidityStart,datetime
MasterTransportSPOC,ValidityEnd,datetime
MasterTransportSPOC,CreatedOn,datetimeoffset
MasterTransportSPOC,CreatedBy,nvarchar
MasterTransportSPOC,ModifiedOn,datetimeoffset
MasterTransportSPOC,ModifiedBy,nvarchar
MasterTransportSPOC,IsDeleted,bit
MasterUserAdminForDataView,Id,uniqueidentifier
MasterUserAdminForDataView,UserNTID,nvarchar
MasterUserAdminForDataView,CreatedOn,datetimeoffset
MasterUserAdminForDataView,CreatedBy,nvarchar
MasterUserAdminForDataView,ModifiedOn,datetimeoffset
MasterUserAdminForDataView,ModifiedBy,nvarchar
MasterUserAdminForDataView,IsDeleted,bit
MasterUserAdminForDataView,CompanyId,uniqueidentifier
MasterVendorContactDetails,Id,uniqueidentifier
MasterVendorContactDetails,ContactName,nvarchar
MasterVendorContactDetails,Email,nvarchar
MasterVendorContactDetails,Mobile,nvarchar
MasterVendorContactDetails,Designation,nvarchar
MasterVendorContactDetails,DomainResponsibility,nvarchar
MasterVendorContactDetails,PrimaryContact,bit
MasterVendorContactDetails,status,bit
MasterVendorContactDetails,Note,nvarchar
MasterVendorContactDetails,CreatedOn,datetimeoffset
MasterVendorContactDetails,CreatedBy,nvarchar
MasterVendorContactDetails,ModifiedOn,datetimeoffset
MasterVendorContactDetails,ModifiedBy,nvarchar
MasterVendorContactDetails,IsDeleted,bit
MasterVendorContactDetails,Version,timestamp
MasterVendorContactDetails,VendorId,uniqueidentifier
MasterVendorContactDetails,EscalateLevel ,uniqueidentifier
MasterVendorContactDetails,CountryCode,nvarchar
MasterVendorContactDetails,ContactType,int
MasterVendorRateCard,Id,uniqueidentifier
MasterVendorRateCard,VendorId,uniqueidentifier
MasterVendorRateCard,CompanyId,uniqueidentifier
MasterVendorRateCard,SkillsetId,uniqueidentifier
MasterVendorRateCard,ValidityStart,datetime
MasterVendorRateCard,ValidityEnd,datetime
MasterVendorRateCard,CreatedOn,datetimeoffset
MasterVendorRateCard,CreatedBy,nvarchar
MasterVendorRateCard,ModifiedOn,datetimeoffset
MasterVendorRateCard,ModifiedBy,nvarchar
MasterVendorRateCard,IsDeleted,bit
MasterVendorRateCard,Version,timestamp
MasterVendorRateCard,LocationId,int
MasterVendorRateCard,IsActive,bit
MasterVendorRateCard,Grade0,decimal
MasterVendorRateCard,Grade1,decimal
MasterVendorRateCard,Grade2,decimal
MasterVendorRateCard,Grade3,decimal
MasterVendorRateCard,Grade4,decimal
MasterVendorRateCard,CurrencyId,uniqueidentifier
MasterVendors,Id,uniqueidentifier
MasterVendors,CompanyId,uniqueidentifier
MasterVendors,VendorSAPID,int
MasterVendors,VendorName,nvarchar
MasterVendors,ParentVendorId,uniqueidentifier
MasterVendors,VendorAddressStreet,nvarchar
MasterVendors,VendorAddressCity,nvarchar
MasterVendors,VendorRegionName,nvarchar
MasterVendors,VendorCountryName,nvarchar
MasterVendors,VendorCurrencyId,uniqueidentifier
MasterVendors,VendorTypeID,uniqueidentifier
MasterVendors,BusinessSupportID,uniqueidentifier
MasterVendors,ClassificationID,uniqueidentifier
MasterVendors,StatusID,uniqueidentifier
MasterVendors,CreatedOn,datetimeoffset
MasterVendors,CreatedBy,nvarchar
MasterVendors,ModifiedOn,datetimeoffset
MasterVendors,ModifiedBy,nvarchar
MasterVendors,IsDeleted,bit
MasterVendors,Version,timestamp
MasterVendors,IsActive,bit
MasterVendors,DomainId,nvarchar
MasterVendors,SubcontractAllowed,nvarchar
MasterVendorSkillset,Id,uniqueidentifier
MasterVendorSkillset,VendorId,uniqueidentifier
MasterVendorSkillset,CompanyId,uniqueidentifier
MasterVendorSkillset,SkillsetId,uniqueidentifier
MasterVendorSkillset,ValidityStart,datetime
MasterVendorSkillset,ValidityEnd,datetime
MasterVendorSkillset,CreatedOn,datetimeoffset
MasterVendorSkillset,CreatedBy,nvarchar
MasterVendorSkillset,ModifiedOn,datetimeoffset
MasterVendorSkillset,ModifiedBy,nvarchar
MasterVendorSkillset,IsDeleted,bit
MasterVendorSkillset,Version,timestamp
MasterVendorSkillset,LocationId,int
MasterVendorSkillset,IsActive,bit
MasterVendorSkillset,Grade0,nvarchar
MasterVendorSkillset,Grade1,nvarchar
MasterVendorSkillset,Grade2,nvarchar
MasterVendorSkillset,Grade3,nvarchar
MasterVendorSkillset,Grade4,nvarchar
MasterVendorSkillset,CurrencyId,uniqueidentifier
MaterialGroupDetails,Id,uniqueidentifier
MaterialGroupDetails,MaterialGroup,nvarchar
MaterialGroupDetails,CreatedOn,datetimeoffset
MaterialGroupDetails,CreatedBy,nvarchar
MaterialGroupDetails,ModifiedOn,datetimeoffset
MaterialGroupDetails,ModifiedBy,nvarchar
MaterialGroupDetails,IsDeleted,bit
MaterialGroupDetails,Version,timestamp
MaterialGroupDetails,displayorder,int
Menu,MenuId,int
Menu,Name,varchar
Menu,MainMenuId,int
Menu,Icon,varbinary
Menu,IsActive,bit
Menu,CreatedBy,int
Menu,CreatedDate,datetime
Menu,UpdatedBy,int
Menu,UpdatedDate,datetime
Menu,OrderSequence,int
Menu,RouterLink,nvarchar
OnboardingAcknowledgeBGV,Id,uniqueidentifier
OnboardingAcknowledgeBGV,ResourceOBRequestID,uniqueidentifier
OnboardingAcknowledgeBGV,Remark,nvarchar
OnboardingAcknowledgeBGV,CreatedBy,nvarchar
OnboardingAcknowledgeBGV,CreatedOn,datetimeoffset
OnboardingAcknowledgeBGV,IsDeleted,bit
OnboardingBGSVaddditionalDetail,Id,uniqueidentifier
OnboardingBGSVaddditionalDetail,ResourceOBRequestID,uniqueidentifier
OnboardingBGSVaddditionalDetail,OnboardingDeviceClassMasterId,int
OnboardingBGSVaddditionalDetail,IsResourceAccessCardRequired,bit
OnboardingBGSVaddditionalDetail,IsNtidRequired,bit
OnboardingBGSVaddditionalDetail,IsInternetAccessRequired,bit
OnboardingBGSVaddditionalDetail,IsMailAccessRequired ,bit
OnboardingBGSVaddditionalDetail,BuildingAndFloorAccessLevel,nvarchar
OnboardingBGSVaddditionalDetail,DeviceClass,nvarchar
OnboardingBGSVaddditionalDetail,CreatedBy,nvarchar
OnboardingBGSVaddditionalDetail,CreatedOn,datetimeoffset
OnboardingBGSVaddditionalDetail,ModifiedBy,nvarchar
OnboardingBGSVaddditionalDetail,ModifiedOn,datetimeoffset
OnboardingBGSVaddditionalDetail,IsDeleted,bit
OnboardingDeviceClassMaster,Id,int
OnboardingDeviceClassMaster,DeviceName,nvarchar
OnboardingDeviceClassMaster,CreatedOn,datetimeoffset
OnboardingDeviceClassMaster,CreatedBy,nvarchar
OnboardingDeviceClassMaster,IsDeleted,bit
OnboardingInitiateBGV,Id,uniqueidentifier
OnboardingInitiateBGV,ResourceOBRequestID,uniqueidentifier
OnboardingInitiateBGV,Remark,nvarchar
OnboardingInitiateBGV,CreatedBy,nvarchar
OnboardingInitiateBGV,CreatedOn,datetimeoffset
OnboardingInitiateBGV,IsDeleted,bit
OnboardingInitiateBGV,BgvVendorId,uniqueidentifier
OnboardingInitiateBGV,BgvVendorName,nvarchar
OnboardingNtidDeactivation,Id,uniqueidentifier
OnboardingNtidDeactivation,ResourceOBRequestID,uniqueidentifier
OnboardingNtidDeactivation,NtidDeactivatedDate,datetimeoffset
OnboardingNtidDeactivation,NtidDeletedDate,datetimeoffset
OnboardingNtidDeactivation,Remark,nvarchar
OnboardingNtidDeactivation,CreatedBy,nvarchar
OnboardingNtidDeactivation,CreatedOn,datetimeoffset
OnboardingNtidDeactivation,IsDeleted,bit
OnboardingResDocuments,Id,uniqueidentifier
OnboardingResDocuments,ResourceId,uniqueidentifier
OnboardingResDocuments,ResourceType,nvarchar
OnboardingResDocuments,DocumentName,nvarchar
OnboardingResDocuments,DocumentURL,nvarchar
OnboardingResDocuments,CreatedOn,datetimeoffset
OnboardingResDocuments,CreatedBy,nvarchar
OnboardingResDocuments,ModifiedOn,datetimeoffset
OnboardingResDocuments,ModifiedBy,nvarchar
OnboardingResDocuments,IsDeleted,bit
OnboardingResDocuments,Version,timestamp
OnboardingResDocuments,IsActive,bit
OnboardingResDocumentsDeatils,Id,uniqueidentifier
OnboardingResDocumentsDeatils,ResourceOBRequestID,uniqueidentifier
OnboardingResDocumentsDeatils,PhotoDocUrl,nvarchar
OnboardingResDocumentsDeatils,PurchaseOrderDocUrl,nvarchar
OnboardingResDocumentsDeatils,LOUDocUrl,nvarchar
OnboardingResDocumentsDeatils,BGVReportDocUrl,nvarchar
OnboardingResDocumentsDeatils,ISPTrainingAckDocUrl,nvarchar
OnboardingResDocumentsDeatils,ParentOrgidcardDocUrl,nvarchar
OnboardingResDocumentsDeatils,PreviouEmployeeExpDocUrl,nvarchar
OnboardingResDocumentsDeatils,ISPCertificateDocUrl,nvarchar
OnboardingResDocumentsDeatils,DeclarationOfObligDocUrl,nvarchar
OnboardingResDocumentsDeatils,LOADocUrl,nvarchar
OnboardingResEducationandWorkDetails,Id,uniqueidentifier
OnboardingResEducationandWorkDetails,ResourceOBRequestID,uniqueidentifier
OnboardingResEducationandWorkDetails,SscBoard,nvarchar
OnboardingResEducationandWorkDetails,SscInstitution,nvarchar
OnboardingResEducationandWorkDetails,SscYearofPass,nvarchar
OnboardingResEducationandWorkDetails,SscPercentage,nvarchar
OnboardingResEducationandWorkDetails,SscMode,nvarchar
OnboardingResEducationandWorkDetails,SscDocurl,nvarchar
OnboardingResEducationandWorkDetails,HighestQualification,nvarchar
OnboardingResEducationandWorkDetails,HighestSpecialization,nvarchar
OnboardingResEducationandWorkDetails,HighestInstitution,nvarchar
OnboardingResEducationandWorkDetails,HighestYearofPass,nvarchar
OnboardingResEducationandWorkDetails,HighestPercentage,nvarchar
OnboardingResEducationandWorkDetails,HighestMode,nvarchar
OnboardingResEducationandWorkDetails,HighestDocurl,nvarchar
OnboardingResEducationandWorkDetails,TotalExperienceYear,nvarchar
OnboardingResEducationandWorkDetails,TotalExperienceMonth,nvarchar
OnboardingResEducationandWorkDetails,RelevantExperienceYear,nvarchar
OnboardingResEducationandWorkDetails,RelevantExperienceMonth,nvarchar
OnboardingResEducationandWorkDetails,IsPreviouslyWorkedinBGSW,bit
OnboardingResEducationandWorkDetails,BoschEmployeeNumber,nvarchar
OnboardingResEducationandWorkDetails,LWDatBGSW,date
OnboardingResourceCheckIn,Id,uniqueidentifier
OnboardingResourceCheckIn,ResourceOBRequestID,uniqueidentifier
OnboardingResourceCheckIn,Remark,nvarchar
OnboardingResourceCheckIn,CreatedBy,nvarchar
OnboardingResourceCheckIn,CreatedOn,datetimeoffset
OnboardingResourceCheckIn,IsDeleted,bit
OnboardingResourceDetails,Id,uniqueidentifier
OnboardingResourceDetails,Title,nvarchar
OnboardingResourceDetails,FirstName,nvarchar
OnboardingResourceDetails,MiddleName,nvarchar
OnboardingResourceDetails,LastName,nvarchar
OnboardingResourceDetails,DateofBirth,date
OnboardingResourceDetails,Gender,nvarchar
OnboardingResourceDetails,Nationality,nvarchar
OnboardingResourceDetails,OfficialEmailId,nvarchar
OnboardingResourceDetails,PersonalEmailId,nvarchar
OnboardingResourceDetails,PrimaryContactCode,char
OnboardingResourceDetails,PrimaryContactNumber,varchar
OnboardingResourceDetails,AlternateContactCode,char
OnboardingResourceDetails,AlternateContactNumber,varchar
OnboardingResourceDetails,EmergencyContactName,nvarchar
OnboardingResourceDetails,EmergencyContactCode,char
OnboardingResourceDetails,EmergencyNumber,varchar
OnboardingResourceDetails,IdentityType,varchar
OnboardingResourceDetails,IdNumber,varchar
OnboardingResourceDetails,POAIdType,varchar
OnboardingResourceDetails,POADocUrl,varchar
OnboardingResourceDetails,ResidentAddressHouseNoStreet,varchar
OnboardingResourceDetails,ResidentAddressLandMark,varchar
OnboardingResourceDetails,ResidentAddressCity,varchar
OnboardingResourceDetails,ResidentAddressState,varchar
OnboardingResourceDetails,ResidentAddressPostalCode,varchar
OnboardingResourceDetails,PermanentAddressHouseNoStreet,varchar
OnboardingResourceDetails,PermanentAddressLandMark,varchar
OnboardingResourceDetails,PermanentAddressCity,varchar
OnboardingResourceDetails,PermanentAddressState,varchar
OnboardingResourceDetails,PermanentAddressPostalCode,varchar
OnboardingResourceDetails,OnboardingRequestId,varchar
OnboardingResourceDetails,StatusID,int
OnboardingResourceDetails,IsISPtrainingCompleted,bit
OnboardingResourceDetails,IsBGVcompletedandPassed,bit
OnboardingResourceDetails,IsConfirmDeclaration,bit
OnboardingResourceDetails,ResourceOBRequestID,uniqueidentifier
OnboardingResourceExtendDoj,Id,uniqueidentifier
OnboardingResourceExtendDoj,ResourceOBRequestID,uniqueidentifier
OnboardingResourceExtendDoj,NewDoj,datetimeoffset
OnboardingResourceExtendDoj,Remark,nvarchar
OnboardingResourceExtendDoj,CreatedBy,nvarchar
OnboardingResourceExtendDoj,CreatedOn,datetimeoffset
OnboardingResourceExtendDoj,IsDeleted,bit
OnboardingResourceExtendDoj,IsDojExteded,bit
OnboardingResourceIssueIdCard,Id,uniqueidentifier
OnboardingResourceIssueIdCard,ResourceOBRequestID,uniqueidentifier
OnboardingResourceIssueIdCard,Remark,nvarchar
OnboardingResourceIssueIdCard,CreatedBy,nvarchar
OnboardingResourceIssueIdCard,CreatedOn,datetimeoffset
OnboardingResourceIssueIdCard,IsDeleted,bit
OnboardingResourceRemarks,Id,uniqueidentifier
OnboardingResourceRemarks,ResourceOBRequestID,uniqueidentifier
OnboardingResourceRemarks,Remark,nvarchar
OnboardingResourceRemarks,CreatedOn,datetimeoffset
OnboardingResourceRemarks,CreatedBy,nvarchar
OnboardingResourceRemarks,IsDeleted,bit
OnboardingResourceRemarks,StatusID,int
OnboardingResourceRequest,Id,uniqueidentifier
OnboardingResourceRequest,OnboardingRequestId,varchar
OnboardingResourceRequest,StatusID,int
OnboardingResourceRequest,IsISPtrainingCompleted,bit
OnboardingResourceRequest,IsBGVcompletedandPassed,bit
OnboardingResourceRequest,IsConfirmDeclaration,bit
OnboardingResourceRequest,FirstApproverNtId,nvarchar
OnboardingResourceRequest,SecondApproverNtId,nvarchar
OnboardingResourceRequest,IsFirstLevelApproved,bit
OnboardingResourceRequest,CreatedOn,datetimeoffset
OnboardingResourceRequest,CreatedBy,nvarchar
OnboardingResourceRequest,ModifiedOn,datetimeoffset
OnboardingResourceRequest,ModifiedBy,nvarchar
OnboardingResourceRequest,IsDeleted,bit
OnboardingResourceRequest,BgvStatusID,int
OnboardingResourceRequest,GbCode,nvarchar
OnboardingResourceShareNTId,Id,uniqueidentifier
OnboardingResourceShareNTId,ResourceOBRequestID,uniqueidentifier
OnboardingResourceShareNTId,NtId,nvarchar
OnboardingResourceShareNTId,NtIdPassword,nvarchar
OnboardingResourceShareNTId,Remark,nvarchar
OnboardingResourceShareNTId,CreatedBy,nvarchar
OnboardingResourceShareNTId,CreatedOn,datetimeoffset
OnboardingResourceShareNTId,IsDeleted,bit
OnboardingResourceUpdateNTId,Id,uniqueidentifier
OnboardingResourceUpdateNTId,ResourceOBRequestID,uniqueidentifier
OnboardingResourceUpdateNTId,NtId,nvarchar
OnboardingResourceUpdateNTId,NtidCreatedDt,date
OnboardingResourceUpdateNTId,Remark,nvarchar
OnboardingResourceUpdateNTId,CreatedBy,nvarchar
OnboardingResourceUpdateNTId,CreatedOn,datetimeoffset
OnboardingResourceUpdateNTId,IsDeleted,bit
OnboardingResourceUpdateNTId,BoschEmailId,nvarchar
OnboardingSendbackRemarks,Id,uniqueidentifier
OnboardingSendbackRemarks,ResourceOBRequestID,uniqueidentifier
OnboardingSendbackRemarks,Remark,nvarchar
OnboardingSendbackRemarks,Section,nvarchar
OnboardingSendbackRemarks,CreatedOn,datetimeoffset
OnboardingSendbackRemarks,CreatedBy,nvarchar
OnboardingSendbackRemarks,IsDeleted,bit
OnboardingSendbackRemarks,IsSecondLevelSendBack,bit
OnboardingSendbackRemarks,IsResubmitted,bit
OnboardingSOWJdDetails,Id,uniqueidentifier
OnboardingSOWJdDetails,SowjdID,uniqueidentifier
OnboardingSOWJdDetails,WorkLocation,nvarchar
OnboardingSOWJdDetails,PoLineitem,int
OnboardingSOWJdDetails,ExpectedDOJ,date
OnboardingSOWJdDetails,IsBillable,bit
OnboardingSOWJdDetails,BillingStartDate,date
OnboardingSOWJdDetails,ResourceOBRequestID,uniqueidentifier
OnboardingSOWJdDetails,OutSourcingType,nvarchar
OnboardingSOWJdDetails,GradeId,uniqueidentifier
OnboardingSOWJdDetails,SkillSetId,uniqueidentifier
OnboardingSOWJdDetails,PlantId,uniqueidentifier
OnboardingSOWJdDetails,TPResourcePlanId,uniqueidentifier
OnboardingSOWJdDetails,TechProposalId,uniqueidentifier
OnboardingSOWJdDetails,DeboardingRequestID,nvarchar
OnboardingSOWJdDetails,IsReplaceRequest,bit
OnboardingSOWJdDetails,PoNumber,nvarchar
OnboardingSOWJdDetails,ContractEndDate,datetime
OnboardingSOWJdDetails,GroupName,nvarchar
OnboardingSOWJdDetails,DepartmentName,nvarchar
OnboardingSOWJdDetails,SectionName,nvarchar
OnboardingSOWJdDetails,BuName,nvarchar
OnboardingSOWJdDetails,VendorEmail,nvarchar
OnboardingStatusBgv,Id,int
OnboardingStatusBgv,StatusDescription,nvarchar
OnboardingStatusBgv,CreatedOn,datetimeoffset
OnboardingStatusBgv,CreatedBy,nvarchar
OnboardingStatusBgv,IsDeleted,bit
OnboardingStatusMaster,Id,int
OnboardingStatusMaster,StatusDescription,nvarchar
OnboardingStatusMaster,CreatedOn,datetimeoffset
OnboardingStatusMaster,CreatedBy,nvarchar
OnboardingStatusMaster,ModifiedOn,datetimeoffset
OnboardingStatusMaster,ModifiedBy,nvarchar
OnboardingStatusMaster,IsDeleted,bit
OnboardingUpdateBgvReport,Id,uniqueidentifier
OnboardingUpdateBgvReport,ResourceOBRequestID,uniqueidentifier
OnboardingUpdateBgvReport,BgvReportStatus,nvarchar
OnboardingUpdateBgvReport,Remark,nvarchar
OnboardingUpdateBgvReport,ResourceType,nvarchar
OnboardingUpdateBgvReport,DocumentName,nvarchar
OnboardingUpdateBgvReport,DocumentURL,nvarchar
OnboardingUpdateBgvReport,CreatedOn,datetimeoffset
OnboardingUpdateBgvReport,CreatedBy,nvarchar
OnboardingUpdateBgvReport,IsDeleted,bit
OnboardingVendorDetails,Id,uniqueidentifier
OnboardingVendorDetails,VendorId,uniqueidentifier
OnboardingVendorDetails,ResourceType,nvarchar
OnboardingVendorDetails,RegNameSubContractor,nvarchar
OnboardingVendorDetails,DomainIdSubContractor,nvarchar
OnboardingVendorDetails,ResourceOBRequestID,uniqueidentifier
OnboardingVendorDetails,MSAScopeExtensionUrl,nvarchar
OnboardingVendorDetails,VendorSAPID,int
OrgData,Id,uniqueidentifier
OrgData,BuName,nvarchar
OrgData,BuId,int
OrgData,BuHeadEno,int
OrgData,BuHeadName,nvarchar
OrgData,BuHeadEmail,nvarchar
OrgData,SectionName,nvarchar
OrgData,SectionId,int
OrgData,SectionHeadEno,int
OrgData,SectionHeadName,nvarchar
OrgData,SectionHeadEmail,nvarchar
OrgData,DepartmentName,nvarchar
OrgData,DepartmentId,bigint
OrgData,DepartmentHeadEno,int
OrgData,DepartmentHeadName,nvarchar
OrgData,DepartmentHeadEmail,nvarchar
OrgData,GroupName,nvarchar
OrgData,GroupId,int
OrgData,GroupMgrEno,int
OrgData,GroupMgrName,nvarchar
OrgData,GroupMgrEmail,nvarchar
OrgData,IsActive,bit
OrgData,IsDeleted,bit
OrgData,CreatedOn,datetimeoffset
OrgData,CreatedBy,nvarchar
OrgData,ModifiedOn,datetimeoffset
OrgData,ModifiedBy,nvarchar
OrgData,CompanyId,uniqueidentifier
OrgData,CompanyCode,nvarchar
OrgData,Imported,bit
PlanningFiles,Id,uniqueidentifier
PlanningFiles,FileName,nvarchar
PlanningFiles,FileUri,nvarchar
PlanningFiles,Base64,nvarchar
PlanningFiles,AOPId,uniqueidentifier
PlanningFiles,AOPSlId,uniqueidentifier
PlanningFiles,AOPFlId,uniqueidentifier
PlanningFiles,CreatedOn,datetimeoffset
PlanningFiles,CreatedBy,nvarchar
PlanningFiles,ModifiedOn,datetimeoffset
PlanningFiles,ModifiedBy,nvarchar
PlanningFiles,IsDeleted,bit
PlanningFiles,Version,timestamp
PlanningOwnerRelationship,Id,uniqueidentifier
PlanningOwnerRelationship,FeatureCode,nvarchar
PlanningOwnerRelationship,ObjectId,uniqueidentifier
PlanningOwnerRelationship,OwnerEno,nvarchar
PlanningOwnerRelationship,IsActive,bit
PlanningOwnerRelationship,CreatedOn,datetimeoffset
PlanningOwnerRelationship,CreatedBy,nvarchar
PlanningOwnerRelationship,ModifiedOn,datetimeoffset
PlanningOwnerRelationship,ModifiedBy,nvarchar
PlanningOwnerRelationship,IsDeleted,bit
PlanningOwnerRelationship,Version,timestamp
PlanningOwnerRelationship,UniqueId,nvarchar
PlanningPurchaseOrders,Id,uniqueidentifier
PlanningPurchaseOrders,PlanningYearID,nvarchar
PlanningPurchaseOrders,PONumber,nvarchar
PlanningPurchaseOrders,CfCycleYear,int
PlanningPurchaseOrders,PlanningLevel,nvarchar
PlanningPurchaseOrders,PlanningOrgLevel,nvarchar
PlanningPurchaseOrders,POPlanningId,nvarchar
PlanningPurchaseOrders,LocationId,uniqueidentifier
PlanningPurchaseOrders,Location,nvarchar
PlanningPurchaseOrders,VendorId,uniqueidentifier
PlanningPurchaseOrders,Vendor,nvarchar
PlanningPurchaseOrders,OrganizationUnitId,int
PlanningPurchaseOrders,OrganizationUnitName,nvarchar
PlanningPurchaseOrders,CreatedOn,datetimeoffset
PlanningPurchaseOrders,CreatedBy,nvarchar
PlanningPurchaseOrders,ModifiedOn,datetimeoffset
PlanningPurchaseOrders,ModifiedBy,nvarchar
PlanningPurchaseOrders,IsDeleted,bit
PlanningPurchaseOrders,Version,timestamp
PlanningPurchaseOrders,CompanyId,uniqueidentifier
PlanningPurchaseOrders,CompanyName,nvarchar
PlanningResource,Id,uniqueidentifier
PlanningResource,AOPId,uniqueidentifier
PlanningResource,AOPSLId,uniqueidentifier
PlanningResource,AOPFLId,uniqueidentifier
PlanningResource,SkillsetId,uniqueidentifier
PlanningResource,Skillset,nvarchar
PlanningResource,GradeId,uniqueidentifier
PlanningResource,Grade,nvarchar
PlanningResource,LocationModeId,int
PlanningResource,LocationMode,nvarchar
PlanningResource,Vendor,nvarchar
PlanningResource,VendorId,uniqueidentifier
PlanningResource,GB,nvarchar
PlanningResource,GBId,uniqueidentifier
PlanningResource,VKMPrice,decimal
PlanningResource,SkillSetType,nvarchar
PlanningResource,RateCardPrice,decimal
PlanningResource,NonRateCardPrice,decimal
PlanningResource,Price,decimal
PlanningResource,EndingNumber,decimal
PlanningResource,TotalEquivalentCapacity,decimal
PlanningResource,TotalProjectedPO,decimal
PlanningResource,TotalProjectedRevenue,decimal
PlanningResource,IsImported,bit
PlanningResource,CreatedOn,datetimeoffset
PlanningResource,CreatedBy,nvarchar
PlanningResource,ModifiedOn,datetimeoffset
PlanningResource,ModifiedBy,nvarchar
PlanningResource,IsDeleted,bit
PlanningResource,Version,timestamp
PlanningResource,LocationId,uniqueidentifier
PlanningResource,Location,nvarchar
PlanningResourceDetails,Id,uniqueidentifier
PlanningResourceDetails,AOPId,uniqueidentifier
PlanningResourceDetails,AOPSLId,uniqueidentifier
PlanningResourceDetails,AOPFLId,uniqueidentifier
PlanningResourceDetails,ResourceId,uniqueidentifier
PlanningResourceDetails,group,nvarchar
PlanningResourceDetails,Jan,decimal
PlanningResourceDetails,Feb,decimal
PlanningResourceDetails,Mar,decimal
PlanningResourceDetails,Apr,decimal
PlanningResourceDetails,May,decimal
PlanningResourceDetails,Jun,decimal
PlanningResourceDetails,Jul,decimal
PlanningResourceDetails,Aug,decimal
PlanningResourceDetails,Sep,decimal
PlanningResourceDetails,Oct,decimal
PlanningResourceDetails,Nov,decimal
PlanningResourceDetails,Dec,decimal
PlanningResourceDetails,CreatedOn,datetimeoffset
PlanningResourceDetails,CreatedBy,nvarchar
PlanningResourceDetails,ModifiedOn,datetimeoffset
PlanningResourceDetails,ModifiedBy,nvarchar
PlanningResourceDetails,IsDeleted,bit
PlanningResourceDetails,Version,timestamp
ProjectXCompetency,Id,uniqueidentifier
ProjectXCompetency,PlantId,uniqueidentifier
ProjectXCompetency,EmployeeNumber,bigint
ProjectXCompetency,SOWJDId,uniqueidentifier
ProjectXCompetency,SkillsetId,uniqueidentifier
ProjectXCompetency,GradeId,uniqueidentifier
ProjectXCompetency,LocationModeId,int
ProjectXCompetency,CapacityAllocation,decimal
ProjectXCompetency,Billable,bit
ProjectXCompetency,BillingStartDate,datetime
ProjectXCompetency,ValidityStart,datetime
ProjectXCompetency,ValidityEnd,datetime
ProjectXCompetency,IsDeleted,bit
ProjectXCompetency,CreatedOn,datetimeoffset
ProjectXCompetency,CreatedBy,nvarchar
ProjectXCompetency,ModifiedOn,datetimeoffset
ProjectXCompetency,ModifiedBy,nvarchar
ProjectXCompetency,Version,timestamp
ProjectXCompetency,GbId,uniqueidentifier
ProjectXCompetency,SowjdSignOffId,uniqueidentifier
ProjectXCompetency,ResourcePlanId,uniqueidentifier
ProjectXCompetency,DeboardingRequestID,nvarchar
ProjectXCompetencyBackup,Employee_No,int
ProjectXCompetencyBackup,Employee_Name,nvarchar
ProjectXCompetencyBackup,NT_ID,nvarchar
ProjectXCompetencyBackup,SOW_JD_ID,nvarchar
ProjectXCompetencyBackup,GB,nvarchar
ProjectXCompetencyBackup,Skillset,nvarchar
ProjectXCompetencyBackup,Grade,nvarchar
ProjectXCompetencyBackup,Location_Mode,nvarchar
ProjectXCompetencyBackup,Business_Area,nvarchar
ProjectXCompetencyBackup,Plant,nvarchar
ProjectXCompetencyBackup,Company,varchar
ProjectXCompetencyBackup,Billable,nvarchar
ProjectXCompetencyBackup,Billing_Start_Date,date
ProjectXCompetencyBackup,Validity_Start,date
ProjectXCompetencyBackup,Validity_End_SOW_JD_End_Date,date
PurchaseHeaders,Id,uniqueidentifier
PurchaseHeaders,Ponumber,nvarchar
PurchaseHeaders,PurchasingDocumentType,nvarchar
PurchaseHeaders,DocumentDate,datetime
PurchaseHeaders,LastItem,nvarchar
PurchaseHeaders,ValidityStart,datetime2
PurchaseHeaders,ValidityEnd,datetime2
PurchaseHeaders,TermsofPayment,nvarchar
PurchaseHeaders,PaymentIn,nvarchar
PurchaseHeaders,PurchasingOrganization,nvarchar
PurchaseHeaders,PurchasingGroup,nvarchar
PurchaseHeaders,YourReference,nvarchar
PurchaseHeaders,Requisitioner,nvarchar
PurchaseHeaders,Email,nvarchar
PurchaseHeaders,Incomplete,nvarchar
PurchaseHeaders,CategoryofIncompleteness,nvarchar
PurchaseHeaders,Source,nvarchar
PurchaseHeaders,CreatedOn,datetimeoffset
PurchaseHeaders,CreatedBy,nvarchar
PurchaseHeaders,ModifiedOn,datetimeoffset
PurchaseHeaders,ModifiedBy,nvarchar
PurchaseHeaders,IsDeleted,bit
PurchaseHeaders,Version,timestamp
PurchaseHeaders,CompanyId,uniqueidentifier
PurchaseHeaders,VendorId,uniqueidentifier
PurchaseHeaders,ExchangeRate,bigint
PurchaseHeaders,CurrencyId,uniqueidentifier
PurchaseHeaders,Imported,bit
PurchaseHeaders,IsActive,bit
PurchaseHeaders,CompanyCode,nvarchar
PurchaseHeaders,Currency,nvarchar
PurchaseHeaders,VendorSAPID,int
PurchaseHeaders,VendorName,nvarchar
PurchaseHeaders,SAPCreatedBy,nvarchar
PurchaseHeaders,NetOrderValue,decimal
PurchaseLineItems,Id,uniqueidentifier
PurchaseLineItems,PurchaseID,nvarchar
PurchaseLineItems,PONumber,nvarchar
PurchaseLineItems,Lineitem,int
PurchaseLineItems,DeletionIndicator,nvarchar
PurchaseLineItems,DeliveryDate,datetime
PurchaseLineItems,AccountAssignment,nvarchar
PurchaseLineItems,Material,nvarchar
PurchaseLineItems,MaterialDescription,nvarchar
PurchaseLineItems,UOM,nvarchar
PurchaseLineItems,OrderCurrency,nvarchar
PurchaseLineItems,ExchangeRate,decimal
PurchaseLineItems,PlantId,uniqueidentifier
PurchaseLineItems,MaterialGroup,nvarchar
PurchaseLineItems,VendorId,uniqueidentifier
PurchaseLineItems,ValidityStart,datetime2
PurchaseLineItems,ValidityEnd,datetime2
PurchaseLineItems,SRMPONumber,bigint
PurchaseLineItems,Requisitioner,nvarchar
PurchaseLineItems,RequisitionerEmail,nvarchar
PurchaseLineItems,CostCenterId,uniqueidentifier
PurchaseLineItems,WBSId,uniqueidentifier
PurchaseLineItems,Fund,nvarchar
PurchaseLineItems,FundCenterId,uniqueidentifier
PurchaseLineItems,BudgetCode,nvarchar
PurchaseLineItems,Source,nvarchar
PurchaseLineItems,CreatedOn,datetimeoffset
PurchaseLineItems,CreatedBy,nvarchar
PurchaseLineItems,ModifiedOn,datetimeoffset
PurchaseLineItems,ModifiedBy,nvarchar
PurchaseLineItems,IsDeleted,bit
PurchaseLineItems,Version,timestamp
PurchaseLineItems,Imported,bit
PurchaseLineItems,IsActive,bit
PurchaseLineItems,Quantity,decimal
PurchaseLineItems,NetOrderPrice,decimal
PurchaseLineItems,NetOrderValue,decimal
PurchaseLineItems,PONetOrderValue,decimal
PurchaseLineItems,PlantCode,nvarchar
PurchaseLineItems,VendorSAPID,nvarchar
PurchaseLineItems,CostCenterCode,nvarchar
PurchaseLineItems,WbsElement,nvarchar
PurchaseLineItems,FundCenterCode,nvarchar
PurchaseLineItems,SAPCreatedOn,datetime2
PurchaseLineItems,ChangedOn,datetime2
PurchaseLineItems,VendorName,nvarchar
Remarks,Id,uniqueidentifier
Remarks,Description,nvarchar
Remarks,Status,nvarchar
Remarks,AOPId,uniqueidentifier
Remarks,AOPFLId,uniqueidentifier
Remarks,CFCycleId,uniqueidentifier
Remarks,CreatedOn,datetimeoffset
Remarks,CreatedBy,nvarchar
Remarks,ModifiedOn,datetimeoffset
Remarks,ModifiedBy,nvarchar
Remarks,IsDeleted,bit
Remarks,Version,timestamp
Remarks,AOPSLId,uniqueidentifier
ResourceAddressDetails,ID,uniqueidentifier
ResourceAddressDetails,EmployeeNumber,bigint
ResourceAddressDetails,NTID,varchar
ResourceAddressDetails,ResourceOBRequestID,uniqueidentifier
ResourceAddressDetails,Title,nvarchar
ResourceAddressDetails,FirstName,nvarchar
ResourceAddressDetails,MiddleName,nvarchar
ResourceAddressDetails,LastName,nvarchar
ResourceAddressDetails,ResidentAddressHouseNoStreet,nvarchar
ResourceAddressDetails,ResidentAddressLandMark,nvarchar
ResourceAddressDetails,ResidentAddressCity,varchar
ResourceAddressDetails,ResidentAddressState,varchar
ResourceAddressDetails,ResidentAddressPostalCode,varchar
ResourceAddressDetails,PermanentAddressHouseNoStreet,nvarchar
ResourceAddressDetails,PermanentAddressLandMark,nvarchar
ResourceAddressDetails,PermanentAddressCity,varchar
ResourceAddressDetails,PermanentAddressState,varchar
ResourceAddressDetails,PermanentAddressPostalCode,varchar
ResourceAddressDetails,ValidityStart,datetime
ResourceAddressDetails,ValidityEnd,datetime
ResourceAddressDetails,CreatedBy,nvarchar
ResourceAddressDetails,CreatedOn,datetime
ResourceAddressDetails,ModifiedBy,nvarchar
ResourceAddressDetails,ModifiedOn,datetime
ResourceAddressDetails,IsDeleted,bit
ResourceCommercial,Id,uniqueidentifier
ResourceCommercial,EmployeeNumber,bigint
ResourceCommercial,VendorId,uniqueidentifier
ResourceCommercial,PurchaseOrderId,uniqueidentifier
ResourceCommercial,PurchaseOrderLineItem,int
ResourceCommercial,PurchaseOrderEndDate,datetime
ResourceCommercial,ValidityStart,datetime
ResourceCommercial,ValidityEnd,datetime
ResourceCommercial,IsDeleted,bit
ResourceCommercial,CreatedOn,datetimeoffset
ResourceCommercial,CreatedBy,nvarchar
ResourceCommercial,ModifiedOn,datetimeoffset
ResourceCommercial,ModifiedBy,nvarchar
ResourceCommercial,Version,timestamp
ResourceCommercialBackup,Employee_No,int
ResourceCommercialBackup,Employee_Name,nvarchar
ResourceCommercialBackup,NT_ID,nvarchar
ResourceCommercialBackup,Company,varchar
ResourceCommercialBackup,Purchase_Order,int
ResourceCommercialBackup,PO_Line_Item,tinyint
ResourceCommercialBackup,PO_End_Date_delivery_Date,date
ResourceCommercialBackup,Vendor_ID,int
ResourceCommercialBackup,Vendor_Name,nvarchar
ResourceCommercialBackup,Validity_Start,date
ResourceCommercialBackup,Validity_End,date
ResourceCR,Id,uniqueidentifier
ResourceCR,CrNumber,nvarchar
ResourceCR,VendorId,nvarchar
ResourceCR,EmployeeId,nvarchar
ResourceCR,EmployeeNumber,bigint
ResourceCR,CrInitiateTypeId,int
ResourceCR,ValidityStart,datetime
ResourceCR,ValidityEnd,datetime
ResourceCR,SowJdId,uniqueidentifier
ResourceCR,SkillSetId,uniqueidentifier
ResourceCR,GradeId,uniqueidentifier
ResourceCR,PoId,uniqueidentifier
ResourceCR,PoIdLineItemId,uniqueidentifier
ResourceCR,PersonalAreaId,uniqueidentifier
ResourceCR,PersonalSubAreaId,uniqueidentifier
ResourceCR,OrganisationUnitId,bigint
ResourceCR,DelegatedUser,nvarchar
ResourceCR,Billable,bit
ResourceCR,BillingStartDate,datetime
ResourceCR,DeliveryManager,nvarchar
ResourceCR,SectionManager,nvarchar
ResourceCR,CrStatusTypeId,int
ResourceCR,CreatedOn,datetimeoffset
ResourceCR,CreatedBy,nvarchar
ResourceCR,ModifiedOn,datetimeoffset
ResourceCR,ModifiedBy,nvarchar
ResourceCR,IsDeleted,bit
ResourceCR,Version,timestamp
ResourceCR,SOWEndDate,datetime
ResourceCR,IsSamePO,bit
ResourceCR,IsSamePOLineItem,bit
ResourceCR,IsSameOrg,bit
ResourceCR,SignoffId,uniqueidentifier
ResourceCR,IsFirstLevelApproved,bit
ResourceCR,GbCode,nvarchar
ResourceCR,ResourcePlanId,uniqueidentifier
ResourceCR,CompanyCode,nvarchar
ResourceCR,ContactName,nvarchar
ResourceCR,VendorEmailId,nvarchar
ResourceCR,GroupId,bigint
ResourceCR,IsAutoWithDrawn,bit
ResourceCR,GbId,uniqueidentifier
ResourceCR,DeboardingRequestId,uniqueidentifier
ResourceCRExistingDetails,Id,uniqueidentifier
ResourceCRExistingDetails,CMRequestID,nvarchar
ResourceCRExistingDetails,SignOffId,uniqueidentifier
ResourceCRExistingDetails,SowJdID,uniqueidentifier
ResourceCRExistingDetails,SkillSet,uniqueidentifier
ResourceCRExistingDetails,Grade,uniqueidentifier
ResourceCRExistingDetails,PurchaseOrder,nvarchar
ResourceCRExistingDetails,PoLineItem,int
ResourceCRExistingDetails,PersonalArea,uniqueidentifier
ResourceCRExistingDetails,PersonalSubArea,uniqueidentifier
ResourceCRExistingDetails,OrganizationUnit,bigint
ResourceCRExistingDetails,CreatedBy,varchar
ResourceCRExistingDetails,CreatedDate,datetime
ResourceCRExistingDetails,IsDeleted,bit
ResourceCRExistingDetails,OldResourcePlanID,uniqueidentifier
ResourceCRExistingDetails,Billable,bit
ResourceCRInitiateTypeMaster,Id,uniqueidentifier
ResourceCRInitiateTypeMaster,CrInitiateTypeId,int
ResourceCRInitiateTypeMaster,Name,nvarchar
ResourceCRInitiateTypeMaster,Description,nvarchar
ResourceCRInitiateTypeMaster,CreatedOn,datetimeoffset
ResourceCRInitiateTypeMaster,CreatedBy,nvarchar
ResourceCRInitiateTypeMaster,ModifiedOn,datetimeoffset
ResourceCRInitiateTypeMaster,ModifiedBy,nvarchar
ResourceCRInitiateTypeMaster,IsDeleted,bit
ResourceCRInitiateTypeMaster,Version,timestamp
ResourceCRRemarks,Id,uniqueidentifier
ResourceCRRemarks,ResourceCrId,uniqueidentifier
ResourceCRRemarks,Remarks,nvarchar
ResourceCRRemarks,CrStatusTypeId,int
ResourceCRRemarks,CreatedOn,datetimeoffset
ResourceCRRemarks,CreatedBy,nvarchar
ResourceCRRemarks,ModifiedOn,datetimeoffset
ResourceCRRemarks,ModifiedBy,nvarchar
ResourceCRRemarks,IsDeleted,bit
ResourceCRRemarks,Version,timestamp
ResourceCRStatusDetails,Id,uniqueidentifier
ResourceCRStatusDetails,ResourceCrId,uniqueidentifier
ResourceCRStatusDetails,SubmittedBy,nvarchar
ResourceCRStatusDetails,SubmitteOn,datetimeoffset
ResourceCRStatusDetails,SendBackBy,nvarchar
ResourceCRStatusDetails,SendBackOn,datetimeoffset
ResourceCRStatusDetails,ReSubmittedBy,nvarchar
ResourceCRStatusDetails,ReSubmittedOn,datetimeoffset
ResourceCRStatusDetails,FirstApprovalBy,nvarchar
ResourceCRStatusDetails,FirstApprovalOn,datetimeoffset
ResourceCRStatusDetails,SecondApprovalBy,nvarchar
ResourceCRStatusDetails,SecondApprovalOn,datetimeoffset
ResourceCRStatusDetails,WithdrawBy,nvarchar
ResourceCRStatusDetails,WithdrawOn,datetimeoffset
ResourceCRStatusDetails,DelegateBy,nvarchar
ResourceCRStatusDetails,DelegatedUser,nvarchar
ResourceCRStatusDetails,DelegateOn,datetimeoffset
ResourceCRStatusDetails,Description,nvarchar
ResourceCRStatusDetails,CreatedOn,datetimeoffset
ResourceCRStatusDetails,CreatedBy,nvarchar
ResourceCRStatusDetails,ModifiedOn,datetimeoffset
ResourceCRStatusDetails,ModifiedBy,nvarchar
ResourceCRStatusDetails,IsDeleted,bit
ResourceCRStatusDetails,Version,timestamp
ResourceCRStatusTypeMaster,Id,uniqueidentifier
ResourceCRStatusTypeMaster,CrStatusTypeId,int
ResourceCRStatusTypeMaster,Name,nvarchar
ResourceCRStatusTypeMaster,Description,nvarchar
ResourceCRStatusTypeMaster,CreatedOn,datetimeoffset
ResourceCRStatusTypeMaster,CreatedBy,nvarchar
ResourceCRStatusTypeMaster,ModifiedOn,datetimeoffset
ResourceCRStatusTypeMaster,ModifiedBy,nvarchar
ResourceCRStatusTypeMaster,IsDeleted,bit
ResourceCRStatusTypeMaster,Version,timestamp
ResourceDeboardAccessories,Id,uniqueidentifier
ResourceDeboardAccessories,ResourceDbId,uniqueidentifier
ResourceDeboardAccessories,AccessoryCollectDt,date
ResourceDeboardAccessories,Remark,nvarchar
ResourceDeboardAccessories,CreatedBy,nvarchar
ResourceDeboardAccessories,CreatedDate,date
ResourceDeboardDevice,Id,uniqueidentifier
ResourceDeboardDevice,ResourceDbId,uniqueidentifier
ResourceDeboardDevice,DeviceCollectDt,date
ResourceDeboardDevice,ItTicketNumber,nvarchar
ResourceDeboardDevice,Remark,nvarchar
ResourceDeboardDevice,CreatedBy,nvarchar
ResourceDeboardDevice,AssetNumber,nvarchar
ResourceDeboardDevice,CreatedDate,date
ResourceDeboardEmployeecard,Id,uniqueidentifier
ResourceDeboardEmployeecard,ResourceDbId,uniqueidentifier
ResourceDeboardEmployeecard,IsEmployeeCardCollected,bit
ResourceDeboardEmployeecard,IsEmployeeCardDeactivated,bit
ResourceDeboardEmployeecard,EmployeeCardCollectDt,date
ResourceDeboardEmployeecard,EmployeeCardDeactivateDt,date
ResourceDeboardEmployeecard,Remark,nvarchar
ResourceDeboardEmployeecard,CreatedBy,nvarchar
ResourceDeboardEmployeecard,CreatedDate,date
ResourceDeboardingAdditionalDetails,Id,uniqueidentifier
ResourceDeboardingAdditionalDetails,ResourceDbId,uniqueidentifier
ResourceDeboardingAdditionalDetails,PersonalSubArea,nvarchar
ResourceDeboardingAdditionalDetails,ContractEndDate,datetime
ResourceDeboardingAdditionalDetails,PoNumber,nvarchar
ResourceDeboardingAdditionalDetails,Grup,nvarchar
ResourceDeboardingAdditionalDetails,ContactName,nvarchar
ResourceDeboardingAdditionalDetails,VendorEmail,nvarchar
ResourceDeboardingAdditionalDetails,Skillset,nvarchar
ResourceDeboardingAdditionalDetails,Grade,nvarchar
ResourceDeboardingAdditionalDetails,DelvieryManager,nvarchar
ResourceDeboardingAdditionalDetails,IsDelete,bit
ResourceDeboardingRequest,Id,uniqueidentifier
ResourceDeboardingRequest,EmployeeNumber,bigint
ResourceDeboardingRequest,DeboardingRequestID,nvarchar
ResourceDeboardingRequest,ExitReasonId,int
ResourceDeboardingRequest,LastWorkingDay,date
ResourceDeboardingRequest,IsReplaceRequest,bit
ResourceDeboardingRequest,DojReplaceResource,date
ResourceDeboardingRequest,StatusID,int
ResourceDeboardingRequest,CreatedOn,datetimeoffset
ResourceDeboardingRequest,CreatedBy,nvarchar
ResourceDeboardingRequest,ModifiedOn,datetimeoffset
ResourceDeboardingRequest,ModifiedBy,nvarchar
ResourceDeboardingRequest,IsDeleted,bit
ResourceDeboardingRequest,VendorSAPID,int
ResourceDeboardingRequest,SowjdOwnerNtid,nvarchar
ResourceDeboardingRequest,Companycode,varchar
ResourceDeboardingRequest,SectionSpocNtid,nvarchar
ResourceDeboardingRequest,IsFirstLevelApproved,bit
ResourceDeboardingRequest,GroupId,bigint
ResourceDeboardingRequest,BuSpocEmployeeNumber,bigint
ResourceDeboardingRequest,IsDeviceCollected,bit
ResourceDeboardingRequest,IsAccessoriesCollected,bit
ResourceDeboardingRequest,IsEmployeeCardCollected,bit
ResourceDeboardingRequest,IsNtidDeactivated,bit
ResourceDeboardingRequest,PlantCode,nvarchar
ResourceDeboardingRequest,VendorId,uniqueidentifier
ResourceDeboardingRequest,TechnicalProposalId,uniqueidentifier
ResourceDeboardingRequest,SowJdId,uniqueidentifier
ResourceDeboardingRequest,IsGCNaccessUpdated,bit
ResourceDeboardingRequest,IsSAPidMUpdated,bit
ResourceDeboardingRequest,IsTransportUpdated,bit
ResourceDeboardingRequest,ResourcePlanId,uniqueidentifier
ResourceDeboardingRequest,IsAutoWithDrawn,bit
ResourceDeboardingRequest,SkillsetId,uniqueidentifier
ResourceDeboardingRequest,GradeId,uniqueidentifier
ResourceDeboardingRequest,PersonelSubAreaId,uniqueidentifier
ResourceDeboardingRequest,PersonelAreaId,uniqueidentifier
ResourceDeboardRemarks,Id,uniqueidentifier
ResourceDeboardRemarks,ResourceDbId,uniqueidentifier
ResourceDeboardRemarks,Remark,nvarchar
ResourceDeboardRemarks,CreatedOn,datetimeoffset
ResourceDeboardRemarks,CreatedBy,nvarchar
ResourceDeboardRemarks,ModifiedOn,datetimeoffset
ResourceDeboardRemarks,ModifiedBy,nvarchar
ResourceDeboardRemarks,IsDeleted,bit
ResourceDeboardRemarks,Version,timestamp
ResourceDeboardRemarks,StatusID,int
ResourceDelegation,Id,uniqueidentifier
ResourceDelegation,DelegateObjectId,uniqueidentifier
ResourceDelegation,IsFirstLevel,bit
ResourceDelegation,IsSecondLevel,bit
ResourceDelegation,CreatedBy,nvarchar
ResourceDelegation,CreatedOn,datetime
ResourceDelegation,UpdatedBy,nvarchar
ResourceDelegation,UpdatedOn,datetime
ResourceDelegation,IsDeleted,bit
ResourceExtendLWD,Id,uniqueidentifier
ResourceExtendLWD,ResourceDbId,uniqueidentifier
ResourceExtendLWD,ExtendLastDt,date
ResourceExtendLWD,Remark,nvarchar
ResourceExtendLWD,CreatedBy,nvarchar
ResourceExtendLWD,CreatedDate,datetimeoffset
ResourceGCNAccess,Id,uniqueidentifier
ResourceGCNAccess,ResourceDbId,uniqueidentifier
ResourceGCNAccess,Remark,nvarchar
ResourceGCNAccess,AccessRemovedOn,date
ResourceGCNAccess,CreatedBy,varchar
ResourceGCNAccess,CreatedDate,date
ResourceGCNAccess,IsDeleted,bit
ResourceHeaderMaster,Id,uniqueidentifier
ResourceHeaderMaster,EmployeeNumber,bigint
ResourceHeaderMaster,Title,nvarchar
ResourceHeaderMaster,FirstName,nvarchar
ResourceHeaderMaster,MiddleName,nvarchar
ResourceHeaderMaster,LastName,nvarchar
ResourceHeaderMaster,FullName,nvarchar
ResourceHeaderMaster,Ntid,varchar
ResourceHeaderMaster,BoschEmailID,nvarchar
ResourceHeaderMaster,DateofBirth,date
ResourceHeaderMaster,Gender,nvarchar
ResourceHeaderMaster,Nationality,nvarchar
ResourceHeaderMaster,OfficialEmailId,nvarchar
ResourceHeaderMaster,PersonalEmailId,nvarchar
ResourceHeaderMaster,PrimaryContactCode,char
ResourceHeaderMaster,PrimaryContactNumber,varchar
ResourceHeaderMaster,AlternateContactCode,char
ResourceHeaderMaster,AlternateContactNumber,varchar
ResourceHeaderMaster,EmergencyContactName,nvarchar
ResourceHeaderMaster,EmergencyContactCode,char
ResourceHeaderMaster,EmergencyNumber,varchar
ResourceHeaderMaster,IdentityType,varchar
ResourceHeaderMaster,IdNumber,varchar
ResourceHeaderMaster,TotalExperienceYear,nvarchar
ResourceHeaderMaster,TotalExperienceMonth,nvarchar
ResourceHeaderMaster,RelevantExperienceYear,nvarchar
ResourceHeaderMaster,RelevantExperienceMonth,nvarchar
ResourceHeaderMaster,IsPreviouslyWorkedinBGSW,bit
ResourceHeaderMaster,BoschEmployeeNumber,nvarchar
ResourceHeaderMaster,LWDatBGSW,date
ResourceHeaderMaster,OnboardingRequestId,varchar
ResourceHeaderMaster,CompanyCode,nvarchar
ResourceHeaderMaster,DateOfJoining,datetime2
ResourceHeaderMaster,ContractEndDate,datetime2
ResourceHeaderMaster,LastWorkingDay,datetime2
ResourceHeaderMaster,Status,int
ResourceHeaderMaster,CreatedOn,datetimeoffset
ResourceHeaderMaster,CreatedBy,nvarchar
ResourceHeaderMaster,IsDeleted,bit
ResourceHeaderMaster,IsActive,bit
ResourceHeaderMaster,CompanyId,uniqueidentifier
ResourceHeaderMaster,ModifiedBy,nvarchar
ResourceHeaderMaster,ModifiedOn,datetimeoffset
ResourceHeaderMaster,ExitReasonId,int
ResourceHeaderMaster,IsAccessCardReturned,bit
ResourceHeaderMaster,IsAssetReturned,bit
ResourceHeaderMaster,IsAccessCardIssued,bit
ResourceHeaderMaster,VendorId,int
ResourceNtidDeactivate,Id,uniqueidentifier
ResourceNtidDeactivate,ResourceDbId,uniqueidentifier
ResourceNtidDeactivate,NtidDeactivateDt,date
ResourceNtidDeactivate,NtidDeleteDt,date
ResourceNtidDeactivate,Remark,nvarchar
ResourceNtidDeactivate,CreatedBy,nvarchar
ResourceNtidDeactivate,CreatedDate,date
ResourceOrgData,Id,uniqueidentifier
ResourceOrgData,EmployeeNumber,bigint
ResourceOrgData,GroupId,bigint
ResourceOrgData,BuId,bigint
ResourceOrgData,SectionId,bigint
ResourceOrgData,DepartmentId,bigint
ResourceOrgData,ValidityStart,datetime
ResourceOrgData,ValidityEnd,datetime
ResourceOrgData,IsDeleted,bit
ResourceOrgData,CreatedOn,datetimeoffset
ResourceOrgData,CreatedBy,nvarchar
ResourceOrgData,ModifiedOn,datetimeoffset
ResourceOrgData,ModifiedBy,nvarchar
ResourceOrgData,Version,timestamp
ResourceOrgDataBackup,Employee_No,int
ResourceOrgDataBackup,Employee_Name,nvarchar
ResourceOrgDataBackup,NT_ID,nvarchar
ResourceOrgDataBackup,Company,varchar
ResourceOrgDataBackup,Group,nvarchar
ResourceOrgDataBackup,Department,nvarchar
ResourceOrgDataBackup,Section,nvarchar
ResourceOrgDataBackup,BU,nvarchar
ResourceOrgDataBackup,Validity_Start,date
ResourceOrgDataBackup,Validity_End,date
ResourceRetain,Id,uniqueidentifier
ResourceRetain,ResourceDbId,uniqueidentifier
ResourceRetain,Remark,nvarchar
ResourceRetain,CreatedBy,nvarchar
ResourceRetain,CreatedDate,datetimeoffset
ResourceSAPidm,Id,uniqueidentifier
ResourceSAPidm,ResourceDbId,uniqueidentifier
ResourceSAPidm,Remark,nvarchar
ResourceSAPidm,CreatedBy,varchar
ResourceSAPidm,CreatedDate,date
ResourceSAPidm,IsDeleted,bit
ResourceStatusMaster,Id,int
ResourceStatusMaster,StatusDescription,nvarchar
ResourceStatusMaster,CreatedOn,datetimeoffset
ResourceStatusMaster,CreatedBy,nvarchar
ResourceStatusMaster,ModifiedOn,datetimeoffset
ResourceStatusMaster,ModifiedBy,nvarchar
ResourceStatusMaster,IsDeleted,bit
ResourceStatusMaster,Version,timestamp
ResourceTransport,Id,uniqueidentifier
ResourceTransport,ResourceDbId,uniqueidentifier
ResourceTransport,Remark,nvarchar
ResourceTransport,CreatedBy,varchar
ResourceTransport,CreatedDate,date
ResourceTransport,IsDeleted,bit
SOWJD,Id,uniqueidentifier
SOWJD,CompanyId,uniqueidentifier
SOWJD,CurrentYear,int
SOWJD,SowJdNumber,varchar
SOWJD,SowJdTypeId,uniqueidentifier
SOWJD,Description,varchar
SOWJD,CustomerTypeId,uniqueidentifier
SOWJD,CustomerName,varchar
SOWJD,WbsId,uniqueidentifier
SOWJD,InternalResourceCheckdone,smallint
SOWJD,IsCustomerApprovalAvailable,smallint
SOWJD,IsprojectGDPRRelevant,smallint
SOWJD,IsStandardGPAIsSufficient,smallint
SOWJD,C2PAgreement,smallint
SOWJD,IsResourceAugmentationNeedExtensionOfC2P,smallint
SOWJD,C2PDocumentPrepared,smallint
SOWJD,OutSourcingTypeId,uniqueidentifier
SOWJD,StartDate,datetime
SOWJD,EndDate,datetime
SOWJD,PlantId,uniqueidentifier
SOWJD,BudgetCodeId,uniqueidentifier
SOWJD,MaterialGroupId,uniqueidentifier
SOWJD,FundId,uniqueidentifier
SOWJD,FundCenterId,uniqueidentifier
SOWJD,ProjectedPoValue,decimal
SOWJD,Status,int
SOWJD,CurrencyTypeId,uniqueidentifier
SOWJD,Group,varchar
SOWJD,Section,varchar
SOWJD,Department,varchar
SOWJD,CreatedBy,nvarchar
SOWJD,ModifiedBy,varchar
SOWJD,CreatedOn,datetime
SOWJD,ModifiedOn,datetime
SOWJD,Id_Identity,int
SOWJD,remarks,varchar
SOWJD,DH,varchar
SOWJD,SecSpoc,varchar
SOWJD,CostCenter,uniqueidentifier
SOWJD,DMRemarks,varchar
SOWJD,LocationModeId,int
SOWJD,RecordOwner,varchar
SOWJD,BUSpoc,nvarchar
SOWJD,BuHot,nvarchar
SOWJD,groupId,int
SOWJD,SowjdReference,uniqueidentifier
SOWJD,L1DeligationCount,int
SOWJD,L2DeligationCount,int
SOWJD,isRepeatOutsourcing,nvarchar
SOWJD_ChangeManagement,Id,uniqueidentifier
SOWJD_ChangeManagement,SoW_JD_ID,uniqueidentifier
SOWJD_ChangeManagement,SoWJD_CR_Number,nvarchar
SOWJD_ChangeManagement,SelectedChangeTypeId,int
SOWJD_ChangeManagement,BillingMonthId,uniqueidentifier
SOWJD_ChangeManagement,EffectiveDate,date
SOWJD_ChangeManagement,GroupId,bigint
SOWJD_ChangeManagement,CostCenterId,uniqueidentifier
SOWJD_ChangeManagement,ProjectEndDate,date
SOWJD_ChangeManagement,SoWCrStatusId,int
SOWJD_ChangeManagement,FirstLevelDelegateCount,int
SOWJD_ChangeManagement,SecondLevelDelegateCount,int
SOWJD_ChangeManagement,FirstLevelApproval,bigint
SOWJD_ChangeManagement,SecondLevelApproval,bigint
SOWJD_ChangeManagement,RecordOwner,bigint
SOWJD_ChangeManagement,IsSecondLevelApprovalRequired,bit
SOWJD_ChangeManagement,CreatedOn,datetimeoffset
SOWJD_ChangeManagement,CreatedBy,nvarchar
SOWJD_ChangeManagement,ModifiedOn,datetimeoffset
SOWJD_ChangeManagement,ModifiedBy,nvarchar
SOWJD_ChangeManagement,IsDeleted,bit
SOWJD_ChangeManagement,Version,timestamp
SOWJD_ChangeManagement,IsDataUpdatedToParentTable,int
SOWJD_ChangeManagement_History,Id,uniqueidentifier
SOWJD_ChangeManagement_History,SowJdId,uniqueidentifier
SOWJD_ChangeManagement_History,SowJdCrId,uniqueidentifier
SOWJD_ChangeManagement_History,CompanyId,uniqueidentifier
SOWJD_ChangeManagement_History,CurrentYear,int
SOWJD_ChangeManagement_History,SowJdNumber,varchar
SOWJD_ChangeManagement_History,SowJdTypeId,uniqueidentifier
SOWJD_ChangeManagement_History,Description,varchar
SOWJD_ChangeManagement_History,CustomerTypeId,uniqueidentifier
SOWJD_ChangeManagement_History,CustomerName,varchar
SOWJD_ChangeManagement_History,WbsId,uniqueidentifier
SOWJD_ChangeManagement_History,StartDate,datetime
SOWJD_ChangeManagement_History,EndDate,datetime
SOWJD_ChangeManagement_History,PlantId,uniqueidentifier
SOWJD_ChangeManagement_History,BudgetCodeId,uniqueidentifier
SOWJD_ChangeManagement_History,MaterialGroupId,uniqueidentifier
SOWJD_ChangeManagement_History,FundId,uniqueidentifier
SOWJD_ChangeManagement_History,FundCenterId,uniqueidentifier
SOWJD_ChangeManagement_History,Status,int
SOWJD_ChangeManagement_History,CurrencyTypeId,uniqueidentifier
SOWJD_ChangeManagement_History,CostCenter,uniqueidentifier
SOWJD_ChangeManagement_History,LocationModeId,int
SOWJD_ChangeManagement_History,RecordOwner,varchar
SOWJD_ChangeManagement_History,groupId,int
SOWJD_ChangeManagement_History,CreatedBy,nvarchar
SOWJD_ChangeManagement_History,ModifiedBy,varchar
SOWJD_ChangeManagement_History,CreatedOn,datetime
SOWJD_ChangeManagement_History,ModifiedOn,datetime
SOWJD_ChangeManagement_History,DH,nvarchar
SOWJD_ChangeManagement_History,SecSpoc,nvarchar
SOWJD_ChangeManagement_History,Remark,nvarchar
SOWJD_ChangeManagement_History,UpdatedOn,date
SOWJD_ChangeManagement_History,OutSourcingTypeId,uniqueidentifier
SOWJD_ChangeManagement_Remarks,Id,uniqueidentifier
SOWJD_ChangeManagement_Remarks,SowJdCrId,uniqueidentifier
SOWJD_ChangeManagement_Remarks,SoWCrStatusId,int
SOWJD_ChangeManagement_Remarks,Remarks,nvarchar
SOWJD_ChangeManagement_Remarks,CreatedBy,nvarchar
SOWJD_ChangeManagement_Remarks,CreatedOn,datetime
SOWJD_Extn,SOWJD_ID,uniqueidentifier
SOWJD_Extn,BuSpocNTID,varchar
SOWJD_Extn,SecSpoc,varchar
SOWJD_Extn,PMOSecretarySpoc,varchar
SOWJD_Master_BudgetCodeDetails,Id,uniqueidentifier
SOWJD_Master_BudgetCodeDetails,BudgetCode,nvarchar
SOWJD_Master_BudgetCodeDetails,CreatedOn,datetimeoffset
SOWJD_Master_BudgetCodeDetails,CreatedBy,nvarchar
SOWJD_Master_BudgetCodeDetails,ModifiedOn,datetimeoffset
SOWJD_Master_BudgetCodeDetails,ModifiedBy,nvarchar
SOWJD_Master_BudgetCodeDetails,IsDeleted,bit
SOWJD_Master_BudgetCodeDetails,Version,timestamp
SOWJD_Master_BudgetCodeDetails,CompanyId,uniqueidentifier
SOWJD_Master_C2PAgreement,Id,int
SOWJD_Master_C2PAgreement,C2PAgreement,nvarchar
SOWJD_Master_C2PDocumentPrepared,Id,int
SOWJD_Master_C2PDocumentPrepared,C2PDocumentPrepared,nvarchar
SOWJD_Master_CustomerApprovalAvailable,Id,int
SOWJD_Master_CustomerApprovalAvailable,CustomerApprovalAvailable,nvarchar
SOWJD_Master_DelegateObjectTypes,Id,smallint
SOWJD_Master_DelegateObjectTypes,DelegationObject,nvarchar
SOWJD_Master_DelegateObjectTypes,CreatedOn,datetimeoffset
SOWJD_Master_DelegateObjectTypes,CreatedBy,nvarchar
SOWJD_Master_DelegateObjectTypes,ModifiedOn,datetimeoffset
SOWJD_Master_DelegateObjectTypes,ModifiedBy,nvarchar
SOWJD_Master_DelegateObjectTypes,IsDeleted,bit
SOWJD_Master_DelegateObjectTypes,Version,timestamp
SOWJD_Master_Holiday,HolidayID,int
SOWJD_Master_Holiday,CompanyID,int
SOWJD_Master_Holiday,HolidayName,varchar
SOWJD_Master_Holiday,HolidayDate,date
SOWJD_Master_InternalResourceCheckDone,Id,int
SOWJD_Master_InternalResourceCheckDone,InternalResourceCheckDone,nvarchar
SOWJD_Master_InternalResourceCheckDoneDetails,Id,int
SOWJD_Master_InternalResourceCheckDoneDetails,InternalResourceCheckDone,nvarchar
SOWJD_Master_OutSourcingTypeDetails,Id,uniqueidentifier
SOWJD_Master_OutSourcingTypeDetails,OutSourcingType,nvarchar
SOWJD_Master_OutSourcingTypeDetails,CreatedOn,datetimeoffset
SOWJD_Master_OutSourcingTypeDetails,CreatedBy,nvarchar
SOWJD_Master_OutSourcingTypeDetails,ModifiedOn,datetimeoffset
SOWJD_Master_OutSourcingTypeDetails,ModifiedBy,nvarchar
SOWJD_Master_OutSourcingTypeDetails,IsDeleted,bit
SOWJD_Master_OutSourcingTypeDetails,Version,timestamp
SOWJD_Master_OutSourcingTypeDetails,OutSourcingCode,varchar
SOWJD_Master_OutSourcingTypeDetails,Order,int
SOWJD_Master_ProjectGDPRRelevant,Id,int
SOWJD_Master_ProjectGDPRRelevant,IsTheProjectGDPRRelevant,nvarchar
SOWJD_Master_RepeatOutsourcing,Id,int
SOWJD_Master_RepeatOutsourcing,IsThisIsARepeatOutsourcing,nvarchar
SOWJD_Master_ResourceAugmentationOfC2P,Id,int
SOWJD_Master_ResourceAugmentationOfC2P,ResourceAugmentationOfC2P,nvarchar
SOWJD_Master_ResourceLocation,Id,uniqueidentifier
SOWJD_Master_ResourceLocation,ResourceLocation,nvarchar
SOWJD_Master_RFQ_Status,Id,int
SOWJD_Master_RFQ_Status,SowJdRfqStatus,nvarchar
SOWJD_Master_RFQ_TechnicalEvolutionStatus,Id,smallint
SOWJD_Master_RFQ_TechnicalEvolutionStatus,TechnicalEvolutionStatus,nvarchar
SOWJD_Master_RfqCommentsType,Id,int
SOWJD_Master_RfqCommentsType,Description,varchar
SOWJD_Master_SelectedChangeTypeId,Id,int
SOWJD_Master_SelectedChangeTypeId,Name,nvarchar
SOWJD_Master_SelectedChangeTypeId,CreatedOn,datetimeoffset
SOWJD_Master_SelectedChangeTypeId,CreatedBy,nvarchar
SOWJD_Master_SelectedChangeTypeId,ModifiedOn,datetimeoffset
SOWJD_Master_SelectedChangeTypeId,ModifiedBy,nvarchar
SOWJD_Master_SelectedChangeTypeId,IsDeleted,bit
SOWJD_Master_SelectedChangeTypeId,Version,timestamp
SOWJD_Master_SoWJDCM_Status,Id,int
SOWJD_Master_SoWJDCM_Status,SowJdCrStatus,nvarchar
SOWJD_Master_SoWJDCM_Status,Remark,nvarchar
SOWJD_Master_SoWJDCM_Status,CreatedOn,datetimeoffset
SOWJD_Master_SoWJDCM_Status,CreatedBy,nvarchar
SOWJD_Master_SoWJDCM_Status,ModifiedOn,datetimeoffset
SOWJD_Master_SoWJDCM_Status,ModifiedBy,nvarchar
SOWJD_Master_SoWJDCM_Status,IsDeleted,bit
SOWJD_Master_SoWJDCM_Status,Version,timestamp
SOWJD_Master_SowjdTypeDetails,Id,uniqueidentifier
SOWJD_Master_SowjdTypeDetails,SowJdType,nvarchar
SOWJD_Master_SowjdTypeDetails,CreatedOn,datetimeoffset
SOWJD_Master_SowjdTypeDetails,CreatedBy,nvarchar
SOWJD_Master_SowjdTypeDetails,ModifiedOn,datetimeoffset
SOWJD_Master_SowjdTypeDetails,ModifiedBy,nvarchar
SOWJD_Master_SowjdTypeDetails,IsDeleted,bit
SOWJD_Master_SowjdTypeDetails,Version,timestamp
SOWJD_Master_SowjdTypeDetails,SowjdTypeCode,varchar
SOWJD_Master_SRN_Status,ID,int
SOWJD_Master_SRN_Status,StatusName,varchar
SOWJD_Master_SRN_Type,TypeId,int
SOWJD_Master_SRN_Type,Type,varchar
SOWJD_Master_StandardGPAClarified,Id,int
SOWJD_Master_StandardGPAClarified,IsTheStandardGPAClarified,nvarchar
SOWJD_Master_Status,Id,int
SOWJD_Master_Status,SowJdStatus,nvarchar
SOWJD_Master_Status,CreatedOn,datetimeoffset
SOWJD_Master_Status,CreatedBy,nvarchar
SOWJD_Master_Status,ModifiedOn,datetimeoffset
SOWJD_Master_Status,ModifiedBy,nvarchar
SOWJD_Master_Status,IsDeleted,bit
SOWJD_Master_Status,Version,timestamp
SOWJD_Master_TP_Status,Id,int
SOWJD_Master_TP_Status,TechnicalProposalStatus,nvarchar
SOWJD_RFQ_Comments,Id,uniqueidentifier
SOWJD_RFQ_Comments,RfqId,uniqueidentifier
SOWJD_RFQ_Comments,Comments,varchar
SOWJD_RFQ_Comments,CreateDOn,datetime
SOWJD_RFQ_Comments,createdBy,varchar
SOWJD_RFQ_Comments,CommentsType,int
SOWJD_RFQ_Details,Id,uniqueidentifier
SOWJD_RFQ_Details,SowJdId,uniqueidentifier
SOWJD_RFQ_Details,VendorId,uniqueidentifier
SOWJD_RFQ_Details,EndDate,date
SOWJD_RFQ_Details,CreatedDate,datetime
SOWJD_RFQ_Details,SowJdRfqNumber,nvarchar
SOWJD_RFQ_Details,CreatedBy,nvarchar
SOWJD_RFQ_Details,WithDrawRemarks,varchar
SOWJD_RFQ_Details,Remarks,varchar
SOWJD_RFQ_Details,Status,smallint
SOWJD_RFQ_Details,secspocRemarks,varchar
SOWJD_RFQ_Details,startdate,datetime
SOWJD_RFQ_Details,ModifiedOn,datetime
SOWJD_RFQ_Details,ModifiedBy,nvarchar
SOWJD_RFQ_Details,createdOn,datetimeoffset
SOWJD_RFQ_Details,creator,varchar
SOWJD_RFQ_Details,RecordOwner,varchar
SOWJD_RFQ_Details,IsDeleted,bit
SOWJD_RFQ_Details_Extn,RFQ_ID,uniqueidentifier
SOWJD_RFQ_Details_Extn,BuSpocNTID,varchar
SOWJD_RFQ_Details_Extn,PMOSecretarySpoc,varchar
SOWJD_RFQ_TechnicalEvolution,Id,uniqueidentifier
SOWJD_RFQ_TechnicalEvolution,SowJdId,uniqueidentifier
SOWJD_RFQ_TechnicalEvolution,VendorId,uniqueidentifier
SOWJD_RFQ_TechnicalEvolution,RFQId,uniqueidentifier
SOWJD_RFQ_TechnicalEvolution,CreatedOn,datetimeoffset
SOWJD_RFQ_TechnicalEvolution,CreatedBy,nvarchar
SOWJD_RFQ_TechnicalEvolution,ModifiedOn,datetimeoffset
SOWJD_RFQ_TechnicalEvolution,ModifiedBy,nvarchar
SOWJD_RFQ_TechnicalEvolution,IsDeleted,bit
SOWJD_RFQ_TechnicalEvolution,Version,timestamp
SOWJD_RFQ_TechnicalEvolution,Status,smallint
SOWJD_RFQ_TechnicalEvolution,NtID,nvarchar
SOWJD_RFQ_TechnicalEvolution,InitiateTechnicalProposal,bit
SOWJD_RFQ_TechnicalEvolutionDetails,Id,uniqueidentifier
SOWJD_RFQ_TechnicalEvolutionDetails,TEVQuestionId,int
SOWJD_RFQ_TechnicalEvolutionDetails,Rating,int
SOWJD_RFQ_TechnicalEvolutionDetails,CreatedOn,datetimeoffset
SOWJD_RFQ_TechnicalEvolutionDetails,CreatedBy,nvarchar
SOWJD_RFQ_TechnicalEvolutionDetails,ModifiedOn,datetimeoffset
SOWJD_RFQ_TechnicalEvolutionDetails,ModifiedBy,nvarchar
SOWJD_RFQ_TechnicalEvolutionDetails,IsDeleted,bit
SOWJD_RFQ_TechnicalEvolutionDetails,Version,timestamp
SOWJD_RFQ_TechnicalEvolutionDetails,Remarks,nvarchar
SOWJD_RFQ_TechnicalEvolutionDetails,technicalEvolutionID,uniqueidentifier
SOWJD_RFQ_TechnicalEvolutionQuestions,Id,int
SOWJD_RFQ_TechnicalEvolutionQuestions,Question,nvarchar
SOWJD_RFQ_WorkPackageDetails,Id,uniqueidentifier
SOWJD_RFQ_WorkPackageDetails,RfqId,uniqueidentifier
SOWJD_RFQ_WorkPackageDetails,ProjectName,nvarchar
SOWJD_RFQ_WorkPackageDetails,ActivityType,nvarchar
SOWJD_RFQ_WorkPackageDetails,SkillSetId,uniqueidentifier
SOWJD_RFQ_WorkPackageDetails,GradeId,uniqueidentifier
SOWJD_RFQ_WorkPackageDetails,NoofActivityPlanned,int
SOWJD_RFQ_WorkPackageDetails,EstimationActivity,decimal
SOWJD_RFQ_WorkPackageDetails,UnitPrice,decimal
SOWJD_RFQ_WorkPackageDetails,UnitOfMeasurement,nvarchar
SOWJD_RFQ_WorkPackageDetails,CreatedOn,datetimeoffset
SOWJD_RFQ_WorkPackageDetails,CreatedBy,nvarchar
SOWJD_RFQ_WorkPackageDetails,ModifiedOn,datetimeoffset
SOWJD_RFQ_WorkPackageDetails,ModifiedBy,nvarchar
SOWJD_RFQ_WorkPackageDetails,IsDeleted,bit
SOWJD_RFQ_WorkPackageDetails,Version,timestamp
SOWJD_SIGNOFF_LOCATION,Id,uniqueidentifier
SOWJD_SIGNOFF_LOCATION,SOWJD_Id,uniqueidentifier
SOWJD_SIGNOFF_LOCATION,SIGNOFF_ID,uniqueidentifier
SOWJD_SIGNOFF_LOCATION,OldPlant,uniqueidentifier
SOWJD_SIGNOFF_LOCATION,NewPlant,uniqueidentifier
SOWJD_SIGNOFF_LOCATION,Remark,nvarchar
SOWJD_SIGNOFF_LOCATION,CreatedOn,datetimeoffset
SOWJD_SIGNOFF_LOCATION,CreatedBy,nvarchar
SOWJD_SIGNOFF_LOCATION,ModifiedOn,datetimeoffset
SOWJD_SIGNOFF_LOCATION,ModifiedBy,nvarchar
SOWJD_SIGNOFF_LOCATION,IsDeleted,bit
SOWJD_SOWJD_ApprovalDetails,Id,uniqueidentifier
SOWJD_SOWJD_ApprovalDetails,SowJdId,uniqueidentifier
SOWJD_SOWJD_ApprovalDetails,ApprovedBy,nvarchar
SOWJD_SOWJD_ApprovalDetails,ApprovedOn,datetime
SOWJD_SOWJD_ApprovalDetails,remarks,varchar
SOWJD_SOWJD_ApprovalDetails,ApprovalStatusId,smallint
SOWJD_SOWJD_Delegation,Id,uniqueidentifier
SOWJD_SOWJD_Delegation,DelegateObjectId,uniqueidentifier
SOWJD_SOWJD_Delegation,DelegateObjectType,int
SOWJD_SOWJD_Delegation,DelegatedTo,nvarchar
SOWJD_SOWJD_Delegation,DelegatedBy,nvarchar
SOWJD_SOWJD_Delegation,Remarks,nvarchar
SOWJD_SOWJD_Delegation,CreatedOn,datetime2
SOWJD_SOWJD_Delegation,UpdatedBy,nvarchar
SOWJD_SOWJD_Delegation,UpdatedOn,datetime2
SOWJD_SOWJD_Delegation,IsDeleted,bit
SOWJD_SOWJD_Delegation,delegationLevel,int
SOWJD_SOWJD_Templates,templateId,int
SOWJD_SOWJD_Templates,DocumentName,varchar
SOWJD_SOWJD_Templates,DocumentUrl,varchar
SOWJD_SOWJD_Templates,Module,varchar
SOWJD_SowjdDocuments,Id,uniqueidentifier
SOWJD_SowjdDocuments,SowJdId,uniqueidentifier
SOWJD_SowjdDocuments,DocumentName,nvarchar
SOWJD_SowjdDocuments,DocumentUrl,nvarchar
SOWJD_SowjdDocuments,CreatedOn,datetimeoffset
SOWJD_SowjdDocuments,CreatedBy,nvarchar
SOWJD_SowjdDocuments,ModifiedOn,datetimeoffset
SOWJD_SowjdDocuments,ModifiedBy,nvarchar
SOWJD_SowjdDocuments,IsDeleted,bit
SOWJD_SowjdDocuments,Version,timestamp
SOWJD_SowjdRemarks,SowJdId,uniqueidentifier
SOWJD_SowjdRemarks,StatusId,int
SOWJD_SowjdRemarks,Remarks,varchar
SOWJD_SowjdRemarks,CreatedBy,nvarchar
SOWJD_SowjdRemarks,CreatedOn,datetime
SOWJD_SowjdRemarks,Id,uniqueidentifier
SOWJD_SowjdSignOffDetails,Id,uniqueidentifier
SOWJD_SowjdSignOffDetails,SowJdId,uniqueidentifier
SOWJD_SowjdSignOffDetails,ApprovedBy,varchar
SOWJD_SowjdSignOffDetails,ApprovedOn,datetime
SOWJD_SowjdSignOffDetails,remarks,varchar
SOWJD_SowjdSignOffDetails,RfqId,uniqueidentifier
SOWJD_SowjdSignOffDetails,ApprovalStatusId,smallint
SOWJD_SowjdSignOffDetails,ActionOn,datetime
SOWJD_SowjdSkillSet,Id,uniqueidentifier
SOWJD_SowjdSkillSet,SowJdId,uniqueidentifier
SOWJD_SowjdSkillSet,SkillsetId,uniqueidentifier
SOWJD_SowjdSkillSet,Quantity,bigint
SOWJD_SowjdSkillSet,Duration,bigint
SOWJD_SowjdSkillSet,CreatedOn,datetimeoffset
SOWJD_SowjdSkillSet,CreatedBy,nvarchar
SOWJD_SowjdSkillSet,ModifiedOn,datetimeoffset
SOWJD_SowjdSkillSet,ModifiedBy,nvarchar
SOWJD_SowjdSkillSet,IsDeleted,bit
SOWJD_SowjdSkillSet,Version,timestamp
SOWJD_SowjdSkillSet,GradeId,uniqueidentifier
SOWJD_SowjdSkillSet,ResourceOnboardingDate,varchar
SOWJD_SowjdSkillSet,UOM,nvarchar
SOWJD_SowjdSkillSet,PMO,decimal
SOWJD_SowjdVendors,Id,uniqueidentifier
SOWJD_SowjdVendors,SowJdId,uniqueidentifier
SOWJD_SowjdVendors,VendorId,uniqueidentifier
SOWJD_SowjdVendors,Suggestion,varchar
SOWJD_SowjdVendors,CreatedOn,datetimeoffset
SOWJD_SowjdVendors,CreatedBy,nvarchar
SOWJD_SowjdVendors,ModifiedOn,datetimeoffset
SOWJD_SowjdVendors,ModifiedBy,nvarchar
SOWJD_SowjdVendors,IsDeleted,bit
SOWJD_SowjdVendors,Version,timestamp
SOWJD_SowjdVendors,isDHApproved,bit
SOWJD_SowjdVendors,isSecSpocApproved,bit
SOWJD_SowjdVendors,IsManualFloat,bit
SOWJD_SowjdVendors,Remarks,varchar
SOWJD_SowjdWithDrawalDetails,Id,uniqueidentifier
SOWJD_SowjdWithDrawalDetails,SowJdId,uniqueidentifier
SOWJD_SowjdWithDrawalDetails,Status,smallint
SOWJD_SowjdWithDrawalDetails,Remarks,nvarchar
SOWJD_SowjdWithDrawalDetails,CreatedOn,datetimeoffset
SOWJD_SowjdWithDrawalDetails,CreatedBy,nvarchar
SOWJD_SowjdWithDrawalDetails,ModifiedOn,datetimeoffset
SOWJD_SowjdWithDrawalDetails,ModifiedBy,nvarchar
SOWJD_SowjdWithDrawalDetails,IsDeleted,bit
SOWJD_SowjdWithDrawalDetails,Version,timestamp
SOWJD_SRN,Id,uniqueidentifier
SOWJD_SRN,BillingPeriodId,uniqueidentifier
SOWJD_SRN,VendorId,uniqueidentifier
SOWJD_SRN,PurchaseOrderId,uniqueidentifier
SOWJD_SRN,SowJdId,uniqueidentifier
SOWJD_SRN,SRNType,varchar
SOWJD_SRN,CreatedOn,datetimeoffset
SOWJD_SRN,CreatedBy,nvarchar
SOWJD_SRN,ModifiedOn,datetimeoffset
SOWJD_SRN,ModifiedBy,nvarchar
SOWJD_SRN,IsDeleted,bit
SOWJD_SRN,Version,timestamp
SOWJD_SRN,DM,varchar
SOWJD_SRN,SRNNumber,varchar
SOWJD_SRN,TechnicalProposalId,uniqueidentifier
SOWJD_SRN,SRNStatusID,int
SOWJD_SRN,InvoiceId,varchar
SOWJD_SRN,SRNTypeID,int
SOWJD_SRN,SRNValue,decimal
SOWJD_SRN,TotalPMO,decimal
SOWJD_SRN,ApproverEmployeeNumber,bigint
SOWJD_SRN,RecordOwner,varchar
SOWJD_SRN,SectionSpoc,varchar
SOWJD_SRN,L1DeligationCount,int
SOWJD_SRN,L2DeligationCount,int
SOWJD_SRN,SectionSPOCApproval,varchar
SOWJD_SRN,ApprovalDM,varchar
SOWJD_SRN,ApprovalSecSpoc,varchar
SOWJD_SRN,SRNBillingYear,int
SOWJD_SRN_ApprovalDetails,Id,uniqueidentifier
SOWJD_SRN_ApprovalDetails,SrnId,uniqueidentifier
SOWJD_SRN_ApprovalDetails,BillingPeriodId,uniqueidentifier
SOWJD_SRN_ApprovalDetails,VendorId,uniqueidentifier
SOWJD_SRN_ApprovalDetails,PurchaseOrderId,uniqueidentifier
SOWJD_SRN_ApprovalDetails,SowJdId,uniqueidentifier
SOWJD_SRN_ApprovalDetails,InvoiceId,varchar
SOWJD_SRN_ApprovalDetails,OrderValue,decimal
SOWJD_SRN_ApprovalDetails,SrnValue,decimal
SOWJD_SRN_ApprovalDetails,OpenOrderValue,decimal
SOWJD_SRN_ApprovalDetails,OpenOrderQty,decimal
SOWJD_SRN_ApprovalDetails,PoBalance,decimal
SOWJD_SRN_ApprovalDetails,TotalEffortPMO,decimal
SOWJD_SRN_ApprovalDetails,Price,decimal
SOWJD_SRN_ApprovalDetails,RateCardType,nvarchar
SOWJD_SRN_ApprovalDetails,ApprovalStatusId,int
SOWJD_SRN_ApprovalDetails,ApprovedDate,datetime
SOWJD_SRN_ApprovalDetails,ApprovedBy,nvarchar
SOWJD_SRN_ApprovalDetails,IsActive,bit
SOWJD_SRN_ApprovalDetails,Remark,nvarchar
SOWJD_SRN_ApprovalDetails,ApprovalSPOC,nvarchar
SOWJD_SRN_ApprovalDetails,CreatedOn,datetimeoffset
SOWJD_SRN_ApprovalDetails,CreatedBy,nvarchar
SOWJD_SRN_ApprovalDetails,ModifiedOn,datetimeoffset
SOWJD_SRN_ApprovalDetails,ModifiedBy,nvarchar
SOWJD_SRN_ApprovalDetails,IsDeleted,bit
SOWJD_SRN_ApprovalDetails,Version,timestamp
SOWJD_SRN_Comments,id,int
SOWJD_SRN_Comments,comments,varchar
SOWJD_SRN_Comments,createdBy,varchar
SOWJD_SRN_Comments,createdOn,datetime
SOWJD_SRN_Comments,SrnStatusID,int
SOWJD_SRN_Comments,SrnId,uniqueidentifier
SOWJD_SRN_Document,Id,uniqueidentifier
SOWJD_SRN_Document,SrnId,uniqueidentifier
SOWJD_SRN_Document,Filename,nvarchar
SOWJD_SRN_Document,Url,nvarchar
SOWJD_SRN_Document,CreatedOn,datetimeoffset
SOWJD_SRN_Document,CreatedBy,nvarchar
SOWJD_SRN_Document,ModifiedOn,datetimeoffset
SOWJD_SRN_Document,ModifiedBy,nvarchar
SOWJD_SRN_Document,IsDeleted,bit
SOWJD_SRN_Document,Version,timestamp
SOWJD_SRN_Documents,Id,uniqueidentifier
SOWJD_SRN_Documents,SowJdId,uniqueidentifier
SOWJD_SRN_Documents,DocumentName,nvarchar
SOWJD_SRN_Documents,DocumentUrl,nvarchar
SOWJD_SRN_Documents,CreatedOn,datetimeoffset
SOWJD_SRN_Documents,CreatedBy,nvarchar
SOWJD_SRN_Documents,ModifiedOn,datetimeoffset
SOWJD_SRN_Documents,ModifiedBy,nvarchar
SOWJD_SRN_Documents,IsDeleted,bit
SOWJD_SRN_Documents,Version,timestamp
SOWJD_SRN_InvoiceChanges,Id,uniqueidentifier
SOWJD_SRN_InvoiceChanges,SRN_ID,uniqueidentifier
SOWJD_SRN_InvoiceChanges,OldInvoiceId,nvarchar
SOWJD_SRN_InvoiceChanges,NewInvoiceId,nvarchar
SOWJD_SRN_InvoiceChanges,StatusId,nvarchar
SOWJD_SRN_InvoiceChanges,CreatedOn,datetimeoffset
SOWJD_SRN_InvoiceChanges,CreatedBy,nvarchar
SOWJD_SRN_InvoiceChanges,ModifiedOn,datetimeoffset
SOWJD_SRN_InvoiceChanges,ModifiedBy,nvarchar
SOWJD_SRN_InvoiceChanges,IsDeleted,bit
SOWJD_SRN_InvoiceChanges,Version,timestamp
SOWJD_SRN_ODC_Details,ID,uniqueidentifier
SOWJD_SRN_ODC_Details,SRN_ID,uniqueidentifier
SOWJD_SRN_ODC_Details,ODC_ID,uniqueidentifier
SOWJD_SRN_ODC_Details,ODC_HeadCount,decimal
SOWJD_SRN_ODC_Details,ODC_Cost,decimal
SOWJD_SRN_ODC_Details,Total_Cost,decimal
SOWJD_SRN_ODC_Details,ODCName,varchar
SOWJD_SRN_ODC_Details,ODCCode,varchar
SOWJD_SRN_PoLineItemDetails,ID,uniqueidentifier
SOWJD_SRN_PoLineItemDetails,SRN_ID,uniqueidentifier
SOWJD_SRN_PoLineItemDetails,PurchaseHeaders_ID,uniqueidentifier
SOWJD_SRN_PoLineItemDetails,PoLineItemId,uniqueidentifier
SOWJD_SRN_PoLineItemDetails,PoLineItemBalance,decimal
SOWJD_SRN_PoLineItemDetails,BillingQty,decimal
SOWJD_SRN_PoLineItemDetails,PoLineItemSRNValue,decimal
SOWJD_SRN_PoLineItemDetails,UnitPrice,decimal
SOWJD_SRN_PoLineItemDetails,EffortPMO,decimal
SOWJD_SRN_PoLineItemDetails,PoOpenOrderValue,decimal
SOWJD_SRN_PoLineItemDetails,POStartDate,datetime
SOWJD_SRN_PoLineItemDetails,POEndDate,datetime
SOWJD_SRN_PoLineItemDetails,OrderQuantity,decimal
SOWJD_SRN_PoLineItemDetails,OrderValue,decimal
SOWJD_SRN_PoLineItemDetails,SRNBlockedValue,decimal
SOWJD_SRN_PoLineItemDetails,SRNBlockedQuantity,decimal
SOWJD_SRN_PoLineItemDetails,OpenOrderQuantity,decimal
SOWJD_SRN_PoLineItemDetails,LineItem,int
SOWJD_SRN_PoLineItemDetails,Description,varchar
SOWJD_SRN_PoLineItemDetails,UOM,varchar
SOWJD_SRN_PoLineItemDetails,PoNumber,varchar
SOWJD_SRN_PoLineItemDetails,SrnQuantity,decimal
SOWJD_SRN_PoLineItemDetails,ValidityStart,datetime
SOWJD_SRN_PoLineItemDetails,ValidityEnd,datetime
SOWJD_SRN_PoLineItemDetails,OrderCurrency,varchar
SOWJD_SRN_PoLineItemDetails,PurchaseHeadersId,uniqueidentifier
SOWJD_SRN_PoLineItemDetails,SrnValue,decimal
SOWJD_SRN_PoLineItemDetails,OpenOrderValue,decimal
SOWJD_SRN_PoLineItemDetails,NetPrice,decimal
SOWJD_SRN_Resource,Id,uniqueidentifier
SOWJD_SRN_Resource,SrnId,uniqueidentifier
SOWJD_SRN_Resource,SkillsetId,uniqueidentifier
SOWJD_SRN_Resource,GradeId,uniqueidentifier
SOWJD_SRN_Resource,PoLineItemId,uniqueidentifier
SOWJD_SRN_Resource,EmployeeNumber,nvarchar
SOWJD_SRN_Resource,AbsentDays,decimal
SOWJD_SRN_Resource,WorkingDays,decimal
SOWJD_SRN_Resource,EffortPMO,decimal
SOWJD_SRN_Resource,CreatedOn,datetimeoffset
SOWJD_SRN_Resource,CreatedBy,nvarchar
SOWJD_SRN_Resource,ModifiedOn,datetimeoffset
SOWJD_SRN_Resource,ModifiedBy,nvarchar
SOWJD_SRN_Resource,IsDeleted,bit
SOWJD_SRN_Resource,Version,timestamp
SOWJD_SRN_Resource,OverTime,decimal
SOWJD_SRN_Resource,WorkingHours,decimal
SOWJD_SRN_Resource,Cost,decimal
SOWJD_SRN_Resource,Price,decimal
SOWJD_SRN_Resource,StandardDays,decimal
SOWJD_SRN_Resource,StandardHours,decimal
SOWJD_SRN_Resource,OTRatio,decimal
SOWJD_SRN_Resource,ConversionHour,decimal
SOWJD_SRN_Resource,StandardWorkingDays,decimal
SOWJD_SRN_Resource,DateOfJoining,datetime
SOWJD_SRN_Resource,ContractEndDate,datetime
SOWJD_SRN_Resource,SkillSetName,varchar
SOWJD_SRN_Resource,GradeName,varchar
SOWJD_SRN_Resource,WorkStartDate,datetime
SOWJD_SRN_Resource,WorkEndDate,datetime
SOWJD_SRN_Resource,FullName,varchar
SOWJD_SRN_Resource,Ntid,varchar
SOWJD_SRN_Resource,PoLineItem,int
SOWJD_SRN_Resource,ProjectIDName,uniqueidentifier
SOWJD_SRN_Resource,MaximumworkingdaysRef,decimal
SOWJD_SRN_Resource,Maximumworkingdays,decimal
SOWJD_SRN_Resource,AccessCardReturned,bit
SOWJD_SRN_Resource,AssetReturned,bit
SOWJD_SRN_Resource,EmploymentStatus,bit
SOWJD_SRN_Resource,BillingWorkingHour,decimal
SOWJD_SRN_SowjdPo,Id,uniqueidentifier
SOWJD_SRN_SowjdPo,SowJdId,uniqueidentifier
SOWJD_SRN_SowjdPo,PurchaseHeadersID,nvarchar
SOWJD_SRN_SowjdPo,CreatedOn,datetimeoffset
SOWJD_SRN_SowjdPo,CreatedBy,nvarchar
SOWJD_SRN_SowjdPo,ModifiedOn,datetimeoffset
SOWJD_SRN_SowjdPo,ModifiedBy,nvarchar
SOWJD_SRN_SowjdPo,IsDeleted,bit
SOWJD_SRN_SowjdPo,Version,timestamp
SOWJD_SRN_SowjdPo,PORemarks,nvarchar
SOWJD_SRN_SowjdPo,TechnicalProposalId,uniqueidentifier
SOWJD_SRN_SowjdPo,StartDate,datetime
SOWJD_SRN_SowjdPo,EndDate,datetime
SOWJD_SRN_SowjdPo,FromBillingMonth,uniqueidentifier
SOWJD_SRN_SowjdPo,ToBillingMonth,uniqueidentifier
SOWJD_SRN_SUMMARY,Id,uniqueidentifier
SOWJD_SRN_SUMMARY,SrnID,uniqueidentifier
SOWJD_SRN_SUMMARY,VendorID,uniqueidentifier
SOWJD_SRN_SUMMARY,poTotalSRNValue,decimal
SOWJD_SRN_SUMMARY,poBalance,decimal
SOWJD_SRN_SUMMARY,totalEffortPMO,decimal
SOWJD_SRN_SUMMARY,totalEffortHours,decimal
SOWJD_SRN_SUMMARY,totalWorkPackageCost,decimal
SOWJD_SRN_SUMMARY,totalODCCost,decimal
SOWJD_SRN_SUMMARY,totalRateCardValue,decimal
SOWJD_SRN_SUMMARY,CreatedOn,datetimeoffset
SOWJD_SRN_SUMMARY,CreatedBy,nvarchar
SOWJD_SRN_SUMMARY,ModifiedOn,datetimeoffset
SOWJD_SRN_SUMMARY,ModifiedBy,nvarchar
SOWJD_SRN_SUMMARY,IsDeleted,bit
SOWJD_SRN_SUMMARY,totalWorkingDays,decimal
SOWJD_SRN_Type,TypeId,int
SOWJD_SRN_Type,Type,varchar
SOWJD_SRN_WorkPackages,Id,uniqueidentifier
SOWJD_SRN_WorkPackages,SRN_ID,uniqueidentifier
SOWJD_SRN_WorkPackages,TechnicalProposal_ID,uniqueidentifier
SOWJD_SRN_WorkPackages,TP_Workpackage_ID,uniqueidentifier
SOWJD_SRN_WorkPackages,PurchaseLineItems_ID,uniqueidentifier
SOWJD_SRN_WorkPackages,Billing_QTY,decimal
SOWJD_SRN_WorkPackages,UnitRate,decimal
SOWJD_SRN_WorkPackages,CreatedOn,datetimeoffset
SOWJD_SRN_WorkPackages,CreatedBy,nvarchar
SOWJD_SRN_WorkPackages,ModifiedOn,datetimeoffset
SOWJD_SRN_WorkPackages,ModifiedBy,nvarchar
SOWJD_SRN_WorkPackages,IsDeleted,bit
SOWJD_SRN_WorkPackages,Version,timestamp
SOWJD_SRN_WorkPackages,NoofActivityDelivered,decimal
SOWJD_SRN_WorkPackages,DeliveredEfforthrs,decimal
SOWJD_SRN_WorkPackages,ConversionHour,decimal
SOWJD_SRN_WorkPackages,PMO,decimal
SOWJD_SRN_WorkPackages,Cost,decimal
SOWJD_SRN_WorkPackages,Price,decimal
SOWJD_SRN_WorkPackages,ProjectName,varchar
SOWJD_SRN_WorkPackages,ActivityType,varchar
SOWJD_SRN_WorkPackages,SkillSetId,uniqueidentifier
SOWJD_SRN_WorkPackages,GradeId,uniqueidentifier
SOWJD_SRN_WorkPackages,NoofActivityPlanned,decimal
SOWJD_SRN_WorkPackages,EstimationPerActivity,decimal
SOWJD_SRN_WorkPackages,SRNBlockedActivity,decimal
SOWJD_SRN_WorkPackages,OpenWorkPackageActivity,decimal
SOWJD_SRN_WorkPackages,SkillSetName,varchar
SOWJD_SRN_WorkPackages,GradeName,varchar
SOWJD_TechnicalEvolutionSignOff,Id,uniqueidentifier
SOWJD_TechnicalEvolutionSignOff,RFQId,uniqueidentifier
SOWJD_TechnicalEvolutionSignOff,DMAction,smallint
SOWJD_TechnicalEvolutionSignOff,SectionSpocAction,smallint
SOWJD_TechnicalEvolutionSignOff,VendorAction,smallint
SOWJD_TechnicalEvolutionSignOff,DMActionAt,datetime2
SOWJD_TechnicalEvolutionSignOff,SectionSpocActionAt,datetime2
SOWJD_TechnicalEvolutionSignOff,VendorActionAt,datetime2
SOWJD_TechnicalEvolutionSignOff,DMActionBy,smallint
SOWJD_TechnicalEvolutionSignOff,SectionSpocActionBy,smallint
SOWJD_TechnicalEvolutionSignOff,VendorActionBy,smallint
SOWJD_TP_Comments,Id,uniqueidentifier
SOWJD_TP_Comments,TechnicalProposalId,uniqueidentifier
SOWJD_TP_Comments,Comments,varchar
SOWJD_TP_Comments,CreatedOn,datetime
SOWJD_TP_Comments,createdBy,nvarchar
SOWJD_TP_Comments,CommentsType,int
SOWJD_TP_Documents,Id,uniqueidentifier
SOWJD_TP_Documents,TechnicalProposalId,uniqueidentifier
SOWJD_TP_Documents,FileName,nvarchar
SOWJD_TP_Documents,FileUrl,nvarchar
SOWJD_TP_Documents,CreatedOn,datetimeoffset
SOWJD_TP_Documents,CreatedBy,nvarchar
SOWJD_TP_Documents,ModifiedOn,datetimeoffset
SOWJD_TP_Documents,ModifiedBy,nvarchar
SOWJD_TP_Documents,IsDeleted,bit
SOWJD_TP_Documents,Version,timestamp
SOWJD_TP_ResourcePlan,Id,uniqueidentifier
SOWJD_TP_ResourcePlan,TechnicalProposalId,uniqueidentifier
SOWJD_TP_ResourcePlan,SkillSetID,uniqueidentifier
SOWJD_TP_ResourcePlan,GradeID,uniqueidentifier
SOWJD_TP_ResourcePlan,ResourceOnboardingDate,datetime
SOWJD_TP_ResourcePlan,CreatedOn,datetimeoffset
SOWJD_TP_ResourcePlan,CreatedBy,nvarchar
SOWJD_TP_ResourcePlan,ModifiedOn,datetimeoffset
SOWJD_TP_ResourcePlan,ModifiedBy,nvarchar
SOWJD_TP_ResourcePlan,IsDeleted,bit
SOWJD_TP_ResourcePlan,Version,timestamp
SOWJD_TP_ResourcePlan,UnitPrice,decimal
SOWJD_TP_ResourcePlan,UnitOfMeasurement,nvarchar
SOWJD_TP_ResourcePlan,Quantity,int
SOWJD_TP_ResourcePlan,Duration,int
SOWJD_TP_ResourcePlan,SowjdSkillsetId,uniqueidentifier
SOWJD_TP_ResourcePlan,IsOnboardingCompleted,bit
SOWJD_TP_ResourcePlan,Remark,nvarchar
SOWJD_TP_ResourcePlan,ResourceOnboardCompleted,int
SOWJD_TP_ResourceProfiles,Id,uniqueidentifier
SOWJD_TP_ResourceProfiles,TechnicalProposalId,uniqueidentifier
SOWJD_TP_ResourceProfiles,FileName,nvarchar
SOWJD_TP_ResourceProfiles,FileUrl,nvarchar
SOWJD_TP_ResourceProfiles,CreatedOn,datetimeoffset
SOWJD_TP_ResourceProfiles,CreatedBy,nvarchar
SOWJD_TP_ResourceProfiles,ModifiedOn,datetimeoffset
SOWJD_TP_ResourceProfiles,ModifiedBy,nvarchar
SOWJD_TP_ResourceProfiles,IsDeleted,bit
SOWJD_TP_ResourceProfiles,Version,timestamp
SOWJD_TP_SignOffRemarks,Id,uniqueidentifier
SOWJD_TP_SignOffRemarks,technicalProposalID,uniqueidentifier
SOWJD_TP_SignOffRemarks,Remarks,varchar
SOWJD_TP_SignOffRemarks,createdby,nvarchar
SOWJD_TP_SignOffRemarks,CreatedOn,datetime
SOWJD_TP_SignOffRemarks,Modifiedby,nvarchar
SOWJD_TP_SignOffRemarks,ModifiedOn,datetime
SOWJD_TP_SignOffRemarks,remarksType,int
SOWJD_TP_SkillSet,Id,uniqueidentifier
SOWJD_TP_SkillSet,SowJdId,uniqueidentifier
SOWJD_TP_SkillSet,SoWJdSkillsetId,uniqueidentifier
SOWJD_TP_SkillSet,SkillsetId,uniqueidentifier
SOWJD_TP_SkillSet,GradeId,uniqueidentifier
SOWJD_TP_SkillSet,TechnicalProposalId,uniqueidentifier
SOWJD_TP_SkillSet,VendorShare,decimal
SOWJD_TP_SkillSet,CreatedOn,datetimeoffset
SOWJD_TP_SkillSet,CreatedBy,nvarchar
SOWJD_TP_SkillSet,ModifiedOn,datetimeoffset
SOWJD_TP_SkillSet,ModifiedBy,nvarchar
SOWJD_TP_SkillSet,IsDeleted,bit
SOWJD_TP_SkillSet,Version,timestamp
SOWJD_TP_TechnicalProposalDetails,Id,uniqueidentifier
SOWJD_TP_TechnicalProposalDetails,SowJdId,uniqueidentifier
SOWJD_TP_TechnicalProposalDetails,VendorId,uniqueidentifier
SOWJD_TP_TechnicalProposalDetails,StartDate,date
SOWJD_TP_TechnicalProposalDetails,EndDate,date
SOWJD_TP_TechnicalProposalDetails,CreatedDate,date
SOWJD_TP_TechnicalProposalDetails,CreatedBy,nvarchar
SOWJD_TP_TechnicalProposalDetails,Remarks,nvarchar
SOWJD_TP_TechnicalProposalDetails,Status,smallint
SOWJD_TP_TechnicalProposalDetails,RfqId,uniqueidentifier
SOWJD_TP_TechnicalProposalDetails,isSpocSignedOff,bit
SOWJD_TP_TechnicalProposalDetails,isVendorSignedOff,bit
SOWJD_TP_TechnicalProposalDetails,isDMSignedOff,bit
SOWJD_TP_TechnicalProposalDetails,modifiedOn,datetime
SOWJD_TP_TechnicalProposalDetails,modifiedBy,varchar
SOWJD_TP_TechnicalProposalDetails,TechnicalProposalNumber,varchar
SOWJD_TP_TechnicalProposalDetails,secspocActionBy,nvarchar
SOWJD_TP_TechnicalProposalDetails,DMActionBy,nvarchar
SOWJD_TP_TechnicalProposalDetails,InitateSignOff,bit
SOWJD_TP_TechnicalProposalDetails,creator,varchar
SOWJD_TP_TechnicalProposalDetails,RecordOwner,varchar
SOWJD_TP_TechnicalProposalDetails,ManagedCapacity,nvarchar
SOWJD_TP_TechnicalProposalDetails_Extn,SOWJD_TP_ID,uniqueidentifier
SOWJD_TP_TechnicalProposalDetails_Extn,BuSpocNTID,varchar
SOWJD_TP_TechnicalProposalDetails_Extn,PMOSecretarySpoc,varchar
SOWJD_TP_WorkPackageDetails,Id,uniqueidentifier
SOWJD_TP_WorkPackageDetails,TechnicalProposalId,uniqueidentifier
SOWJD_TP_WorkPackageDetails,ProjectName,nvarchar
SOWJD_TP_WorkPackageDetails,ActivityType,nvarchar
SOWJD_TP_WorkPackageDetails,SkillSetId,uniqueidentifier
SOWJD_TP_WorkPackageDetails,GradeId,uniqueidentifier
SOWJD_TP_WorkPackageDetails,NoofActivityPlanned,int
SOWJD_TP_WorkPackageDetails,EstimationPerActivity,decimal
SOWJD_TP_WorkPackageDetails,UnitPrice,decimal
SOWJD_TP_WorkPackageDetails,UnitOfMeasurement,nvarchar
SOWJD_TP_WorkPackageDetails,CreatedOn,datetimeoffset
SOWJD_TP_WorkPackageDetails,CreatedBy,nvarchar
SOWJD_TP_WorkPackageDetails,ModifiedOn,datetimeoffset
SOWJD_TP_WorkPackageDetails,ModifiedBy,nvarchar
SOWJD_TP_WorkPackageDetails,IsDeleted,bit
SOWJD_TP_WorkPackageDetails,Version,timestamp
SOWJD_TP_WorkPackageDetails,NoofActivityDelivered,int
SOWJD_TP_WorkPackageDetails,DeliveredEfforthrs,int
SOWJD_TP_WorkPackageDetails,ConversionHour,decimal
SOWJD_TP_WorkPackageDetails,PMO,decimal
SOWJD_TP_WorkPackageDetails,Cost,decimal
SOWJD_TP_WorkPackageDetails,Price,decimal
SOWJD_TP_WorkPackageDetails,IsDeliveryCompleted,bit
SOWJD_TP_WorkPackageDetails,Remark,nvarchar
SOWJD_VENDOR_Documents,Id,uniqueidentifier
SOWJD_VENDOR_Documents,RfqId,uniqueidentifier
SOWJD_VENDOR_Documents,FileName,nvarchar
SOWJD_VENDOR_Documents,Remarks,nvarchar
SOWJD_VENDOR_Documents,CreatedOn,datetimeoffset
SOWJD_VENDOR_Documents,CreatedBy,nvarchar
SOWJD_VENDOR_Documents,ModifiedOn,datetimeoffset
SOWJD_VENDOR_Documents,ModifiedBy,nvarchar
SOWJD_VENDOR_Documents,IsDeleted,bit
SOWJD_VENDOR_Documents,Version,timestamp
SOWJD_VENDOR_Documents,FileUrl,nvarchar
SOWJD_VENDOR_ResourceProfiles,Id,uniqueidentifier
SOWJD_VENDOR_ResourceProfiles,RfqId,uniqueidentifier
SOWJD_VENDOR_ResourceProfiles,FileName,nvarchar
SOWJD_VENDOR_ResourceProfiles,FileUrl,nvarchar
SOWJD_VENDOR_ResourceProfiles,CreatedOn,datetimeoffset
SOWJD_VENDOR_ResourceProfiles,CreatedBy,nvarchar
SOWJD_VENDOR_ResourceProfiles,ModifiedOn,datetimeoffset
SOWJD_VENDOR_ResourceProfiles,ModifiedBy,nvarchar
SOWJD_VENDOR_ResourceProfiles,IsDeleted,bit
SOWJD_VENDOR_ResourceProfiles,Version,timestamp
SOWJD_VENDOR_ResourceProposal,Id,uniqueidentifier
SOWJD_VENDOR_ResourceProposal,RfqId,uniqueidentifier
SOWJD_VENDOR_ResourceProposal,SkillSetID,uniqueidentifier
SOWJD_VENDOR_ResourceProposal,GradeID,uniqueidentifier
SOWJD_VENDOR_ResourceProposal,Quantity,int
SOWJD_VENDOR_ResourceProposal,Duration,int
SOWJD_VENDOR_ResourceProposal,CreatedOn,datetimeoffset
SOWJD_VENDOR_ResourceProposal,CreatedBy,nvarchar
SOWJD_VENDOR_ResourceProposal,ModifiedOn,datetimeoffset
SOWJD_VENDOR_ResourceProposal,ModifiedBy,nvarchar
SOWJD_VENDOR_ResourceProposal,IsDeleted,bit
SOWJD_VENDOR_ResourceProposal,Version,timestamp
SOWJD_VENDOR_ResourceProposal,UnitPrice,decimal
SOWJD_VENDOR_ResourceProposal,UnitOfMeasurement,nvarchar
SOWJD_VENDOR_ResourceProposal,ResourceOnboardingDate,datetime
SOWJD_VENDOR_ResourceProposal,SowjdSkillsetId,uniqueidentifier
SowJdRFQTechnicalProposalDetails,Id,uniqueidentifier
SowJdRFQTechnicalProposalDetails,SowJdId,uniqueidentifier
SowJdRFQTechnicalProposalDetails,VendorId,uniqueidentifier
SowJdRFQTechnicalProposalDetails,StartDate,date
SowJdRFQTechnicalProposalDetails,EndDate,date
SowJdRFQTechnicalProposalDetails,CreatedDate,date
SowJdRFQTechnicalProposalDetails,CreatedBy,nvarchar
SowJdRFQTechnicalProposalDetails,Remarks,nvarchar
SowJdRFQTechnicalProposalDetails,Status,smallint
SowJdRFQTechnicalProposalDetails,RfqId,uniqueidentifier
SowJdRFQTechnicalProposalDetails,isSpocSignedOff,bit
SowJdRFQTechnicalProposalDetails,isVendorSignedOff,bit
SowJdRFQTechnicalProposalDetails,isDMSignedOff,bit
SowJdRFQTechnicalProposalDetails,modifiedOn,datetime
SowJdRFQTechnicalProposalDetails,modifiedBy,varchar
SowJdRFQTechnicalProposalDetails,TechnicalProposalNumber,varchar
SowJdRFQTechnicalProposalDetails,secspocActionBy,nvarchar
SowJdRFQTechnicalProposalDetails,DMActionBy,nvarchar
SowJdRFQTechnicalProposalDetails,InitateSignOff,bit
SowJdVendorStatus,Id,uniqueidentifier
SowJdVendorStatus,VendorStatusName,nvarchar
UserGridColumnSetting,Id,uniqueidentifier
UserGridColumnSetting,MenuId,int
UserGridColumnSetting,UserId,nvarchar
UserGridColumnSetting,Columns,nvarchar
UserGridColumnSetting,IsActive,bit
UserGridColumnSetting,CreatedOn,datetimeoffset
UserGridColumnSetting,CreatedBy,nvarchar
UserGridColumnSetting,ModifiedOn,datetimeoffset
UserGridColumnSetting,ModifiedBy,nvarchar
UserGridColumnSetting,IsDeleted,bit
UserGridColumnSetting,Version,timestamp
UserGridColumnSetting,UserFilters,nvarchar
UserGridColumnSetting,UserColumnSequence,nvarchar
V_GetPermissionOnRole,EntityId,uniqueidentifier
V_GetPermissionOnRole,RoleId,uniqueidentifier
V_GetPermissionOnRole,RoleName,nvarchar
V_GetPermissionOnRole,PermissionId,int
V_GetPermissionOnRole,PermissionName,nvarchar
V_GetPermissionOnRole,FeatureName,nvarchar
V_GetPermissionOnRole,FeatureId,uniqueidentifier
V_GetPermissionOnRole,FeatureCode,nvarchar
V_Menus,EntityId,uniqueidentifier
V_Menus,EntityName,nvarchar
V_Menus,NTID,nvarchar
V_Menus,ModuleId,uniqueidentifier
V_Menus,ModuleName,nvarchar
V_Menus,ModuleDescription,nvarchar
V_Menus,UrlPath,nvarchar
V_Menus,ModuleIcon,nvarchar
V_NotificationHistory,NTID,nvarchar
V_NotificationHistory,NotificationId,uniqueidentifier
V_NotificationHistory,NotificationTitle,nvarchar
V_NotificationHistory,NotificationDescription,nvarchar
V_NotificationHistory,FeatureId,uniqueidentifier
V_NotificationHistory,EntityId,uniqueidentifier
V_NotificationHistory,DataObjectId,nvarchar
V_NotificationHistory,IsSeen,bit
V_NotificationHistory,CreatedOn,datetime
V_UserInfo,EntityId,uniqueidentifier
V_UserInfo,EntityName,nvarchar
V_UserInfo,NTID,nvarchar
V_UserInfo,RoleId,uniqueidentifier
V_UserInfo,RoleName,nvarchar
V_UserInfo,FirstApprover,bit
V_UserInfo,SecondApprover,bit
V_UserInfo,ModuleId,uniqueidentifier
V_UserInfo,ModuleName,nvarchar
V_UserInfo,featureId,uniqueidentifier
V_UserInfo,FeatureName,nvarchar
V_UserInfo,FeatureCode,nvarchar
V_UserInfo,CreatePermission,int
V_UserInfo,ReadPermission,int
V_UserInfo,EditPermission,int
V_UserInfo,DeletePermission,int
V_UserInfo,ApprovePermission,int
V_UserInfo,RejectPermission,int
V_UserInfo,DelegatePermission,int
V_UserInfo,WithdrawPermission,int
V_UserInfo,ImportPermission,int
V_UserInfo,ExportPermission,int
V_UserInfo,SendBackPermission,int
V_UserInfo,OwnershipChangePermission,int
V_UserInPermissionRequirement,EntityId,uniqueidentifier
V_UserInPermissionRequirement,EntityName,nvarchar
V_UserInPermissionRequirement,NTID,nvarchar
V_UserInPermissionRequirement,Module,nvarchar
V_UserInPermissionRequirement,Feature,nvarchar
V_UserInPermissionRequirement,FeatureCode,nvarchar
V_UserInPermissionRequirement,BusinessRole,nvarchar
V_UserInPermissionRequirement,Action,nvarchar
V_VendorNotificationHistory,VendorId,uniqueidentifier
V_VendorNotificationHistory,NotificationId,uniqueidentifier
V_VendorNotificationHistory,NotificationTitle,nvarchar
V_VendorNotificationHistory,NotificationDescription,nvarchar
V_VendorNotificationHistory,FeatureId,uniqueidentifier
V_VendorNotificationHistory,DataObjectId,nvarchar
V_VendorNotificationHistory,IsSeen,bit
V_VendorNotificationHistory,CreatedOn,datetime
VendorClassification,Id,uniqueidentifier
VendorClassification,ClassificationName,nvarchar
VendorContactType,Id,int
VendorContactType,Name,varchar
VendorNotifications,Id,uniqueidentifier
VendorNotifications,FeatureId,uniqueidentifier
VendorNotifications,DataObjectId,nvarchar
VendorNotifications,NotificationTitle,nvarchar
VendorNotifications,NotificationDescription,nvarchar
VendorNotifications,CreatedOn,datetime
VendorNotifications,CreatedBy,nvarchar
VendorNotifications,ModifiedOn,datetime
VendorNotifications,ModifiedBy,nvarchar
VendorNotifications,IsDeleted,bit
VendorNotificationSentDetails,Id,uniqueidentifier
VendorNotificationSentDetails,NotificationId,uniqueidentifier
VendorNotificationSentDetails,VendorId,uniqueidentifier
VendorNotificationSentDetails,IsSeen,bit
VendorNotificationSentDetails,CreatedOn,datetime
VendorNotificationSentDetails,CreatedBy,nvarchar
VendorNotificationSentDetails,ModifiedOn,datetime
VendorNotificationSentDetails,ModifiedBy,nvarchar
VendorNotificationSentDetails,IsDeleted,bit
VendorStatus,Id,uniqueidentifier
VendorStatus,Status,nvarchar
VendorType,Id,uniqueidentifier
VendorType,VendorTypeName,nvarchar
VersionInfo,Version,bigint
VersionInfo,AppliedOn,datetime
VersionInfo,Description,nvarchar
View_SearchUser,EmployeeNumber,bigint
View_SearchUser,Ntid,varchar
View_SearchUser,FullName,nvarchar
View_SearchUser,RoleName,nvarchar
vw__RM_AssetSPOCDetails,PlantId,uniqueidentifier
vw__RM_AssetSPOCDetails,Email,nvarchar
vw__RM_AssetSPOCDetails,ValidityStart,datetime
vw__RM_AssetSPOCDetails,ValidityEnd,datetime
vw_AOPFirstLevelPlanning,FLPlanningCode,nvarchar
vw_AOPFirstLevelPlanning,AOPPlanningCode,nvarchar
vw_AOPFirstLevelPlanning,CfCycleName,nvarchar
vw_AOPFirstLevelPlanning,CfCycleYear,int
vw_AOPFirstLevelPlanning,PlanningMonth,nvarchar
vw_AOPFirstLevelPlanning,PlanningStartDate,datetime
vw_AOPFirstLevelPlanning,PlanningEndate,datetime
vw_AOPFirstLevelPlanning,Status,nvarchar
vw_AOPFirstLevelPlanning,PlanningYearId,nvarchar
vw_AOPFirstLevelPlanning,CurrencyName,nvarchar
vw_AOPFirstLevelPlanning,CompanyCode,nvarchar
vw_AOPFirstLevelPlanning,CompanyFullName,nvarchar
vw_AOPFirstLevelPlanning,CreatedOn,datetimeoffset
vw_AOPFirstLevelPlanning,CreatedBy,nvarchar
vw_AOPFirstLevelPlanning,ModifiedOn,datetimeoffset
vw_AOPFirstLevelPlanning,ModifiedBy,nvarchar
vw_AOPFirstLevelPlanning,CompanyId,uniqueidentifier
vw_AOPFirstLevelPlanning,Id,uniqueidentifier
vw_AOPFirstLevelPlanning,OrganizationUnitName,nvarchar
vw_AOPFirstLevelPlanning,PlanningOrgLevel,nvarchar
vw_BUs,BuId,int
vw_BUs,BuName,nvarchar
vw_Departments,DepartmentId,bigint
vw_Departments,DepartmentName,nvarchar
vw_FundsCenter,Id,uniqueidentifier
vw_FundsCenter,Fmarea,nvarchar
vw_FundsCenter,FundCenter,nvarchar
vw_FundsCenter,FundCenterName,nvarchar
vw_FundsCenter,Description,nvarchar
vw_FundsCenter,BusinessArea,nvarchar
vw_FundsCenter,CompanyCode,nvarchar
vw_FundsCenter,ValidFrom,datetime
vw_FundsCenter,ValidTo,datetime
vw_FundsCenter,EnteredOn,datetime
vw_FundsCenter,ChangedOn,datetime
vw_FundsCenter,Source,nvarchar
vw_FundsCenter,CreatedOn,datetimeoffset
vw_FundsCenter,CreatedBy,nvarchar
vw_FundsCenter,ModifiedOn,datetimeoffset
vw_FundsCenter,ModifiedBy,nvarchar
vw_FundsCenter,Version,timestamp
vw_GetAopDetailsTree,aopid,uniqueidentifier
vw_GetAopDetailsTree,aopflid,uniqueidentifier
vw_GetAopDetailsTree,aopslid,uniqueidentifier
vw_GetAopDetailsTree,Status,nvarchar
vw_GetAopDetailsTree,Id,uniqueidentifier
vw_GetAopDetailsTree,SkillsetId,uniqueidentifier
vw_GetAopDetailsTree,Skillset,nvarchar
vw_GetAopDetailsTree,GradeId,uniqueidentifier
vw_GetAopDetailsTree,Grade,nvarchar
vw_GetAopDetailsTree,LocationModeId,int
vw_GetAopDetailsTree,LocationMode,nvarchar
vw_GetAopDetailsTree,Location,nvarchar
vw_GetAopDetailsTree,Vendor,nvarchar
vw_GetAopDetailsTree,VendorSAPID,int
vw_GetAopDetailsTree,VendorId,uniqueidentifier
vw_GetAopDetailsTree,GB,nvarchar
vw_GetAopDetailsTree,GBId,uniqueidentifier
vw_GetAopDetailsTree,VKMPrice,decimal
vw_GetAopDetailsTree,SkillSetType,nvarchar
vw_GetAopDetailsTree,RateCardPrice,decimal
vw_GetAopDetailsTree,NonRateCardPrice,decimal
vw_GetAopDetailsTree,Price,decimal
vw_GetAopDetailsTree,EndingNumber,decimal
vw_GetAopDetailsTree,TotalEquivalentCapacity,decimal
vw_GetAopDetailsTree,TotalProjectedPO,decimal
vw_GetAopDetailsTree,TotalProjectedRevenue,decimal
vw_GetAopDetailsTree,IsImported,bit
vw_GetAopDetailsTree,group,nvarchar
vw_GetAopDetailsTree,jan,decimal
vw_GetAopDetailsTree,feb,decimal
vw_GetAopDetailsTree,mar,decimal
vw_GetAopDetailsTree,apr,decimal
vw_GetAopDetailsTree,may,decimal
vw_GetAopDetailsTree,jun,decimal
vw_GetAopDetailsTree,jul,decimal
vw_GetAopDetailsTree,aug,decimal
vw_GetAopDetailsTree,sep,decimal
vw_GetAopDetailsTree,oct,decimal
vw_GetAopDetailsTree,nov,decimal
vw_GetAopDetailsTree,dec,decimal
vw_GetAopDetailsTree,total,decimal
vw_GetAOPFirstLevelPlanning,FLPlanningCode,nvarchar
vw_GetAOPFirstLevelPlanning,AOPPlanningCode,nvarchar
vw_GetAOPFirstLevelPlanning,CfCycleName,nvarchar
vw_GetAOPFirstLevelPlanning,CfCycleYear,int
vw_GetAOPFirstLevelPlanning,PlanningMonth,nvarchar
vw_GetAOPFirstLevelPlanning,PlanningStartDate,datetime
vw_GetAOPFirstLevelPlanning,PlanningEndate,datetime
vw_GetAOPFirstLevelPlanning,Status,nvarchar
vw_GetAOPFirstLevelPlanning,PlanningYearId,nvarchar
vw_GetAOPFirstLevelPlanning,CurrencyName,nvarchar
vw_GetAOPFirstLevelPlanning,CompanyCode,nvarchar
vw_GetAOPFirstLevelPlanning,CompanyFullName,nvarchar
vw_GetAOPFirstLevelPlanning,CreatedOn,datetimeoffset
vw_GetAOPFirstLevelPlanning,CreatedBy,nvarchar
vw_GetAOPFirstLevelPlanning,ModifiedOn,datetimeoffset
vw_GetAOPFirstLevelPlanning,ModifiedBy,nvarchar
vw_GetAOPFirstLevelPlanning,CompanyId,uniqueidentifier
vw_GetAOPFirstLevelPlanning,Id,uniqueidentifier
vw_GetAOPFirstLevelPlanning,OrganizationUnitName,nvarchar
vw_GetAOPFirstLevelPlanning,PlanningOrgLevel,nvarchar
vw_GetAops,AOPPlanningCode,nvarchar
vw_GetAops,CfCycleName,nvarchar
vw_GetAops,PlanningYearId,nvarchar
vw_GetAops,CompanyCode,nvarchar
vw_GetAops,PlanningMonth,nvarchar
vw_GetAops,CompanyFullName,nvarchar
vw_GetAops,CompanyShortName,nvarchar
vw_GetAops,CurrencyName,nvarchar
vw_GetAops,CfCycleYear,int
vw_GetAops,PlanningStartDate,datetime
vw_GetAops,PlanningEndate,datetime
vw_GetAops,Status,nvarchar
vw_GetAops,CreatedOn,datetimeoffset
vw_GetAops,CreatedBy,nvarchar
vw_GetAops,ModifiedOn,datetimeoffset
vw_GetAops,ModifiedBy,nvarchar
vw_GetAops,Id,uniqueidentifier
vw_GetAops,CFCycleId,uniqueidentifier
vw_GetAops,ExchangeRate,decimal
vw_GetAops,TotalEquivalentCapacity,decimal
vw_GetAops,TotalProjectedPO,decimal
vw_GetAops,TotalProjectedRevenue,decimal
vw_GetAops,POPlanningLevel,nvarchar
vw_GetAops,CompanyId,uniqueidentifier
vw_GetAops,ValueIn,nvarchar
vw_GetAops,CurrencyId,uniqueidentifier
vw_GetAops,Fullname,nvarchar
vw_GetAops,ActivitySpocId,nvarchar
vw_GetAops,Ntid,varchar
vw_GetAops,EmployeeNumber,bigint
vw_GetAops,OwnerName,nvarchar
vw_GetAops,OwnerNtid,varchar
vw_GetAops,OwnerEno,nvarchar
vw_GetAops,ChildCount,int
vw_GetAopTreeDeatils,AOPFLId,uniqueidentifier
vw_GetAopTreeDeatils,Id,uniqueidentifier
vw_GetAopTreeDeatils,SkillsetId,uniqueidentifier
vw_GetAopTreeDeatils,Skillset,nvarchar
vw_GetAopTreeDeatils,GradeId,uniqueidentifier
vw_GetAopTreeDeatils,Grade,nvarchar
vw_GetAopTreeDeatils,LocationModeId,int
vw_GetAopTreeDeatils,LocationMode,nvarchar
vw_GetAopTreeDeatils,Location,nvarchar
vw_GetAopTreeDeatils,LocationId,uniqueidentifier
vw_GetAopTreeDeatils,Vendor,nvarchar
vw_GetAopTreeDeatils,VendorId,uniqueidentifier
vw_GetAopTreeDeatils,GB,nvarchar
vw_GetAopTreeDeatils,GBId,uniqueidentifier
vw_GetAopTreeDeatils,VKMPrice,decimal
vw_GetAopTreeDeatils,SkillSetType,nvarchar
vw_GetAopTreeDeatils,RateCardPrice,decimal
vw_GetAopTreeDeatils,NonRateCardPrice,decimal
vw_GetAopTreeDeatils,Price,decimal
vw_GetAopTreeDeatils,EndingNumber,decimal
vw_GetAopTreeDeatils,TotalEquivalentCapacity,decimal
vw_GetAopTreeDeatils,TotalProjectedPO,decimal
vw_GetAopTreeDeatils,TotalProjectedRevenue,decimal
vw_GetAopTreeDeatils,IsImported,bit
vw_GetAopTreeDeatils,ordering,int
vw_GetAopTreeDeatils,group,nvarchar
vw_GetAopTreeDeatils,jan,decimal
vw_GetAopTreeDeatils,feb,decimal
vw_GetAopTreeDeatils,mar,decimal
vw_GetAopTreeDeatils,apr,decimal
vw_GetAopTreeDeatils,may,decimal
vw_GetAopTreeDeatils,jun,decimal
vw_GetAopTreeDeatils,jul,decimal
vw_GetAopTreeDeatils,aug,decimal
vw_GetAopTreeDeatils,sep,decimal
vw_GetAopTreeDeatils,oct,decimal
vw_GetAopTreeDeatils,nov,decimal
vw_GetAopTreeDeatils,dec,decimal
vw_GetAopTreeDeatils,total,decimal
vw_GetAopTreeDeatils,aopid,uniqueidentifier
vw_GetFirstLevelTreeDetails,AOPFLId,uniqueidentifier
vw_GetFirstLevelTreeDetails,Id,uniqueidentifier
vw_GetFirstLevelTreeDetails,SkillsetId,uniqueidentifier
vw_GetFirstLevelTreeDetails,Skillset,nvarchar
vw_GetFirstLevelTreeDetails,GradeId,uniqueidentifier
vw_GetFirstLevelTreeDetails,Grade,nvarchar
vw_GetFirstLevelTreeDetails,LocationModeId,int
vw_GetFirstLevelTreeDetails,LocationMode,nvarchar
vw_GetFirstLevelTreeDetails,Location,nvarchar
vw_GetFirstLevelTreeDetails,LocationId,uniqueidentifier
vw_GetFirstLevelTreeDetails,Vendor,nvarchar
vw_GetFirstLevelTreeDetails,VendorId,uniqueidentifier
vw_GetFirstLevelTreeDetails,VendorSAPID,int
vw_GetFirstLevelTreeDetails,GB,nvarchar
vw_GetFirstLevelTreeDetails,GBId,uniqueidentifier
vw_GetFirstLevelTreeDetails,VKMPrice,decimal
vw_GetFirstLevelTreeDetails,SkillSetType,nvarchar
vw_GetFirstLevelTreeDetails,RateCardPrice,decimal
vw_GetFirstLevelTreeDetails,NonRateCardPrice,decimal
vw_GetFirstLevelTreeDetails,Price,decimal
vw_GetFirstLevelTreeDetails,EndingNumber,decimal
vw_GetFirstLevelTreeDetails,TotalEquivalentCapacity,decimal
vw_GetFirstLevelTreeDetails,TotalProjectedPO,decimal
vw_GetFirstLevelTreeDetails,TotalProjectedRevenue,decimal
vw_GetFirstLevelTreeDetails,IsImported,bit
vw_GetFirstLevelTreeDetails,ordering,int
vw_GetFirstLevelTreeDetails,group,nvarchar
vw_GetFirstLevelTreeDetails,jan,decimal
vw_GetFirstLevelTreeDetails,feb,decimal
vw_GetFirstLevelTreeDetails,mar,decimal
vw_GetFirstLevelTreeDetails,apr,decimal
vw_GetFirstLevelTreeDetails,may,decimal
vw_GetFirstLevelTreeDetails,jun,decimal
vw_GetFirstLevelTreeDetails,jul,decimal
vw_GetFirstLevelTreeDetails,aug,decimal
vw_GetFirstLevelTreeDetails,sep,decimal
vw_GetFirstLevelTreeDetails,oct,decimal
vw_GetFirstLevelTreeDetails,nov,decimal
vw_GetFirstLevelTreeDetails,dec,decimal
vw_GetFirstLevelTreeDetails,total,decimal
vw_GetFirstLevelTreeDetails,status,nvarchar
vw_GetFirstLevelTreeDetails,CfCycleYear,int
vw_GetFirstLevelTreeDetails,OrganizationUnitId,int
vw_GetFirstLevelTreeDetails,OrganizationUnitName,nvarchar
vw_GetFirstLevelTreeDetails,PlanningOrgLevel,nvarchar
vw_GetFirstLevelTreeDetails,CfCycleName,nvarchar
vw_GetFirstLevelTreeDetails,POPlanningLevel,nvarchar
vw_GetFlAops,Id,uniqueidentifier
vw_GetFlAops,AopId,uniqueidentifier
vw_GetFlAops,FLPlanningCode,nvarchar
vw_GetFlAops,AOPPlanningCode,nvarchar
vw_GetFlAops,CfCycleName,nvarchar
vw_GetFlAops,CfCycleYear,int
vw_GetFlAops,CfCyclePlanningMonth,nvarchar
vw_GetFlAops,PlanningStartDate,datetime
vw_GetFlAops,PlanningEndate,datetime
vw_GetFlAops,PlanningYearId,nvarchar
vw_GetFlAops,CompanyId,uniqueidentifier
vw_GetFlAops,OrganizationUnitId,int
vw_GetFlAops,OrganizationUnitName,nvarchar
vw_GetFlAops,PlanningOrgLevel,nvarchar
vw_GetFlAops,ValueIn,nvarchar
vw_GetFlAops,CurrencyId,uniqueidentifier
vw_GetFlAops,POPlanningLevel,nvarchar
vw_GetFlAops,ExchangeRate,decimal
vw_GetFlAops,CompanyFullName,nvarchar
vw_GetFlAops,CompanyCode,nvarchar
vw_GetFlAops,CompanyShortName,nvarchar
vw_GetFlAops,Status,nvarchar
vw_GetFlAops,CurrencyName,nvarchar
vw_GetFlAops,Firstname,nvarchar
vw_GetFlAops,Lastname,nvarchar
vw_GetFlAops,EmployeeNumber,bigint
vw_GetFlAops,Fullname,nvarchar
vw_GetFlAops,TotalEquivalentCapacity,decimal
vw_GetFlAops,TotalProjectedPO,decimal
vw_GetFlAops,TotalProjectedRevenue,decimal
vw_GetFlAops,Ntid,varchar
vw_GetFlAops,CreatedBy,nvarchar
vw_GetFlAops,ModifiedOn,datetimeoffset
vw_GetFlAops,ModifiedBy,nvarchar
vw_GetFlAops,CreatedOn,datetimeoffset
vw_GetFlAops,ActivitySPOCId,int
vw_GetFlAops,ChildCount,int
vw_GetFlAops,OwnerFirstname,nvarchar
vw_GetFlAops,OwnerLastname,nvarchar
vw_GetFlAops,OwnerName,nvarchar
vw_GetFlAops,OwnerNtid,varchar
vw_GetFlAops,OwnerEno,nvarchar
vw_GetFlAops,AopStatus,nvarchar
vw_GetMyActions,Id,uniqueidentifier
vw_GetMyActions,Status,nvarchar
vw_GetMyActions,statusID,int
vw_GetMyActions,RequestId,nvarchar
vw_GetMyActions,ActivitySpocId,nvarchar
vw_GetMyActions,CreatedBy,nvarchar
vw_GetMyActions,CreatedOn,datetime
vw_GetMyActions,Module,varchar
vw_GetMyActions,TYPE,nvarchar
vw_GetPlanningMyActions,AOPId,uniqueidentifier
vw_GetPlanningMyActions,AOPFLId,uniqueidentifier
vw_GetPlanningMyActions,AOPSLId,uniqueidentifier
vw_GetPlanningMyActions,CfCycleName,nvarchar
vw_GetPlanningMyActions,CfCycleYear,int
vw_GetPlanningMyActions,PlanningMonth,nvarchar
vw_GetPlanningMyActions,PlanningStartDate,datetime
vw_GetPlanningMyActions,PlanningEndate,datetime
vw_GetPlanningMyActions,Status,nvarchar
vw_GetPlanningMyActions,ActivitySpocId,nvarchar
vw_GetPlanningMyActions,ModifiedBy,nvarchar
vw_GetPlanningMyActions,ModifiedOn,datetime
vw_GetPlanningMyActions,Ntid,varchar
vw_GetPlanningMyActions,Fullname,nvarchar
vw_GetPlanningMyActions,AOPPlanningCode,nvarchar
vw_GetPlanningMyActions,Type,varchar
vw_GetPlanningPOPlans,POPlanningId,nvarchar
vw_GetPlanningPOPlans,PlanningYearID,nvarchar
vw_GetPlanningPOPlans,AOPPlanningCode,nvarchar
vw_GetPlanningPOPlans,CompanyCode,nvarchar
vw_GetPlanningPOPlans,CompanyFullName,nvarchar
vw_GetPlanningPOPlans,CompanyShortName,nvarchar
vw_GetPlanningPOPlans,CompanyId,uniqueidentifier
vw_GetPlanningPOPlans,PlanningYear,int
vw_GetPlanningPOPlans,OrganizationUnitId,int
vw_GetPlanningPOPlans,OrganizationUnitName,nvarchar
vw_GetPlanningPOPlans,PlanningOrgLevel,nvarchar
vw_GetPlanningPOPlans,PlanningLevel,varchar
vw_GetPlanningPOPlans,UniqueeId,nvarchar
vw_GetPlanningPOPlans,OwnerName,nvarchar
vw_GetPlanningPOPlans,OwnerNTID,varchar
vw_GetPlanningRemarks,Id,uniqueidentifier
vw_GetPlanningRemarks,AOPId,uniqueidentifier
vw_GetPlanningRemarks,AOPFLId,uniqueidentifier
vw_GetPlanningRemarks,AOPSLId,uniqueidentifier
vw_GetPlanningRemarks,Description,nvarchar
vw_GetPlanningRemarks,Status,nvarchar
vw_GetPlanningRemarks,CreatedBy,nvarchar
vw_GetPlanningRemarks,CreatedOn,datetimeoffset
vw_GetPlanningRemarks,AOPPlanningCode,nvarchar
vw_GetPlanningRemarks,FLPlanningCode,nvarchar
vw_GetPlanningRemarks,SLPlanningCode,nvarchar
vw_GetPlanningRemarks,FullName,nvarchar
vw_GetPlanningRemarks,IsDeleted,bit
vw_GetResourcePlanningTree,aopid,uniqueidentifier
vw_GetResourcePlanningTree,aopflid,uniqueidentifier
vw_GetResourcePlanningTree,aopslid,uniqueidentifier
vw_GetResourcePlanningTree,Id,uniqueidentifier
vw_GetResourcePlanningTree,detailsId,uniqueidentifier
vw_GetResourcePlanningTree,SkillsetId,uniqueidentifier
vw_GetResourcePlanningTree,Skillset,nvarchar
vw_GetResourcePlanningTree,GradeId,uniqueidentifier
vw_GetResourcePlanningTree,Grade,nvarchar
vw_GetResourcePlanningTree,LocationModeId,int
vw_GetResourcePlanningTree,LocationMode,nvarchar
vw_GetResourcePlanningTree,LocationId,uniqueidentifier
vw_GetResourcePlanningTree,Location,nvarchar
vw_GetResourcePlanningTree,Vendor,nvarchar
vw_GetResourcePlanningTree,VendorId,uniqueidentifier
vw_GetResourcePlanningTree,VendorSAPID,int
vw_GetResourcePlanningTree,GB,nvarchar
vw_GetResourcePlanningTree,GBId,uniqueidentifier
vw_GetResourcePlanningTree,VKMPrice,decimal
vw_GetResourcePlanningTree,SkillSetType,nvarchar
vw_GetResourcePlanningTree,RateCardPrice,decimal
vw_GetResourcePlanningTree,NonRateCardPrice,decimal
vw_GetResourcePlanningTree,Price,decimal
vw_GetResourcePlanningTree,EndingNumber,decimal
vw_GetResourcePlanningTree,TotalEquivalentCapacity,decimal
vw_GetResourcePlanningTree,TotalProjectedPO,decimal
vw_GetResourcePlanningTree,TotalProjectedRevenue,decimal
vw_GetResourcePlanningTree,IsImported,bit
vw_GetResourcePlanningTree,OrganizationUnitId,int
vw_GetResourcePlanningTree,SlOrganizationUnitName,nvarchar
vw_GetResourcePlanningTree,PlanningOrgLevel,nvarchar
vw_GetResourcePlanningTree,POPlanningLevel,nvarchar
vw_GetResourcePlanningTree,CfCycleYear,int
vw_GetResourcePlanningTree,CfCycleName,nvarchar
vw_GetResourcePlanningTree,CFCycleId,uniqueidentifier
vw_GetResourcePlanningTree,aopStatus,nvarchar
vw_GetResourcePlanningTree,Status,nvarchar
vw_GetResourcePlanningTree,flpStatus,nvarchar
vw_GetResourcePlanningTree,group,nvarchar
vw_GetResourcePlanningTree,Ordering,int
vw_GetResourcePlanningTree,jan,decimal
vw_GetResourcePlanningTree,feb,decimal
vw_GetResourcePlanningTree,mar,decimal
vw_GetResourcePlanningTree,apr,decimal
vw_GetResourcePlanningTree,may,decimal
vw_GetResourcePlanningTree,jun,decimal
vw_GetResourcePlanningTree,jul,decimal
vw_GetResourcePlanningTree,aug,decimal
vw_GetResourcePlanningTree,sep,decimal
vw_GetResourcePlanningTree,oct,decimal
vw_GetResourcePlanningTree,nov,decimal
vw_GetResourcePlanningTree,dec,decimal
vw_GetResourcePlanningTree,total,decimal
vw_GetSlAops,Id,uniqueidentifier
vw_GetSlAops,SLPlanningCode,nvarchar
vw_GetSlAops,AOPPlanningCode,nvarchar
vw_GetSlAops,CfCycleName,nvarchar
vw_GetSlAops,CfCycleYear,int
vw_GetSlAops,CfCyclePlanningMonth,nvarchar
vw_GetSlAops,PlanningStartDate,datetime
vw_GetSlAops,PlanningEndDate,datetime
vw_GetSlAops,Status,nvarchar
vw_GetSlAops,FLPlanningCode,nvarchar
vw_GetSlAops,OrganizationUnitId,int
vw_GetSlAops,OrganizationUnitName,nvarchar
vw_GetSlAops,PlanningOrgLevel,nvarchar
vw_GetSlAops,FlId,uniqueidentifier
vw_GetSlAops,ValueIn,nvarchar
vw_GetSlAops,CompanyId,uniqueidentifier
vw_GetSlAops,POPlanningLevel,nvarchar
vw_GetSlAops,ExchangeRate,decimal
vw_GetSlAops,PlanningYearId,nvarchar
vw_GetSlAops,CompanyCode,nvarchar
vw_GetSlAops,CompanyShortName,nvarchar
vw_GetSlAops,CompanyFullName,nvarchar
vw_GetSlAops,CurrencyName,nvarchar
vw_GetSlAops,EmployeeNumber,bigint
vw_GetSlAops,TotalEquivalentCapacity,decimal
vw_GetSlAops,TotalProjectedPO,decimal
vw_GetSlAops,TotalProjectedRevenue,decimal
vw_GetSlAops,ModifiedBy,nvarchar
vw_GetSlAops,ModifiedOn,datetimeoffset
vw_GetSlAops,aopid,uniqueidentifier
vw_GetSlAops,BusinessUnit,nvarchar
vw_GetSlAops,CreatedBy,nvarchar
vw_GetSlAops,CreatedOn,datetimeoffset
vw_GetSlAops,FinalApprovalActivitySPOCId,nvarchar
vw_GetSlAops,FinalApprovalFirstname,nvarchar
vw_GetSlAops,FinalApprovalLastname,nvarchar
vw_GetSlAops,FinalApprovalFullName,nvarchar
vw_GetSlAops,FinalApprovalNtid,varchar
vw_GetSlAops,ActivitySPOCId,nvarchar
vw_GetSlAops,Firstname,nvarchar
vw_GetSlAops,Lastname,nvarchar
vw_GetSlAops,Fullname,nvarchar
vw_GetSlAops,Ntid,varchar
vw_GetSlAops,OwnerName,nvarchar
vw_GetSlAops,OwnerNtid,varchar
vw_GetSlAops,OwnerEno,nvarchar
vw_GetSlAops,AopStatus,nvarchar
vw_Groups,GroupId,int
vw_Groups,GroupName,nvarchar
vw_KeyFiguresKPIs,module,varchar
vw_KeyFiguresKPIs,created,int
vw_KeyFiguresKPIs,migrated,int
vw_KeyFiguresKPIs,total,int
vw_MasterAccessoriesSPOC,Id,uniqueidentifier
vw_MasterAccessoriesSPOC,CompanyId,uniqueidentifier
vw_MasterAccessoriesSPOC,CompanyCode,nvarchar
vw_MasterAccessoriesSPOC,ShortName,nvarchar
vw_MasterAccessoriesSPOC,CompanyName,nvarchar
vw_MasterAccessoriesSPOC,PlantId,uniqueidentifier
vw_MasterAccessoriesSPOC,PlantCode,nvarchar
vw_MasterAccessoriesSPOC,PlantName,nvarchar
vw_MasterAccessoriesSPOC,SpocName,nvarchar
vw_MasterAccessoriesSPOC,SpocEmployeeNumber,nvarchar
vw_MasterAccessoriesSPOC,SpocFullName,nvarchar
vw_MasterAccessoriesSPOC,SpocNTID,varchar
vw_MasterAccessoriesSPOC,Email,nvarchar
vw_MasterAccessoriesSPOC,ValidityStart,datetime
vw_MasterAccessoriesSPOC,ValidityEnd,datetime
vw_MasterAccessoriesSPOC,CreatedOn,datetimeoffset
vw_MasterAccessoriesSPOC,CreatedBy,nvarchar
vw_MasterAccessoriesSPOC,ModifiedOn,datetimeoffset
vw_MasterAccessoriesSPOC,ModifiedBy,nvarchar
vw_MasterAssetSPOC,Id,uniqueidentifier
vw_MasterAssetSPOC,CompanyId,uniqueidentifier
vw_MasterAssetSPOC,CompanyCode,nvarchar
vw_MasterAssetSPOC,ShortName,nvarchar
vw_MasterAssetSPOC,CompanyName,nvarchar
vw_MasterAssetSPOC,PlantId,uniqueidentifier
vw_MasterAssetSPOC,PlantCode,nvarchar
vw_MasterAssetSPOC,PlantName,nvarchar
vw_MasterAssetSPOC,SpocName,nvarchar
vw_MasterAssetSPOC,SpocEmployeeNumber,nvarchar
vw_MasterAssetSPOC,SpocFullName,nvarchar
vw_MasterAssetSPOC,SpocNTID,varchar
vw_MasterAssetSPOC,Email,nvarchar
vw_MasterAssetSPOC,ValidityStart,datetime
vw_MasterAssetSPOC,ValidityEnd,datetime
vw_MasterAssetSPOC,CreatedOn,datetimeoffset
vw_MasterAssetSPOC,CreatedBy,nvarchar
vw_MasterAssetSPOC,ModifiedOn,datetimeoffset
vw_MasterAssetSPOC,ModifiedBy,nvarchar
vw_MasterBillingPeriod,CompanyCode,nvarchar
vw_MasterBillingPeriod,BillingPeriodMonth,nvarchar
vw_MasterBillingPeriod,ValidityStart,datetime
vw_MasterBillingPeriod,ValidityEnd,datetime
vw_MasterBillingPeriod,PeriodId,int
vw_MasterBillingPeriod,PeriodStart,datetime
vw_MasterBillingPeriod,PeriodEnd,datetime
vw_MasterBillingPeriod,StandardDays,int
vw_MasterBillingPeriod,StandardHours,int
vw_MasterBillingPeriod,PeriodOwner,nvarchar
vw_MasterBillingPeriod,OwnerName,nvarchar
vw_MasterBillingPeriod,ApproveStatus,nvarchar
vw_MasterBillingPeriod,ApprovalStatus,nvarchar
vw_MasterBillingPeriod,ApprovalEno,nvarchar
vw_MasterBillingPeriod,ApproverENo,nvarchar
vw_MasterBillingPeriod,ApprovalName,nvarchar
vw_MasterBillingPeriod,ApproverName,nvarchar
vw_MasterBillingPeriod,ApprovalNtid,varchar
vw_MasterBillingPeriod,ApproverNTID,varchar
vw_MasterBillingPeriod,ApprovedBy,nvarchar
vw_MasterBillingPeriod,ActionedBy,nvarchar
vw_MasterBillingPeriod,ActionedOn,datetime
vw_MasterBillingPeriod,ApprovedDate,datetime
vw_MasterBillingPeriod,Remark,nvarchar
vw_MasterBillingPeriod,CreatedOn,datetimeoffset
vw_MasterBillingPeriod,CreatedBy,nvarchar
vw_MasterBillingPeriod,ModifiedOn,datetimeoffset
vw_MasterBillingPeriod,ModifiedBy,nvarchar
vw_MasterBillingPeriod,Id,uniqueidentifier
vw_MasterBillingPeriod,CompanyId,uniqueidentifier
vw_MasterBillingPeriod,BillingMonth,nvarchar
vw_MasterBillingPeriod,OTRatio,decimal
vw_MasterBillingPeriod,WorkingDays,decimal
vw_MasterBillingPeriod,WorkingHours,int
vw_MasterBillingPeriod,BillingPeriodYear,varchar
vw_MasterBillingPeriod,BillingYetToStart,varchar
vw_MasterBillingPeriod,BillingCompleted,varchar
vw_MasterBillingPeriod,IsBillingCompleted,int
vw_MasterBillingPeriod,IsBillingYetToStart,int
vw_MasterBillingPeriod,BillingStatus,nvarchar
vw_MasterBillingPeriod,ODCBilling,nvarchar
vw_MasterBillingPeriod,SectionSpocApproval,nvarchar
vw_MasterBoschOh,CompanyId,uniqueidentifier
vw_MasterBoschOh,CompanyCode,nvarchar
vw_MasterBoschOh,BUName,nvarchar
vw_MasterBoschOh,Location,nvarchar
vw_MasterBoschOh,CostDifference,decimal
vw_MasterBoschOh,Currency,nvarchar
vw_MasterBoschOh,PlantCurrency,uniqueidentifier
vw_MasterBoschOh,ValidityStart,datetime
vw_MasterBoschOh,ValidityEnd,datetime
vw_MasterBoschOh,ApproveStatus,nvarchar
vw_MasterBoschOh,ApprovalStatus,nvarchar
vw_MasterBoschOh,ApprovalEno,nvarchar
vw_MasterBoschOh,ApproverENo,nvarchar
vw_MasterBoschOh,ApprovalName,nvarchar
vw_MasterBoschOh,ApproverName,nvarchar
vw_MasterBoschOh,ApprovalNtid,varchar
vw_MasterBoschOh,ApproverNTID,varchar
vw_MasterBoschOh,ApprovedBy,nvarchar
vw_MasterBoschOh,ActionedBy,nvarchar
vw_MasterBoschOh,ApprovedDate,datetime
vw_MasterBoschOh,ActionedOn,datetime
vw_MasterBoschOh,Remark,nvarchar
vw_MasterBoschOh,CreatedOn,datetimeoffset
vw_MasterBoschOh,CreatedBy,nvarchar
vw_MasterBoschOh,ModifiedOn,datetimeoffset
vw_MasterBoschOh,ModifiedBy,nvarchar
vw_MasterBoschOh,Id,uniqueidentifier
vw_MasterBoschOh,BusinessUnit,nvarchar
vw_MasterBoschOh,LocationMode,nvarchar
vw_MasterBoschRateCard,CompanyCode,nvarchar
vw_MasterBoschRateCard,CompanyShortName,nvarchar
vw_MasterBoschRateCard,Currency,nvarchar
vw_MasterBoschRateCard,SkillsetName,nvarchar
vw_MasterBoschRateCard,Grade0,decimal
vw_MasterBoschRateCard,Grade1,decimal
vw_MasterBoschRateCard,Grade2,decimal
vw_MasterBoschRateCard,Grade3,decimal
vw_MasterBoschRateCard,Grade4,decimal
vw_MasterBoschRateCard,ValidityStart,datetime
vw_MasterBoschRateCard,ValidityEnd,datetime
vw_MasterBoschRateCard,Remark,nvarchar
vw_MasterBoschRateCard,ApprovedBy,nvarchar
vw_MasterBoschRateCard,ActionedBy,nvarchar
vw_MasterBoschRateCard,ApprovedDate,datetime
vw_MasterBoschRateCard,ActionedOn,datetime
vw_MasterBoschRateCard,ApproveStatus,nvarchar
vw_MasterBoschRateCard,ApprovalStatus,nvarchar
vw_MasterBoschRateCard,ApprovalEno,nvarchar
vw_MasterBoschRateCard,ApproverENo,nvarchar
vw_MasterBoschRateCard,ApprovalName,nvarchar
vw_MasterBoschRateCard,ApproverName,nvarchar
vw_MasterBoschRateCard,ApprovalNtid,varchar
vw_MasterBoschRateCard,ApproverNTID,varchar
vw_MasterBoschRateCard,CreatedBy,nvarchar
vw_MasterBoschRateCard,ModifiedOn,datetimeoffset
vw_MasterBoschRateCard,ModifiedBy,nvarchar
vw_MasterBoschRateCard,Id,uniqueidentifier
vw_MasterBoschRateCard,SkillsetId,uniqueidentifier
vw_MasterBoschRateCard,CompanyId,uniqueidentifier
vw_MasterBoschRateCard,CreatedOn,datetimeoffset
vw_MasterBoschRateCard,CurrencyId,uniqueidentifier
vw_MasterBoschRateCard,PlantCurrency,uniqueidentifier
vw_MasterBoschRateCardPivot,skillsetId,uniqueidentifier
vw_MasterBoschRateCardPivot,GradeId,uniqueidentifier
vw_MasterBoschRateCardPivot,GradePrice,decimal
vw_MasterBoschRateCardPivot,GradeType,nvarchar
vw_MasterBoschRateCardPivot,SkillType,varchar
vw_MasterBuHot,BuId,bigint
vw_MasterBuHot,BUName,nvarchar
vw_MasterBuHot,HotName,nvarchar
vw_MasterBuHot,HotFullName,nvarchar
vw_MasterBuHot,Ntid,varchar
vw_MasterBuHot,HotNTID,varchar
vw_MasterBuHot,Email,nvarchar
vw_MasterBuHot,ValidityStart,datetime
vw_MasterBuHot,ValidityEnd,datetime
vw_MasterBuHot,ActiveStatus,varchar
vw_MasterBuHot,ApprovalEno,nvarchar
vw_MasterBuHot,ApproverENo,nvarchar
vw_MasterBuHot,ApprovalName,nvarchar
vw_MasterBuHot,ApproverName,nvarchar
vw_MasterBuHot,ApprovalNtid,varchar
vw_MasterBuHot,ApproverNTID,varchar
vw_MasterBuHot,ApproveStatus,nvarchar
vw_MasterBuHot,ApprovalStatus,nvarchar
vw_MasterBuHot,ApprovedBy,nvarchar
vw_MasterBuHot,ActionedBy,nvarchar
vw_MasterBuHot,ApprovedDate,datetime
vw_MasterBuHot,ActionedOn,datetime
vw_MasterBuHot,Remark,nvarchar
vw_MasterBuHot,CreatedOn,datetimeoffset
vw_MasterBuHot,CreatedBy,nvarchar
vw_MasterBuHot,ModifiedOn,datetimeoffset
vw_MasterBuHot,ModifiedBy,nvarchar
vw_MasterBuHot,Id,uniqueidentifier
vw_MasterBuHot,IsActive,bit
vw_MasterBuHot,CompanyId,uniqueidentifier
vw_MasterBuHot,CompanyCode,nvarchar
vw_MasterBuHot,CompanyShortName,nvarchar
vw_MasterBuHot,CompanyFullName,nvarchar
vw_MasterBuSPOC,BuId,bigint
vw_MasterBuSPOC,BUName,nvarchar
vw_MasterBuSPOC,SpocName,nvarchar
vw_MasterBuSPOC,SpocFullName,nvarchar
vw_MasterBuSPOC,Ntid,varchar
vw_MasterBuSPOC,SpocNTID,varchar
vw_MasterBuSPOC,Email,nvarchar
vw_MasterBuSPOC,ValidityStart,datetime
vw_MasterBuSPOC,ValidityEnd,datetime
vw_MasterBuSPOC,ActiveStatus,varchar
vw_MasterBuSPOC,ApproveStatus,nvarchar
vw_MasterBuSPOC,ApprovalStatus,nvarchar
vw_MasterBuSPOC,ApprovalEno,nvarchar
vw_MasterBuSPOC,ApproverENo,nvarchar
vw_MasterBuSPOC,ApprovalName,nvarchar
vw_MasterBuSPOC,ApproverName,nvarchar
vw_MasterBuSPOC,ApprovalNtid,varchar
vw_MasterBuSPOC,ApproverNTID,varchar
vw_MasterBuSPOC,ApprovedBy,nvarchar
vw_MasterBuSPOC,ActionedBy,nvarchar
vw_MasterBuSPOC,ApprovedDate,datetime
vw_MasterBuSPOC,ActionedOn,datetime
vw_MasterBuSPOC,Remark,nvarchar
vw_MasterBuSPOC,CreatedOn,datetimeoffset
vw_MasterBuSPOC,CreatedBy,nvarchar
vw_MasterBuSPOC,ModifiedOn,datetimeoffset
vw_MasterBuSPOC,ModifiedBy,nvarchar
vw_MasterBuSPOC,Id,uniqueidentifier
vw_MasterBuSPOC,IsActive,bit
vw_MasterBuSPOC,CompanyId,uniqueidentifier
vw_MasterBuSPOC,CompanyCode,nvarchar
vw_MasterBuSPOC,CompanyShortName,nvarchar
vw_MasterBuSPOC,CompanyFullName,nvarchar
vw_MasterCfCycle,CfCycleName,nvarchar
vw_MasterCfCycle,CompanyCode,nvarchar
vw_MasterCfCycle,CfCycleYear,int
vw_MasterCfCycle,PlanningYearId,nvarchar
vw_MasterCfCycle,CfCyclePlanningMonth,nvarchar
vw_MasterCfCycle,CFCyclePlanningStartDate,datetime
vw_MasterCfCycle,CFCyclePlanningEndate,datetime
vw_MasterCfCycle,CompanyFullName,nvarchar
vw_MasterCfCycle,CreatedOn,datetimeoffset
vw_MasterCfCycle,CreatedBy,nvarchar
vw_MasterCfCycle,ModifiedOn,datetimeoffset
vw_MasterCfCycle,ModifiedBy,nvarchar
vw_MasterCfCycle,CompanyId,uniqueidentifier
vw_MasterCfCycle,Id,uniqueidentifier
vw_MasterCfCyclePlanning,CfCycleName,nvarchar
vw_MasterCfCyclePlanning,PlanningYearId,nvarchar
vw_MasterCfCyclePlanning,CompanyCode,nvarchar
vw_MasterCfCyclePlanning,CfCyclePlanningMonth,nvarchar
vw_MasterCfCyclePlanning,CompanyFullName,nvarchar
vw_MasterCfCyclePlanning,Currency,nvarchar
vw_MasterCfCyclePlanning,CfCycleYear,int
vw_MasterCfCyclePlanning,PlanningStartDate,datetime
vw_MasterCfCyclePlanning,PlanningEndate,datetime
vw_MasterCfCyclePlanning,Status,nvarchar
vw_MasterCfCyclePlanning,CreatedOn,datetimeoffset
vw_MasterCfCyclePlanning,CreatedBy,nvarchar
vw_MasterCfCyclePlanning,ModifiedOn,datetimeoffset
vw_MasterCfCyclePlanning,ModifiedBy,nvarchar
vw_MasterCfCyclePlanning,CompanyId,uniqueidentifier
vw_MasterCfCyclePlanning,Id,uniqueidentifier
vw_MasterCfCyclePlanning,Remark,nvarchar
vw_MasterCompanies,CompanyCode,nvarchar
vw_MasterCompanies,Name,nvarchar
vw_MasterCompanies,ShortName,nvarchar
vw_MasterCompanies,AddressStreet,nvarchar
vw_MasterCompanies,City,nvarchar
vw_MasterCompanies,Region,nvarchar
vw_MasterCompanies,PostalCode,nvarchar
vw_MasterCompanies,Country,nvarchar
vw_MasterCompanies,CurrencyName,nvarchar
vw_MasterCompanies,Currency,nvarchar
vw_MasterCompanies,ActiveStatus,varchar
vw_MasterCompanies,CreatedOn,datetimeoffset
vw_MasterCompanies,CreatedBy,nvarchar
vw_MasterCompanies,ModifiedOn,datetimeoffset
vw_MasterCompanies,ModifiedBy,nvarchar
vw_MasterCompanies,Id,uniqueidentifier
vw_MasterCompanies,CompanyCurrencyId,uniqueidentifier
vw_MasterCompanies,Category,nvarchar
vw_MasterCompleteECLSPOC,Id,uniqueidentifier
vw_MasterCompleteECLSPOC,CompanyId,uniqueidentifier
vw_MasterCompleteECLSPOC,CompanyCode,nvarchar
vw_MasterCompleteECLSPOC,ShortName,nvarchar
vw_MasterCompleteECLSPOC,CompanyName,nvarchar
vw_MasterCompleteECLSPOC,PlantId,uniqueidentifier
vw_MasterCompleteECLSPOC,PlantCode,nvarchar
vw_MasterCompleteECLSPOC,PlantName,nvarchar
vw_MasterCompleteECLSPOC,SpocName,nvarchar
vw_MasterCompleteECLSPOC,SpocEmployeeNumber,nvarchar
vw_MasterCompleteECLSPOC,SpocFullName,nvarchar
vw_MasterCompleteECLSPOC,SpocNTID,varchar
vw_MasterCompleteECLSPOC,Email,nvarchar
vw_MasterCompleteECLSPOC,ValidityStart,datetime
vw_MasterCompleteECLSPOC,ValidityEnd,datetime
vw_MasterCompleteECLSPOC,CreatedOn,datetimeoffset
vw_MasterCompleteECLSPOC,CreatedBy,nvarchar
vw_MasterCompleteECLSPOC,ModifiedOn,datetimeoffset
vw_MasterCompleteECLSPOC,ModifiedBy,nvarchar
vw_MasterCostCenter,Id,uniqueidentifier
vw_MasterCostCenter,ControllingArea,nvarchar
vw_MasterCostCenter,CostCenter,nvarchar
vw_MasterCostCenter,Name,nvarchar
vw_MasterCostCenter,Description,nvarchar
vw_MasterCostCenter,BusinessArea,nvarchar
vw_MasterCostCenter,CompanyID,uniqueidentifier
vw_MasterCostCenter,CompanyCode,nvarchar
vw_MasterCostCenter,DepartmentId,int
vw_MasterCostCenter,Department,nvarchar
vw_MasterCostCenter,SAPCreatedOn,datetime
vw_MasterCostCenter,ValidFrom,datetime2
vw_MasterCostCenter,ValidTo,datetime2
vw_MasterCostCenter,CreatedOn,datetimeoffset
vw_MasterCostCenter,CreatedBy,nvarchar
vw_MasterCostCenter,ModifiedOn,datetimeoffset
vw_MasterCostCenter,ModifiedBy,nvarchar
vw_MasterDeboardingSPOC,Id,uniqueidentifier
vw_MasterDeboardingSPOC,CompanyId,uniqueidentifier
vw_MasterDeboardingSPOC,CompanyCode,nvarchar
vw_MasterDeboardingSPOC,ShortName,nvarchar
vw_MasterDeboardingSPOC,CompanyName,nvarchar
vw_MasterDeboardingSPOC,PlantId,uniqueidentifier
vw_MasterDeboardingSPOC,PlantCode,nvarchar
vw_MasterDeboardingSPOC,PlantName,nvarchar
vw_MasterDeboardingSPOC,SpocName,nvarchar
vw_MasterDeboardingSPOC,SpocEmployeeNumber,nvarchar
vw_MasterDeboardingSPOC,SpocFullName,nvarchar
vw_MasterDeboardingSPOC,SpocNTID,varchar
vw_MasterDeboardingSPOC,Email,nvarchar
vw_MasterDeboardingSPOC,ValidityStart,datetime
vw_MasterDeboardingSPOC,ValidityEnd,datetime
vw_MasterDeboardingSPOC,CreatedOn,datetimeoffset
vw_MasterDeboardingSPOC,CreatedBy,nvarchar
vw_MasterDeboardingSPOC,ModifiedOn,datetimeoffset
vw_MasterDeboardingSPOC,ModifiedBy,nvarchar
vw_MasterDepartmentSPOC,DepartmentId,bigint
vw_MasterDepartmentSPOC,DepartmentName,nvarchar
vw_MasterDepartmentSPOC,Fullname,nvarchar
vw_MasterDepartmentSPOC,Ntid,varchar
vw_MasterDepartmentSPOC,SpocNTID,varchar
vw_MasterDepartmentSPOC,ValidityStart,datetime
vw_MasterDepartmentSPOC,ValidityEnd,datetime
vw_MasterDepartmentSPOC,SecretaryEno,nvarchar
vw_MasterDepartmentSPOC,SecretaryEmail,nvarchar
vw_MasterDepartmentSPOC,ActiveStatus,varchar
vw_MasterDepartmentSPOC,IsActive,bit
vw_MasterDepartmentSPOC,CreatedOn,datetimeoffset
vw_MasterDepartmentSPOC,CreatedBy,nvarchar
vw_MasterDepartmentSPOC,ModifiedOn,datetimeoffset
vw_MasterDepartmentSPOC,ModifiedBy,nvarchar
vw_MasterDepartmentSPOC,Id,uniqueidentifier
vw_MasterDepartmentSPOC,SpocName,nvarchar
vw_MasterDepartmentSPOC,CompanyId,uniqueidentifier
vw_MasterDepartmentSPOC,CompanyCode,nvarchar
vw_MasterDepartmentSPOC,CompanyShortName,nvarchar
vw_MasterDepartmentSPOC,CompanyFullName,nvarchar
vw_MasterEmployeeCardSPOC,Id,uniqueidentifier
vw_MasterEmployeeCardSPOC,CompanyId,uniqueidentifier
vw_MasterEmployeeCardSPOC,CompanyCode,nvarchar
vw_MasterEmployeeCardSPOC,ShortName,nvarchar
vw_MasterEmployeeCardSPOC,CompanyName,nvarchar
vw_MasterEmployeeCardSPOC,PlantId,uniqueidentifier
vw_MasterEmployeeCardSPOC,PlantCode,nvarchar
vw_MasterEmployeeCardSPOC,PlantName,nvarchar
vw_MasterEmployeeCardSPOC,SpocName,nvarchar
vw_MasterEmployeeCardSPOC,SpocEmployeeNumber,nvarchar
vw_MasterEmployeeCardSPOC,SpocFullName,nvarchar
vw_MasterEmployeeCardSPOC,SpocNTID,varchar
vw_MasterEmployeeCardSPOC,Email,nvarchar
vw_MasterEmployeeCardSPOC,ValidityStart,datetime
vw_MasterEmployeeCardSPOC,ValidityEnd,datetime
vw_MasterEmployeeCardSPOC,CreatedOn,datetimeoffset
vw_MasterEmployeeCardSPOC,CreatedBy,nvarchar
vw_MasterEmployeeCardSPOC,ModifiedOn,datetimeoffset
vw_MasterEmployeeCardSPOC,ModifiedBy,nvarchar
vw_MasterEmployeeCardSPOCResourceMasterData,PlantId,uniqueidentifier
vw_MasterEmployeeCardSPOCResourceMasterData,Email,nvarchar
vw_MasterEmployeeCardSPOCResourceMasterData,ValidityStart,datetime
vw_MasterEmployeeCardSPOCResourceMasterData,ValidityEnd,datetime
vw_MasterEmployees,CompanyCode,nvarchar
vw_MasterEmployees,CompanyShortName,nvarchar
vw_MasterEmployees,EmployeeNumber,bigint
vw_MasterEmployees,GlobalId,nvarchar
vw_MasterEmployees,Firstname,nvarchar
vw_MasterEmployees,Lastname,nvarchar
vw_MasterEmployees,Fullname,nvarchar
vw_MasterEmployees,EmploymentStatus,nvarchar
vw_MasterEmployees,EmployeeGroup,varchar
vw_MasterEmployees,EmployeeSubGroup,nvarchar
vw_MasterEmployees,BusinessArea,nvarchar
vw_MasterEmployees,PersonnelArea,nvarchar
vw_MasterEmployees,PersonnelSubArea,nvarchar
vw_MasterEmployees,OrganizationalUnit,nvarchar
vw_MasterEmployees,Name,nvarchar
vw_MasterEmployees,GenderKey,char
vw_MasterEmployees,DateOfJoining,datetime2
vw_MasterEmployees,ContEnd,datetime2
vw_MasterEmployees,Salarylevel,nvarchar
vw_MasterEmployees,ActiveStatus,varchar
vw_MasterEmployees,Position,varchar
vw_MasterEmployees,DateofLeaving,datetime2
vw_MasterEmployees,Ntid,varchar
vw_MasterEmployees,OrganizationName,nvarchar
vw_MasterEmployees,EmailOfficial,nvarchar
vw_MasterEmployees,ActionType,nvarchar
vw_MasterEmployees,ReasonforAction,nvarchar
vw_MasterEmployees,Changedby,nvarchar
vw_MasterEmployees,StartDate,datetime2
vw_MasterEmployees,HRLocal,nvarchar
vw_MasterEmployees,HRBPGlobalEmployeeID,nvarchar
vw_MasterEmployees,PersAdmin,nvarchar
vw_MasterEmployees,CountryofBirth,nvarchar
vw_MasterEmployees,Nationality,nvarchar
vw_MasterEmployees,AddressType,nvarchar
vw_MasterEmployees,StreetandHouseNo,nvarchar
vw_MasterEmployees,PostalCode,nvarchar
vw_MasterEmployees,District,nvarchar
vw_MasterEmployees,WardTown,nvarchar
vw_MasterEmployees,Region,nvarchar
vw_MasterEmployees,CountryKey,nvarchar
vw_MasterEmployees,TelephoneNumber,nvarchar
vw_MasterEmployees,Email,nvarchar
vw_MasterEmployees,NameOfManager,nvarchar
vw_MasterEmployees,CreatedOn,datetimeoffset
vw_MasterEmployees,CreatedBy,nvarchar
vw_MasterEmployees,ModifiedOn,datetimeoffset
vw_MasterEmployees,ModifiedBy,nvarchar
vw_MasterEmployees,Id,uniqueidentifier
vw_MasterEmployees,SectionId,bigint
vw_MasterEmployees,SectionName,nvarchar
vw_MasterEmployees,DepartmentId,bigint
vw_MasterEmployees,DepartmentName,nvarchar
vw_MasterEmployees,GroupId,bigint
vw_MasterEmployees,GroupName,nvarchar
vw_MasterEmployees,BUId,bigint
vw_MasterEmployees,BUName,nvarchar
vw_MasterEmployees,CostCenterId,uniqueidentifier
vw_MasterEmployees,CostCenterCode,nvarchar
vw_MasterEmployees,CompanyId,uniqueidentifier
vw_MasterEmployees,IsActive,bit
vw_MasterEmployeesMD,CompanyCode,nvarchar
vw_MasterEmployeesMD,CompanyShortName,nvarchar
vw_MasterEmployeesMD,EmployeeNumber,bigint
vw_MasterEmployeesMD,GlobalId,nvarchar
vw_MasterEmployeesMD,Firstname,nvarchar
vw_MasterEmployeesMD,Lastname,nvarchar
vw_MasterEmployeesMD,Fullname,nvarchar
vw_MasterEmployeesMD,EmploymentStatus,nvarchar
vw_MasterEmployeesMD,EmployeeGroup,varchar
vw_MasterEmployeesMD,EmployeeSubGroup,nvarchar
vw_MasterEmployeesMD,BusinessArea,nvarchar
vw_MasterEmployeesMD,PersonnelArea,nvarchar
vw_MasterEmployeesMD,PersonnelSubArea,nvarchar
vw_MasterEmployeesMD,OrganizationalUnit,nvarchar
vw_MasterEmployeesMD,Name,nvarchar
vw_MasterEmployeesMD,GenderKey,char
vw_MasterEmployeesMD,DateOfJoining,datetime2
vw_MasterEmployeesMD,ContEnd,datetime2
vw_MasterEmployeesMD,Salarylevel,nvarchar
vw_MasterEmployeesMD,ActiveStatus,varchar
vw_MasterEmployeesMD,Position,varchar
vw_MasterEmployeesMD,DateofLeaving,datetime2
vw_MasterEmployeesMD,Ntid,varchar
vw_MasterEmployeesMD,OrganizationName,nvarchar
vw_MasterEmployeesMD,EmailOfficial,nvarchar
vw_MasterEmployeesMD,ActionType,nvarchar
vw_MasterEmployeesMD,ReasonforAction,nvarchar
vw_MasterEmployeesMD,Changedby,nvarchar
vw_MasterEmployeesMD,StartDate,datetime2
vw_MasterEmployeesMD,HRLocal,nvarchar
vw_MasterEmployeesMD,HRBPGlobalEmployeeID,nvarchar
vw_MasterEmployeesMD,PersAdmin,nvarchar
vw_MasterEmployeesMD,CountryofBirth,nvarchar
vw_MasterEmployeesMD,Nationality,nvarchar
vw_MasterEmployeesMD,AddressType,nvarchar
vw_MasterEmployeesMD,StreetandHouseNo,nvarchar
vw_MasterEmployeesMD,PostalCode,nvarchar
vw_MasterEmployeesMD,District,nvarchar
vw_MasterEmployeesMD,WardTown,nvarchar
vw_MasterEmployeesMD,Region,nvarchar
vw_MasterEmployeesMD,CountryKey,nvarchar
vw_MasterEmployeesMD,TelephoneNumber,nvarchar
vw_MasterEmployeesMD,Email,nvarchar
vw_MasterEmployeesMD,NameOfManager,nvarchar
vw_MasterEmployeesMD,CreatedOn,datetimeoffset
vw_MasterEmployeesMD,CreatedBy,nvarchar
vw_MasterEmployeesMD,ModifiedOn,datetimeoffset
vw_MasterEmployeesMD,ModifiedBy,nvarchar
vw_MasterEmployeesMD,Id,uniqueidentifier
vw_MasterEmployeesMD,SectionId,bigint
vw_MasterEmployeesMD,SectionName,nvarchar
vw_MasterEmployeesMD,DepartmentId,bigint
vw_MasterEmployeesMD,DepartmentName,nvarchar
vw_MasterEmployeesMD,GroupId,bigint
vw_MasterEmployeesMD,GroupName,nvarchar
vw_MasterEmployeesMD,BUId,bigint
vw_MasterEmployeesMD,BUName,nvarchar
vw_MasterEmployeesMD,CostCenterId,uniqueidentifier
vw_MasterEmployeesMD,CostCenterCode,nvarchar
vw_MasterEmployeesMD,CompanyId,uniqueidentifier
vw_MasterEmployeesMD,IsActive,bit
vw_MasterFCMSecurity,Id,uniqueidentifier
vw_MasterFCMSecurity,CompanyId,uniqueidentifier
vw_MasterFCMSecurity,CompanyCode,nvarchar
vw_MasterFCMSecurity,ShortName,nvarchar
vw_MasterFCMSecurity,CompanyName,nvarchar
vw_MasterFCMSecurity,PlantId,uniqueidentifier
vw_MasterFCMSecurity,PlantCode,nvarchar
vw_MasterFCMSecurity,PlantName,nvarchar
vw_MasterFCMSecurity,SpocName,nvarchar
vw_MasterFCMSecurity,SpocEmployeeNumber,nvarchar
vw_MasterFCMSecurity,SpocFullName,nvarchar
vw_MasterFCMSecurity,SpocNTID,varchar
vw_MasterFCMSecurity,Email,nvarchar
vw_MasterFCMSecurity,ValidityStart,datetime
vw_MasterFCMSecurity,ValidityEnd,datetime
vw_MasterFCMSecurity,CreatedOn,datetimeoffset
vw_MasterFCMSecurity,CreatedBy,nvarchar
vw_MasterFCMSecurity,ModifiedOn,datetimeoffset
vw_MasterFCMSecurity,ModifiedBy,nvarchar
vw_MasterGBBusinessArea,CompanyCode,nvarchar
vw_MasterGBBusinessArea,CompanyShortName,nvarchar
vw_MasterGBBusinessArea,Currency,nvarchar
vw_MasterGBBusinessArea,PlantCurrency,uniqueidentifier
vw_MasterGBBusinessArea,GBCode,nvarchar
vw_MasterGBBusinessArea,GBDescription,nvarchar
vw_MasterGBBusinessArea,BusinessSector,nvarchar
vw_MasterGBBusinessArea,ActiveStatus,varchar
vw_MasterGBBusinessArea,ApprovalEno,nvarchar
vw_MasterGBBusinessArea,ApproverENo,nvarchar
vw_MasterGBBusinessArea,ApprovalName,nvarchar
vw_MasterGBBusinessArea,ApproverName,nvarchar
vw_MasterGBBusinessArea,ApprovalNtid,varchar
vw_MasterGBBusinessArea,ApproverNTID,varchar
vw_MasterGBBusinessArea,ApprovedBy,nvarchar
vw_MasterGBBusinessArea,ActionedBy,nvarchar
vw_MasterGBBusinessArea,ApprovedDate,datetime
vw_MasterGBBusinessArea,ActionedOn,datetime
vw_MasterGBBusinessArea,ApproveStatus,nvarchar
vw_MasterGBBusinessArea,ApprovalStatus,nvarchar
vw_MasterGBBusinessArea,CreatedOn,datetimeoffset
vw_MasterGBBusinessArea,CreatedBy,nvarchar
vw_MasterGBBusinessArea,ModifiedOn,datetimeoffset
vw_MasterGBBusinessArea,ModifiedBy,nvarchar
vw_MasterGBBusinessArea,Id,uniqueidentifier
vw_MasterGBBusinessArea,CompanyId,uniqueidentifier
vw_MasterGBBusinessArea,Remark,nvarchar
vw_MasterGcnSPOC,Id,uniqueidentifier
vw_MasterGcnSPOC,CompanyId,uniqueidentifier
vw_MasterGcnSPOC,CompanyCode,nvarchar
vw_MasterGcnSPOC,ShortName,nvarchar
vw_MasterGcnSPOC,CompanyName,nvarchar
vw_MasterGcnSPOC,PlantId,uniqueidentifier
vw_MasterGcnSPOC,PlantCode,nvarchar
vw_MasterGcnSPOC,PlantName,nvarchar
vw_MasterGcnSPOC,SpocName,nvarchar
vw_MasterGcnSPOC,SpocEmployeeNumber,nvarchar
vw_MasterGcnSPOC,SpocFullName,nvarchar
vw_MasterGcnSPOC,SpocNTID,varchar
vw_MasterGcnSPOC,Email,nvarchar
vw_MasterGcnSPOC,ValidityStart,datetime
vw_MasterGcnSPOC,ValidityEnd,datetime
vw_MasterGcnSPOC,CreatedOn,datetimeoffset
vw_MasterGcnSPOC,CreatedBy,nvarchar
vw_MasterGcnSPOC,ModifiedOn,datetimeoffset
vw_MasterGcnSPOC,ModifiedBy,nvarchar
vw_MasterHolidayCalendar,Id,uniqueidentifier
vw_MasterHolidayCalendar,CompanyId,uniqueidentifier
vw_MasterHolidayCalendar,CompanyCode,nvarchar
vw_MasterHolidayCalendar,CompanyName,nvarchar
vw_MasterHolidayCalendar,ShortName,nvarchar
vw_MasterHolidayCalendar,PlantId,uniqueidentifier
vw_MasterHolidayCalendar,PlantCode,nvarchar
vw_MasterHolidayCalendar,PlantName,nvarchar
vw_MasterHolidayCalendar,HolidayDate,datetime
vw_MasterHolidayCalendar,HolidayName,varchar
vw_MasterHolidayCalendar,CreatedOn,datetimeoffset
vw_MasterHolidayCalendar,CreatedBy,nvarchar
vw_MasterHolidayCalendar,ModifiedOn,datetimeoffset
vw_MasterHolidayCalendar,ModifiedBy,nvarchar
vw_MasterHrSPOC,Id,uniqueidentifier
vw_MasterHrSPOC,CompanyId,uniqueidentifier
vw_MasterHrSPOC,CompanyCode,nvarchar
vw_MasterHrSPOC,ShortName,nvarchar
vw_MasterHrSPOC,CompanyName,nvarchar
vw_MasterHrSPOC,PlantId,uniqueidentifier
vw_MasterHrSPOC,PlantCode,nvarchar
vw_MasterHrSPOC,PlantName,nvarchar
vw_MasterHrSPOC,SpocName,nvarchar
vw_MasterHrSPOC,SpocEmployeeNumber,nvarchar
vw_MasterHrSPOC,SpocFullName,nvarchar
vw_MasterHrSPOC,SpocNTID,varchar
vw_MasterHrSPOC,Email,nvarchar
vw_MasterHrSPOC,ValidityStart,datetime
vw_MasterHrSPOC,ValidityEnd,datetime
vw_MasterHrSPOC,CreatedOn,datetimeoffset
vw_MasterHrSPOC,CreatedBy,nvarchar
vw_MasterHrSPOC,ModifiedOn,datetimeoffset
vw_MasterHrSPOC,ModifiedBy,nvarchar
vw_MasterInvoice,InvoiceNumber,nvarchar
vw_MasterInvoice,InvoiceLineItem,int
vw_MasterInvoice,InvoiceQty,decimal
vw_MasterInvoice,Year,nvarchar
vw_MasterInvoice,PostingDate,datetime
vw_MasterInvoice,VendorSAPId,int
vw_MasterInvoice,VendorName,nvarchar
vw_MasterInvoice,VendorInvoiceNumber,nvarchar
vw_MasterInvoice,VendorInvoiceDate,datetime
vw_MasterInvoice,PurchaseOrder,nvarchar
vw_MasterInvoice,PurchaseOrderLineItem,int
vw_MasterInvoice,InvoiceValueByFC,decimal
vw_MasterInvoice,InvoiceValueByLC,decimal
vw_MasterInvoice,Currency,nvarchar
vw_MasterInvoice,DebitCreditTransaction,nvarchar
vw_MasterInvoice,Source,nvarchar
vw_MasterInvoice,CreatedOn,datetimeoffset
vw_MasterInvoice,CreatedBy,nvarchar
vw_MasterInvoice,ModifiedOn,datetimeoffset
vw_MasterInvoice,ModifiedBy,nvarchar
vw_MasterNTIDSPOC,Id,uniqueidentifier
vw_MasterNTIDSPOC,CompanyId,uniqueidentifier
vw_MasterNTIDSPOC,CompanyCode,nvarchar
vw_MasterNTIDSPOC,ShortName,nvarchar
vw_MasterNTIDSPOC,CompanyName,nvarchar
vw_MasterNTIDSPOC,PlantId,uniqueidentifier
vw_MasterNTIDSPOC,PlantCode,nvarchar
vw_MasterNTIDSPOC,PlantName,nvarchar
vw_MasterNTIDSPOC,SpocName,nvarchar
vw_MasterNTIDSPOC,SpocEmployeeNumber,nvarchar
vw_MasterNTIDSPOC,SpocFullName,nvarchar
vw_MasterNTIDSPOC,SpocNTID,varchar
vw_MasterNTIDSPOC,Email,nvarchar
vw_MasterNTIDSPOC,ValidityStart,datetime
vw_MasterNTIDSPOC,ValidityEnd,datetime
vw_MasterNTIDSPOC,CreatedOn,datetimeoffset
vw_MasterNTIDSPOC,CreatedBy,nvarchar
vw_MasterNTIDSPOC,ModifiedOn,datetimeoffset
vw_MasterNTIDSPOC,ModifiedBy,nvarchar
vw_MasterODC,Id,uniqueidentifier
vw_MasterODC,ODCID,nvarchar
vw_MasterODC,ODCName,nvarchar
vw_MasterODC,CompanyId,uniqueidentifier
vw_MasterODC,CompanyCode,nvarchar
vw_MasterODC,CompanyName,nvarchar
vw_MasterODC,ShortName,nvarchar
vw_MasterODC,PlantId,uniqueidentifier
vw_MasterODC,PlantCode,nvarchar
vw_MasterODC,PlantName,nvarchar
vw_MasterODC,VendorSAPID,int
vw_MasterODC,VendorName,nvarchar
vw_MasterODC,VendorId,uniqueidentifier
vw_MasterODC,ODCCostPerHeadCount,decimal
vw_MasterODC,ValidityStart,datetime
vw_MasterODC,ValidityEnd,datetime
vw_MasterODC,ActiveStatus,varchar
vw_MasterODC,IsActive,bit
vw_MasterODC,SequenceNumber,bigint
vw_MasterODC,IsDeleted,bit
vw_MasterODC,CreatedBy,varchar
vw_MasterODC,CreatedOn,datetime
vw_MasterODC,ModifiedBy,varchar
vw_MasterODC,ModifiedOn,datetime
vw_MasterPlant,PlantCode,nvarchar
vw_MasterPlant,Name,nvarchar
vw_MasterPlant,AddressStreet,nvarchar
vw_MasterPlant,City,nvarchar
vw_MasterPlant,ActiveStatus,varchar
vw_MasterPlant,State,nvarchar
vw_MasterPlant,Country,nvarchar
vw_MasterPlant,PostalCode,int
vw_MasterPlant,PlantCurrency,uniqueidentifier
vw_MasterPlant,CompanyId,uniqueidentifier
vw_MasterPlant,CreatedOn,datetimeoffset
vw_MasterPlant,CreatedBy,nvarchar
vw_MasterPlant,ModifiedOn,datetimeoffset
vw_MasterPlant,ModifiedBy,nvarchar
vw_MasterPlant,Id,uniqueidentifier
vw_MasterPlant,CompanyCode,nvarchar
vw_MasterPlant,Currency,nvarchar
vw_MasterPlant,BusinessAreaId,uniqueidentifier
vw_MasterPlant,BusinessArea,nvarchar
vw_MasterPlant,JoiningLocationId,uniqueidentifier
vw_MasterPlant,JoiningLocation,nvarchar
vw_MasterPlant,IsBusinessArea,bit
vw_MasterPlant,PersonnelSubArea,nvarchar
vw_MasterPMO,CompanyCode,nvarchar
vw_MasterPMO,CompanyFullName,nvarchar
vw_MasterPMO,ValidityStart,datetime
vw_MasterPMO,ValidityEnd,datetime
vw_MasterPMO,ConversionHour,decimal
vw_MasterPMO,CreatedOn,datetimeoffset
vw_MasterPMO,CreatedBy,nvarchar
vw_MasterPMO,ModifiedOn,datetimeoffset
vw_MasterPMO,ModifiedBy,nvarchar
vw_MasterPMO,CompanyId,uniqueidentifier
vw_MasterPMO,Id,uniqueidentifier
vw_MasterPMO,ConversionDays,int
vw_MasterPMOSecretary,DepartmentId,bigint
vw_MasterPMOSecretary,DepartmentName,nvarchar
vw_MasterPMOSecretary,PMOSecretary,nvarchar
vw_MasterPMOSecretary,NTID,varchar
vw_MasterPMOSecretary,ValidityStart,datetime
vw_MasterPMOSecretary,ValidityEnd,datetime
vw_MasterPMOSecretary,ActiveStatus,varchar
vw_MasterPMOSecretary,IsActive,bit
vw_MasterPMOSecretary,CreatedOn,datetimeoffset
vw_MasterPMOSecretary,CreatedBy,nvarchar
vw_MasterPMOSecretary,ModifiedOn,datetimeoffset
vw_MasterPMOSecretary,ModifiedBy,nvarchar
vw_MasterPMOSecretary,Id,uniqueidentifier
vw_MasterPMOSecretary,SpocName,nvarchar
vw_MasterPMOSecretary,CompanyCode,nvarchar
vw_MasterPMOSecretary,CompanyId,uniqueidentifier
vw_MasterPMOSecretary,CompanyFullName,nvarchar
vw_MasterPMOSecretary,CompanyShortName,nvarchar
vw_MasterPurchaseHeader,Id,uniqueidentifier
vw_MasterPurchaseHeader,Ponumber,nvarchar
vw_MasterPurchaseHeader,PurchasingDocumentType,nvarchar
vw_MasterPurchaseHeader,DocumentDate,datetime
vw_MasterPurchaseHeader,LastItem,nvarchar
vw_MasterPurchaseHeader,ValidityStart,datetime2
vw_MasterPurchaseHeader,ValidityEnd,datetime2
vw_MasterPurchaseHeader,TermsofPayment,nvarchar
vw_MasterPurchaseHeader,PaymentIn,nvarchar
vw_MasterPurchaseHeader,PurchasingOrganization,nvarchar
vw_MasterPurchaseHeader,PurchasingGroup,nvarchar
vw_MasterPurchaseHeader,YourReference,nvarchar
vw_MasterPurchaseHeader,Requisitioner,nvarchar
vw_MasterPurchaseHeader,Email,nvarchar
vw_MasterPurchaseHeader,Incomplete,nvarchar
vw_MasterPurchaseHeader,CategoryofIncompleteness,nvarchar
vw_MasterPurchaseHeader,Source,nvarchar
vw_MasterPurchaseHeader,CreatedOn,datetimeoffset
vw_MasterPurchaseHeader,CreatedBy,nvarchar
vw_MasterPurchaseHeader,ModifiedOn,datetimeoffset
vw_MasterPurchaseHeader,ModifiedBy,nvarchar
vw_MasterPurchaseHeader,Version,timestamp
vw_MasterPurchaseHeader,ExchangeRate,bigint
vw_MasterPurchaseHeader,CompanyId,uniqueidentifier
vw_MasterPurchaseHeader,CompanyCode,nvarchar
vw_MasterPurchaseHeader,VendorId,uniqueidentifier
vw_MasterPurchaseHeader,VendorSAPID,int
vw_MasterPurchaseHeader,CurrencyId,uniqueidentifier
vw_MasterPurchaseHeader,Currency,nvarchar
vw_MasterPurchaseHeader,VendorName,nvarchar
vw_MasterPurchaseHeader,SAPCreatedBy,nvarchar
vw_MasterPurchaseHeader,NetOrderValue,decimal
vw_MasterPurchaseLineItems,Id,uniqueidentifier
vw_MasterPurchaseLineItems,PurchaseID,nvarchar
vw_MasterPurchaseLineItems,PONumber,nvarchar
vw_MasterPurchaseLineItems,Lineitem,int
vw_MasterPurchaseLineItems,DeletionIndicator,nvarchar
vw_MasterPurchaseLineItems,DeliveryDate,datetime
vw_MasterPurchaseLineItems,AccountAssignment,nvarchar
vw_MasterPurchaseLineItems,Material,nvarchar
vw_MasterPurchaseLineItems,MaterialDescription,nvarchar
vw_MasterPurchaseLineItems,Quantity,decimal
vw_MasterPurchaseLineItems,UOM,nvarchar
vw_MasterPurchaseLineItems,OrderCurrency,nvarchar
vw_MasterPurchaseLineItems,ExchangeRate,decimal
vw_MasterPurchaseLineItems,NetOrderPrice,decimal
vw_MasterPurchaseLineItems,NetOrderValue,decimal
vw_MasterPurchaseLineItems,PONetOrderValue,decimal
vw_MasterPurchaseLineItems,PlantId,uniqueidentifier
vw_MasterPurchaseLineItems,PlantCode,nvarchar
vw_MasterPurchaseLineItems,PlantName,nvarchar
vw_MasterPurchaseLineItems,MaterialGroup,nvarchar
vw_MasterPurchaseLineItems,VendorId,uniqueidentifier
vw_MasterPurchaseLineItems,VendorName,nvarchar
vw_MasterPurchaseLineItems,VendorSAPID,nvarchar
vw_MasterPurchaseLineItems,ValidityStart,datetime2
vw_MasterPurchaseLineItems,ValidityEnd,datetime2
vw_MasterPurchaseLineItems,SRMPONumber,bigint
vw_MasterPurchaseLineItems,Requisitioner,nvarchar
vw_MasterPurchaseLineItems,RequisitionerEmail,nvarchar
vw_MasterPurchaseLineItems,CostCenterId,uniqueidentifier
vw_MasterPurchaseLineItems,CostCenterCode,nvarchar
vw_MasterPurchaseLineItems,CostCenterName,nvarchar
vw_MasterPurchaseLineItems,WBSId,uniqueidentifier
vw_MasterPurchaseLineItems,WBSElement,nvarchar
vw_MasterPurchaseLineItems,Fund,nvarchar
vw_MasterPurchaseLineItems,FundCenterId,uniqueidentifier
vw_MasterPurchaseLineItems,FundCenterCode,nvarchar
vw_MasterPurchaseLineItems,FundCenterName,nvarchar
vw_MasterPurchaseLineItems,BudgetCode,nvarchar
vw_MasterPurchaseLineItems,Source,nvarchar
vw_MasterPurchaseLineItems,CreatedOn,datetimeoffset
vw_MasterPurchaseLineItems,CreatedBy,nvarchar
vw_MasterPurchaseLineItems,ModifiedOn,datetimeoffset
vw_MasterPurchaseLineItems,ModifiedBy,nvarchar
vw_MasterPurchaseLineItems,SAPCreatedOn,datetime2
vw_MasterPurchaseLineItems,ChangedOn,datetime2
vw_MasterPurchaseLineItems,CompanyCode,nvarchar
vw_MasterPurchaseLineItemsGroup,PONumber,nvarchar
vw_MasterPurchaseLineItemsGroup,VendorId,uniqueidentifier
vw_MasterPurchaseLineItemsGroup,VendorName,nvarchar
vw_MasterPurchaseLineItemsGroup,VendorSAPID,nvarchar
vw_MasterPurchaseLineItemsGroup,LocationId,uniqueidentifier
vw_MasterPurchaseLineItemsGroup,Location,nvarchar
vw_MasterPurchaseLineItemsGroup,PlantCode,nvarchar
vw_MasterPurchaseLineItemsGroup,CreatedOn,datetime2
vw_MasterPurchaseLineItemsGroup,ModifiedOn,datetime2
vw_MasterPurchaseLineItemsGroup,DeliveryDate,datetime
vw_MasterPurchaseLineItemsGroup,ValidityStart,datetime2
vw_MasterPurchaseLineItemsGroup,ValidityEnd,datetime2
vw_MasterPurchaseLineItemsGroup,FundCenterId,uniqueidentifier
vw_MasterPurchaseLineItemsGroup,FundCenterName,nvarchar
vw_MasterPurchaseLineItemsGroup,FundCenterCode,nvarchar
vw_MasterPurchaseLineItemsGroup,CostCenterId,uniqueidentifier
vw_MasterPurchaseLineItemsGroup,CostCenterName,nvarchar
vw_MasterPurchaseLineItemsGroup,Fund,nvarchar
vw_MasterPurchaseLineItemsGroup,BudgetCode,nvarchar
vw_MasterPurchaseLineItemsGroup,OrderCurrency,nvarchar
vw_MasterPurchaseLineItemsGroup,POValue,decimal
vw_MasterPurchaseLineItemsGroup,ChangedOn,datetime2
vw_MasterSapIdmSPOC,Id,uniqueidentifier
vw_MasterSapIdmSPOC,CompanyId,uniqueidentifier
vw_MasterSapIdmSPOC,CompanyCode,nvarchar
vw_MasterSapIdmSPOC,ShortName,nvarchar
vw_MasterSapIdmSPOC,CompanyName,nvarchar
vw_MasterSapIdmSPOC,PlantId,uniqueidentifier
vw_MasterSapIdmSPOC,PlantCode,nvarchar
vw_MasterSapIdmSPOC,PlantName,nvarchar
vw_MasterSapIdmSPOC,SpocName,nvarchar
vw_MasterSapIdmSPOC,SpocEmployeeNumber,nvarchar
vw_MasterSapIdmSPOC,SpocFullName,nvarchar
vw_MasterSapIdmSPOC,SpocNTID,varchar
vw_MasterSapIdmSPOC,Email,nvarchar
vw_MasterSapIdmSPOC,ValidityStart,datetime
vw_MasterSapIdmSPOC,ValidityEnd,datetime
vw_MasterSapIdmSPOC,CreatedOn,datetimeoffset
vw_MasterSapIdmSPOC,CreatedBy,nvarchar
vw_MasterSapIdmSPOC,ModifiedOn,datetimeoffset
vw_MasterSapIdmSPOC,ModifiedBy,nvarchar
vw_MasterSectionSPOC,SectionId,bigint
vw_MasterSectionSPOC,SectionName,nvarchar
vw_MasterSectionSPOC,SpocName,nvarchar
vw_MasterSectionSPOC,SpocFullName,nvarchar
vw_MasterSectionSPOC,Ntid,varchar
vw_MasterSectionSPOC,SpocNTID,varchar
vw_MasterSectionSPOC,Email,nvarchar
vw_MasterSectionSPOC,ValidityStart,datetime
vw_MasterSectionSPOC,ValidityEnd,datetime
vw_MasterSectionSPOC,ActiveStatus,varchar
vw_MasterSectionSPOC,ApproveStatus,nvarchar
vw_MasterSectionSPOC,ApprovalStatus,nvarchar
vw_MasterSectionSPOC,ApprovalEno,nvarchar
vw_MasterSectionSPOC,ApproverENo,nvarchar
vw_MasterSectionSPOC,ApprovalName,nvarchar
vw_MasterSectionSPOC,ApproverName,nvarchar
vw_MasterSectionSPOC,ApprovalNtid,varchar
vw_MasterSectionSPOC,ApproverNTID,varchar
vw_MasterSectionSPOC,ApprovedBy,nvarchar
vw_MasterSectionSPOC,ActionedBy,nvarchar
vw_MasterSectionSPOC,ApprovedDate,datetime
vw_MasterSectionSPOC,ActionedOn,datetime
vw_MasterSectionSPOC,Remark,nvarchar
vw_MasterSectionSPOC,CreatedOn,datetimeoffset
vw_MasterSectionSPOC,CreatedBy,nvarchar
vw_MasterSectionSPOC,ModifiedOn,datetimeoffset
vw_MasterSectionSPOC,ModifiedBy,nvarchar
vw_MasterSectionSPOC,Id,uniqueidentifier
vw_MasterSectionSPOC,IsActive,bit
vw_MasterSectionSPOC,CompanyId,uniqueidentifier
vw_MasterSectionSPOC,CompanyCode,nvarchar
vw_MasterSectionSPOC,CompanyShortName,nvarchar
vw_MasterSectionSPOC,CompanyFullName,nvarchar
vw_MasterSkillset,SkillsetCode,bigint
vw_MasterSkillset,SkillsetName,nvarchar
vw_MasterSkillset,ClassificationName,nvarchar
vw_MasterSkillset,ClusterCode,nvarchar
vw_MasterSkillset,ClusterName,nvarchar
vw_MasterSkillset,ActiveStatus,varchar
vw_MasterSkillset,CreatedOn,datetimeoffset
vw_MasterSkillset,CreatedBy,nvarchar
vw_MasterSkillset,ModifiedOn,datetimeoffset
vw_MasterSkillset,ModifiedBy,nvarchar
vw_MasterSkillset,EnricoCode,nvarchar
vw_MasterSkillset,Imported,varchar
vw_MasterSkillset,Id,uniqueidentifier
vw_MasterSkillset,ClusterId,uniqueidentifier
vw_MasterSkillset,ClassificationId,uniqueidentifier
vw_MasterSkillset,IsActive,bit
vw_MasterSRNInvoiceSPOC,Id,uniqueidentifier
vw_MasterSRNInvoiceSPOC,CompanyId,uniqueidentifier
vw_MasterSRNInvoiceSPOC,CompanyCode,nvarchar
vw_MasterSRNInvoiceSPOC,ShortName,nvarchar
vw_MasterSRNInvoiceSPOC,CompanyName,nvarchar
vw_MasterSRNInvoiceSPOC,SpocName,nvarchar
vw_MasterSRNInvoiceSPOC,SpocEmployeeNumber,nvarchar
vw_MasterSRNInvoiceSPOC,SpocFullName,nvarchar
vw_MasterSRNInvoiceSPOC,SpocNTID,varchar
vw_MasterSRNInvoiceSPOC,Email,nvarchar
vw_MasterSRNInvoiceSPOC,ProxySpocEmployeeNumber,nvarchar
vw_MasterSRNInvoiceSPOC,ProxySpocName,nvarchar
vw_MasterSRNInvoiceSPOC,ProxyFullName,nvarchar
vw_MasterSRNInvoiceSPOC,ProxyNTID,varchar
vw_MasterSRNInvoiceSPOC,ProxyEmail,nvarchar
vw_MasterSRNInvoiceSPOC,ValidityStart,datetime
vw_MasterSRNInvoiceSPOC,ValidityEnd,datetime
vw_MasterSRNInvoiceSPOC,CreatedOn,datetimeoffset
vw_MasterSRNInvoiceSPOC,CreatedBy,nvarchar
vw_MasterSRNInvoiceSPOC,ModifiedOn,datetimeoffset
vw_MasterSRNInvoiceSPOC,ModifiedBy,nvarchar
vw_MasterStandardCost,CompanyCode,nvarchar
vw_MasterStandardCost,BUName,nvarchar
vw_MasterStandardCost,StandardCostValue,decimal
vw_MasterStandardCost,CostDifference,bigint
vw_MasterStandardCost,ValidityStart,datetime
vw_MasterStandardCost,ValidityEnd,datetime
vw_MasterStandardCost,Currency,nvarchar
vw_MasterStandardCost,PlantCurrency,uniqueidentifier
vw_MasterStandardCost,CreatedOn,datetimeoffset
vw_MasterStandardCost,CreatedBy,nvarchar
vw_MasterStandardCost,ModifiedOn,datetimeoffset
vw_MasterStandardCost,ModifiedBy,nvarchar
vw_MasterStandardCost,CompanyId,uniqueidentifier
vw_MasterStandardCost,Id,uniqueidentifier
vw_MasterStandardCost,BuId,bigint
vw_MasterTargetSaving,CompanyCode,nvarchar
vw_MasterTargetSaving,Currency,nvarchar
vw_MasterTargetSaving,TargetSaving,decimal
vw_MasterTargetSaving,ValidityStart,datetime
vw_MasterTargetSaving,ValidityEnd,datetime
vw_MasterTargetSaving,ApprovalEno,nvarchar
vw_MasterTargetSaving,ApproverENo,nvarchar
vw_MasterTargetSaving,ApprovalName,nvarchar
vw_MasterTargetSaving,ApproverName,nvarchar
vw_MasterTargetSaving,ApprovalNtid,varchar
vw_MasterTargetSaving,ApproverNTID,varchar
vw_MasterTargetSaving,ApproveStatus,nvarchar
vw_MasterTargetSaving,ApprovalStatus,nvarchar
vw_MasterTargetSaving,Remark,nvarchar
vw_MasterTargetSaving,ApprovedBy,nvarchar
vw_MasterTargetSaving,ActionedBy,nvarchar
vw_MasterTargetSaving,ApprovedDate,datetime
vw_MasterTargetSaving,ActionedOn,datetime
vw_MasterTargetSaving,Id,uniqueidentifier
vw_MasterTargetSaving,CompanyId,uniqueidentifier
vw_MasterTargetSaving,CreatedOn,datetimeoffset
vw_MasterTargetSaving,CreatedBy,nvarchar
vw_MasterTargetSaving,ModifiedOn,datetimeoffset
vw_MasterTargetSaving,PlantCurrency,uniqueidentifier
vw_MasterTargetSaving,ModifiedBy,nvarchar
vw_MasterTransportSPOC,Id,uniqueidentifier
vw_MasterTransportSPOC,CompanyId,uniqueidentifier
vw_MasterTransportSPOC,CompanyCode,nvarchar
vw_MasterTransportSPOC,ShortName,nvarchar
vw_MasterTransportSPOC,CompanyName,nvarchar
vw_MasterTransportSPOC,PlantId,uniqueidentifier
vw_MasterTransportSPOC,PlantCode,nvarchar
vw_MasterTransportSPOC,PlantName,nvarchar
vw_MasterTransportSPOC,SpocName,nvarchar
vw_MasterTransportSPOC,SpocEmployeeNumber,nvarchar
vw_MasterTransportSPOC,SpocFullName,nvarchar
vw_MasterTransportSPOC,SpocNTID,varchar
vw_MasterTransportSPOC,Email,nvarchar
vw_MasterTransportSPOC,ValidityStart,datetime
vw_MasterTransportSPOC,ValidityEnd,datetime
vw_MasterTransportSPOC,CreatedOn,datetimeoffset
vw_MasterTransportSPOC,CreatedBy,nvarchar
vw_MasterTransportSPOC,ModifiedOn,datetimeoffset
vw_MasterTransportSPOC,ModifiedBy,nvarchar
vw_MasterVendor,CompanyCode,nvarchar
vw_MasterVendor,VendorSAPID,int
vw_MasterVendor,VendorName,nvarchar
vw_MasterVendor,AddressStreet,nvarchar
vw_MasterVendor,City,nvarchar
vw_MasterVendor,BusinessSupport,nvarchar
vw_MasterVendor,SubcontractAllowed,nvarchar
vw_MasterVendor,DomainID,nvarchar
vw_MasterVendor,Classification,nvarchar
vw_MasterVendor,VendorType,nvarchar
vw_MasterVendor,ParentVendor,nvarchar
vw_MasterVendor,ParentVendorSAPId,int
vw_MasterVendor,ParentVendorId,uniqueidentifier
vw_MasterVendor,Currency,nvarchar
vw_MasterVendor,Region,nvarchar
vw_MasterVendor,Country,nvarchar
vw_MasterVendor,ActiveStatus,varchar
vw_MasterVendor,IsActive,bit
vw_MasterVendor,CreatedBy,nvarchar
vw_MasterVendor,CreatedOn,datetimeoffset
vw_MasterVendor,ModifiedBy,nvarchar
vw_MasterVendor,ModifiedOn,datetimeoffset
vw_MasterVendor,StatusID,uniqueidentifier
vw_MasterVendor,CompanyId,uniqueidentifier
vw_MasterVendor,Id,uniqueidentifier
vw_MasterVendor,VendorCurrencyId,uniqueidentifier
vw_MasterVendor,VendorTypeID,uniqueidentifier
vw_MasterVendor,BusinessSupportID,uniqueidentifier
vw_MasterVendor,ClassificationID,uniqueidentifier
vw_MasterVendor,PrimaryContactName,nvarchar
vw_MasterVendor,PrimaryCountryCode,nvarchar
vw_MasterVendor,PrimaryContactMobile,nvarchar
vw_MasterVendor,PrimaryContactEmail,nvarchar
vw_MasterVendor,PrimaryNote,nvarchar
vw_MasterVendor,PrimaryDesignation,nvarchar
vw_MasterVendorContactDetails,ContactType,varchar
vw_MasterVendorContactDetails,ContactName,nvarchar
vw_MasterVendorContactDetails,Email,nvarchar
vw_MasterVendorContactDetails,CountryCode,nvarchar
vw_MasterVendorContactDetails,Mobile,nvarchar
vw_MasterVendorContactDetails,Designation,nvarchar
vw_MasterVendorContactDetails,DomainResponsibility,nvarchar
vw_MasterVendorContactDetails,EscalateLevel,uniqueidentifier
vw_MasterVendorContactDetails,Escalate,nvarchar
vw_MasterVendorContactDetails,PrimaryContact,bit
vw_MasterVendorContactDetails,status,bit
vw_MasterVendorContactDetails,Note,nvarchar
vw_MasterVendorContactDetails,VendorSAPID,int
vw_MasterVendorContactDetails,VendorName,nvarchar
vw_MasterVendorContactDetails,CompanyCode,nvarchar
vw_MasterVendorContactDetails,CreatedOn,datetimeoffset
vw_MasterVendorContactDetails,CreatedBy,nvarchar
vw_MasterVendorContactDetails,ModifiedOn,datetimeoffset
vw_MasterVendorContactDetails,ModifiedBy,nvarchar
vw_MasterVendorContactDetails,Id,uniqueidentifier
vw_MasterVendorContactDetails,VendorId,uniqueidentifier
vw_MasterVendorContactDetails,ContactTypeId,int
vw_MasterVendorRateCard,CompanyCode,nvarchar
vw_MasterVendorRateCard,VendorName,nvarchar
vw_MasterVendorRateCard,VendorSAPID,int
vw_MasterVendorRateCard,Vendor SAP ID,int
vw_MasterVendorRateCard,SkillsetName,nvarchar
vw_MasterVendorRateCard,LocationMode,nvarchar
vw_MasterVendorRateCard,Grade0,decimal
vw_MasterVendorRateCard,Grade1,decimal
vw_MasterVendorRateCard,Grade2,decimal
vw_MasterVendorRateCard,Grade3,decimal
vw_MasterVendorRateCard,Grade4,decimal
vw_MasterVendorRateCard,ValidityStart,datetime
vw_MasterVendorRateCard,ValidityEnd,datetime
vw_MasterVendorRateCard,Currency,nvarchar
vw_MasterVendorRateCard,PlantCurrency,uniqueidentifier
vw_MasterVendorRateCard,Remark,nvarchar
vw_MasterVendorRateCard,ApprovedBy,nvarchar
vw_MasterVendorRateCard,ActionedBy,nvarchar
vw_MasterVendorRateCard,ApprovedDate,datetime
vw_MasterVendorRateCard,ActionedOn,datetime
vw_MasterVendorRateCard,ApproveStatus,nvarchar
vw_MasterVendorRateCard,ApprovalStatus,nvarchar
vw_MasterVendorRateCard,ActiveStatus,varchar
vw_MasterVendorRateCard,ApprovalEno,nvarchar
vw_MasterVendorRateCard,ApproverENo,nvarchar
vw_MasterVendorRateCard,ApprovalName,nvarchar
vw_MasterVendorRateCard,ApproverName,nvarchar
vw_MasterVendorRateCard,ApprovalNtid,varchar
vw_MasterVendorRateCard,ApproverNTID,varchar
vw_MasterVendorRateCard,CreatedOn,datetimeoffset
vw_MasterVendorRateCard,CreatedBy,nvarchar
vw_MasterVendorRateCard,ModifiedOn,datetimeoffset
vw_MasterVendorRateCard,ModifiedBy,nvarchar
vw_MasterVendorRateCard,Id,uniqueidentifier
vw_MasterVendorRateCard,SkillsetId,uniqueidentifier
vw_MasterVendorRateCard,CompanyId,uniqueidentifier
vw_MasterVendorRateCard,VendorId,uniqueidentifier
vw_MasterVendorRateCard,IsActive,bit
vw_MasterVendorRateCard,LocationId,varchar
vw_MasterVendorRateCard,CurrencyId,uniqueidentifier
vw_MasterVendorRateCard,BusinessSupport,nvarchar
vw_MasterVendorRateCard,BusinessSupportID,uniqueidentifier
vw_MasterVendorRateCardPivot,skillsetId,uniqueidentifier
vw_MasterVendorRateCardPivot,VendorId,uniqueidentifier
vw_MasterVendorRateCardPivot,VendorSAPID,int
vw_MasterVendorRateCardPivot,LocationModeId,varchar
vw_MasterVendorRateCardPivot,LocationMode,nvarchar
vw_MasterVendorRateCardPivot,GradeId,uniqueidentifier
vw_MasterVendorRateCardPivot,GradePrice,decimal
vw_MasterVendorRateCardPivot,GradeType,nvarchar
vw_MasterVendorRateCardPivot,SkillType,varchar
vw_MasterVendorRateCardPivot,CompanyCode,nvarchar
vw_MasterVendorRateCardPivot,CompanyId,uniqueidentifier
vw_MasterVendorRateCardPivot,BusinessSupport,nvarchar
vw_MasterVendorRateCardPivot,BusinessSupportID,uniqueidentifier
vw_MasterVendorRateCardPivot,VendorName,nvarchar
vw_MasterVendorRateCardView,CompanyCode,nvarchar
vw_MasterVendorRateCardView,VendorName,nvarchar
vw_MasterVendorRateCardView,VendorSAPID,int
vw_MasterVendorRateCardView,Vendor SAP ID,int
vw_MasterVendorRateCardView,SkillsetName,nvarchar
vw_MasterVendorRateCardView,LocationMode,nvarchar
vw_MasterVendorRateCardView,Grade0,varchar
vw_MasterVendorRateCardView,Grade1,varchar
vw_MasterVendorRateCardView,Grade2,varchar
vw_MasterVendorRateCardView,Grade3,varchar
vw_MasterVendorRateCardView,Grade4,varchar
vw_MasterVendorRateCardView,ValidityStart,datetime
vw_MasterVendorRateCardView,ValidityEnd,datetime
vw_MasterVendorRateCardView,Currency,nvarchar
vw_MasterVendorRateCardView,PlantCurrency,uniqueidentifier
vw_MasterVendorRateCardView,Remark,nvarchar
vw_MasterVendorRateCardView,ApprovedBy,nvarchar
vw_MasterVendorRateCardView,ActionedBy,nvarchar
vw_MasterVendorRateCardView,ApprovedDate,datetime
vw_MasterVendorRateCardView,ActionedOn,datetime
vw_MasterVendorRateCardView,ApproveStatus,nvarchar
vw_MasterVendorRateCardView,ApprovalStatus,nvarchar
vw_MasterVendorRateCardView,ActiveStatus,varchar
vw_MasterVendorRateCardView,ApprovalEno,nvarchar
vw_MasterVendorRateCardView,ApproverENo,nvarchar
vw_MasterVendorRateCardView,ApprovalName,nvarchar
vw_MasterVendorRateCardView,ApproverName,nvarchar
vw_MasterVendorRateCardView,ApprovalNtid,varchar
vw_MasterVendorRateCardView,ApproverNTID,varchar
vw_MasterVendorRateCardView,CreatedOn,datetimeoffset
vw_MasterVendorRateCardView,CreatedBy,nvarchar
vw_MasterVendorRateCardView,ModifiedOn,datetimeoffset
vw_MasterVendorRateCardView,ModifiedBy,nvarchar
vw_MasterVendorRateCardView,Id,uniqueidentifier
vw_MasterVendorRateCardView,SkillsetId,uniqueidentifier
vw_MasterVendorRateCardView,CompanyId,uniqueidentifier
vw_MasterVendorRateCardView,VendorId,uniqueidentifier
vw_MasterVendorRateCardView,IsActive,bit
vw_MasterVendorRateCardView,LocationId,varchar
vw_MasterVendorRateCardView,CurrencyId,uniqueidentifier
vw_MasterVendorRateCardView,BusinessSupport,nvarchar
vw_MasterVendorRateCardView,BusinessSupportID,uniqueidentifier
vw_MasterVendorSkillset,CompanyCode,nvarchar
vw_MasterVendorSkillset,VendorName,nvarchar
vw_MasterVendorSkillset,VendorSAPID,int
vw_MasterVendorSkillset,Vendor SAP ID,int
vw_MasterVendorSkillset,SkillsetName,nvarchar
vw_MasterVendorSkillset,LocationMode,nvarchar
vw_MasterVendorSkillset,Grade0,nvarchar
vw_MasterVendorSkillset,Grade1,nvarchar
vw_MasterVendorSkillset,Grade2,nvarchar
vw_MasterVendorSkillset,Grade3,nvarchar
vw_MasterVendorSkillset,Grade4,nvarchar
vw_MasterVendorSkillset,ValidityStart,datetime
vw_MasterVendorSkillset,ValidityEnd,datetime
vw_MasterVendorSkillset,Currency,nvarchar
vw_MasterVendorSkillset,PlantCurrency,uniqueidentifier
vw_MasterVendorSkillset,Remark,nvarchar
vw_MasterVendorSkillset,ApprovedBy,nvarchar
vw_MasterVendorSkillset,ActionedBy,nvarchar
vw_MasterVendorSkillset,ApprovedDate,datetime
vw_MasterVendorSkillset,ActionedOn,datetime
vw_MasterVendorSkillset,ApproveStatus,nvarchar
vw_MasterVendorSkillset,ApprovalStatus,nvarchar
vw_MasterVendorSkillset,ActiveStatus,varchar
vw_MasterVendorSkillset,ApprovalEno,nvarchar
vw_MasterVendorSkillset,ApproverENo,nvarchar
vw_MasterVendorSkillset,ApprovalName,nvarchar
vw_MasterVendorSkillset,ApproverName,nvarchar
vw_MasterVendorSkillset,ApprovalNtid,varchar
vw_MasterVendorSkillset,ApproverNTID,varchar
vw_MasterVendorSkillset,CreatedOn,datetimeoffset
vw_MasterVendorSkillset,CreatedBy,nvarchar
vw_MasterVendorSkillset,ModifiedOn,datetimeoffset
vw_MasterVendorSkillset,ModifiedBy,nvarchar
vw_MasterVendorSkillset,Id,uniqueidentifier
vw_MasterVendorSkillset,SkillsetId,uniqueidentifier
vw_MasterVendorSkillset,CompanyId,uniqueidentifier
vw_MasterVendorSkillset,VendorId,uniqueidentifier
vw_MasterVendorSkillset,IsActive,bit
vw_MasterVendorSkillset,LocationId,varchar
vw_MasterVendorSkillset,CurrencyId,uniqueidentifier
vw_MasterVendorSkillset,BusinessSupport,nvarchar
vw_MasterVendorSkillset,BusinessSupportID,uniqueidentifier
vw_MasterVendorSkillsetCardPivot,skillsetId,uniqueidentifier
vw_MasterVendorSkillsetCardPivot,VendorId,uniqueidentifier
vw_MasterVendorSkillsetCardPivot,VendorSAPID,int
vw_MasterVendorSkillsetCardPivot,LocationModeId,varchar
vw_MasterVendorSkillsetCardPivot,LocationMode,nvarchar
vw_MasterVendorSkillsetCardPivot,GradeId,uniqueidentifier
vw_MasterVendorSkillsetCardPivot,GradePrice,nvarchar
vw_MasterVendorSkillsetCardPivot,GradeType,nvarchar
vw_MasterVendorSkillsetCardPivot,SkillType,varchar
vw_MasterVendorSkillsetCardPivot,CompanyCode,nvarchar
vw_MasterVendorSkillsetCardPivot,CompanyId,uniqueidentifier
vw_MasterVendorSkillsetCardPivot,BusinessSupport,nvarchar
vw_MasterVendorSkillsetCardPivot,BusinessSupportID,uniqueidentifier
vw_MasterVendorSkillsetCardPivot,VendorName,nvarchar
vw_NativeReport_DemandFF_Filters,TechnicalProposalNumber,varchar
vw_NativeReport_DemandFF_Filters,VendorName,nvarchar
vw_NativeReport_DemandFF_Filters,VendorEmail,nvarchar
vw_NativeReport_DemandFF_Filters,vendorSAPID,int
vw_NativeReport_DemandFF_Filters,VendorId,uniqueidentifier
vw_NativeReport_DemandFF_Filters,LocationMode,nvarchar
vw_NativeReport_DemandFF_Filters,ProjectOrg,nvarchar
vw_NativeReport_DemandFF_Filters,PersonalArea,nvarchar
vw_NativeReport_DemandFF_Filters,ResourceOnboardCompleted,varchar
vw_NativeReport_DemandFF_Filters,ReplacementOrder,varchar
vw_NativeReport_DemandFF_Filters,PartnerProgramManagerNtid,varchar
vw_NativeReport_DemandFF_Filters,DHNtid,varchar
vw_NativeReport_DemandFF_Filters,BuSpocNtid,varchar
vw_NativeReport_DemandFF_Filters,PMOSecretaryNtid,varchar
vw_NativeReport_DemandFF_Filters,SectionSpocNtid,varchar
vw_NativeReport_DemandFF_Filters,stpCreatedBy,nvarchar
vw_NativeReport_DemandFF_Filters,FirstApproverNtid,varchar
vw_NativeReport_DemandFF_Filters,CreatedOn,date
vw_NativeReport_DemandFF_Filters,DeliveryManagerNTID,varchar
vw_NativeReport_DemandFF_Filters,PatnerProgramManager,nvarchar
vw_NativeReport_DemandFF_Filters,SoWCreatedBy,nvarchar
vw_NativeReport_DemandFF_Filters,MasterSectionSpocNtid,varchar
vw_NativeReport_DemandFF_Filters,MasterDepartmentSpocNtid,varchar
vw_NativeReport_DemandFF_Filters,CompanyId,uniqueidentifier
vw_NativeReport_DemandFF_Filters,CompanyCode,nvarchar
vw_NativeReport_SRN_TNM,SRNMonth,nvarchar
vw_NativeReport_SRN_TNM,SRNNumber,varchar
vw_NativeReport_SRN_TNM,SowJdNumber,varchar
vw_NativeReport_SRN_TNM,TechnicalProposalNumber,varchar
vw_NativeReport_SRN_TNM,StatusId,int
vw_NativeReport_SRN_TNM,StatusName,varchar
vw_NativeReport_SRN_TNM,ResourceNumber,nvarchar
vw_NativeReport_SRN_TNM,ResourceName,nvarchar
vw_NativeReport_SRN_TNM,ResourceNTID,varchar
vw_NativeReport_SRN_TNM,ResourceGroup,nvarchar
vw_NativeReport_SRN_TNM,CostCenter,nvarchar
vw_NativeReport_SRN_TNM,SowJdType,nvarchar
vw_NativeReport_SRN_TNM,OutSourcingType,nvarchar
vw_NativeReport_SRN_TNM,SkillSetName,varchar
vw_NativeReport_SRN_TNM,GradeName,varchar
vw_NativeReport_SRN_TNM,DeliveryManagerName,nvarchar
vw_NativeReport_SRN_TNM,DeliveryManagerNTID,varchar
vw_NativeReport_SRN_TNM,DeliveryManagerEmail,nvarchar
vw_NativeReport_SRN_TNM,PartnerProgramManagerName,nvarchar
vw_NativeReport_SRN_TNM,PartnerProgramManagerNTID,varchar
vw_NativeReport_SRN_TNM,PartnerProgramManagerEmail,nvarchar
vw_NativeReport_SRN_TNM,VendorSAPID,int
vw_NativeReport_SRN_TNM,VendorName,nvarchar
vw_NativeReport_SRN_TNM,PONumber,nvarchar
vw_NativeReport_SRN_TNM,PurchaseOrderLineIteam,int
vw_NativeReport_SRN_TNM,UOM,nvarchar
vw_NativeReport_SRN_TNM,ResourceNonAvailability,nvarchar
vw_NativeReport_SRN_TNM,WorkingDays,nvarchar
vw_NativeReport_SRN_TNM,WorkingHours,nvarchar
vw_NativeReport_SRN_TNM,EffortPMO,nvarchar
vw_NativeReport_SRN_TNM,Cost,nvarchar
vw_NativeReport_SRN_TNM,Price,nvarchar
vw_NativeReport_SRN_TNM,TotalPOValue,nvarchar
vw_NativeReport_SRN_TNM,SRNBlockedValue,nvarchar
vw_NativeReport_SRN_TNM,PoBalance,nvarchar
vw_NativeReport_SRN_TNM,SRNBlockedQuantity,nvarchar
vw_NativeReport_SRN_TNM,BalanceQuantity,nvarchar
vw_NativeReport_SRN_TNM,CreatedOn,date
vw_NativeReport_SRN_TNM,ResourceDateOfJoining,date
vw_NativeReport_SRN_TNM,ResourceContractEndDate,date
vw_NativeReport_SRN_TNM,VendorId,uniqueidentifier
vw_NativeReport_SRN_TNM,Id,uniqueidentifier
vw_NativeReport_SRN_TNM,SoWJdCreatedBy,nvarchar
vw_NativeReport_SRN_TNM,SoWSecSpoc,varchar
vw_NativeReport_SRN_TNM,sowjdRecordOwner,varchar
vw_NativeReport_SRN_TNM,SoWDH,varchar
vw_NativeReport_SRN_TNM,SoWBuSpoc,varchar
vw_NativeReport_SRN_TNM,srnRecordOwner,varchar
vw_NativeReport_SRN_TNM,PMOSecretarySpoc,varchar
vw_NativeReport_SRN_TNM,TpRecordOwner,varchar
vw_NativeReport_SRN_TNM,ApprovalSecSpoc,varchar
vw_NativeReport_SRN_TNM,ApprovalDM,varchar
vw_NativeReport_SRN_TNM,ManagedCapacity,nvarchar
vw_NativeReport_SRN_TNM,LastUpdatedBy,nvarchar
vw_NativeReport_SRN_TNM,LastUpdatedOn,date
vw_NativeReport_SRN_TNM,PeriodStart,datetime
vw_NativeReport_SRN_TNM,SoWCreatedBy,nvarchar
vw_NativeReport_SRN_TNM,MasterSectionSpocNtid,varchar
vw_NativeReport_SRN_TNM,MasterDepartmentSpocNtid,varchar
vw_NativeReport_SRN_TNM,CompanyId,uniqueidentifier
vw_NativeReport_SRN_TNM,CompanyCode,nvarchar
vw_NativeReport_SRN_WP,SRNMonth,nvarchar
vw_NativeReport_SRN_WP,SRN_ID,uniqueidentifier
vw_NativeReport_SRN_WP,TechnicalProposal_ID,uniqueidentifier
vw_NativeReport_SRN_WP,SRNNumber,varchar
vw_NativeReport_SRN_WP,TechnicalProposalNumber,varchar
vw_NativeReport_SRN_WP,SowJdNumber,varchar
vw_NativeReport_SRN_WP,TP_Workpackage_ID,uniqueidentifier
vw_NativeReport_SRN_WP,NoofActivityDelivered,decimal
vw_NativeReport_SRN_WP,Cost,decimal
vw_NativeReport_SRN_WP,Price,decimal
vw_NativeReport_SRN_WP,ProjectName,varchar
vw_NativeReport_SRN_WP,NoofActivityPlanned,int
vw_NativeReport_SRN_WP,EstimationPerActivity,decimal
vw_NativeReport_SRN_WP,SkillSetName,varchar
vw_NativeReport_SRN_WP,GradeName,varchar
vw_NativeReport_SRN_WP,PoLineItemId,uniqueidentifier
vw_NativeReport_SRN_WP,PoNumber,varchar
vw_NativeReport_SRN_WP,SRNBlockedValue,decimal
vw_NativeReport_SRN_WP,TotalPoValue,decimal
vw_NativeReport_SRN_WP,totalWorkPackageCost,decimal
vw_NativeReport_SRN_WP,CreatedOn,date
vw_NativeReport_SRN_WP,SRNStatusID,int
vw_NativeReport_SRN_WP,status,varchar
vw_NativeReport_SRN_WP,CostCenter,nvarchar
vw_NativeReport_SRN_WP,GroupName,nvarchar
vw_NativeReport_SRN_WP,DeliveryManager,nvarchar
vw_NativeReport_SRN_WP,DeliveryManagerNTID,varchar
vw_NativeReport_SRN_WP,DeliveryManagerEmail,nvarchar
vw_NativeReport_SRN_WP,ApprovalDM,varchar
vw_NativeReport_SRN_WP,PartnerProgramManagerName,nvarchar
vw_NativeReport_SRN_WP,PartnerProgramManagerNtid,varchar
vw_NativeReport_SRN_WP,PartnerProgramManagerEmail,nvarchar
vw_NativeReport_SRN_WP,SowJdType,nvarchar
vw_NativeReport_SRN_WP,OutSourcingType,nvarchar
vw_NativeReport_SRN_WP,VendorName,nvarchar
vw_NativeReport_SRN_WP,VendorSAPID,int
vw_NativeReport_SRN_WP,VendorId,uniqueidentifier
vw_NativeReport_SRN_WP,YTD,decimal
vw_NativeReport_SRN_WP,PoBalance,nvarchar
vw_NativeReport_SRN_WP,SoWJdCreatedBy,nvarchar
vw_NativeReport_SRN_WP,SoWSecSpoc,varchar
vw_NativeReport_SRN_WP,sowjdRecordOwner,varchar
vw_NativeReport_SRN_WP,SoWDH,varchar
vw_NativeReport_SRN_WP,SoWBuSpoc,varchar
vw_NativeReport_SRN_WP,srnRecordOwner,varchar
vw_NativeReport_SRN_WP,PMOSecretarySpoc,varchar
vw_NativeReport_SRN_WP,TpRecordOwner,varchar
vw_NativeReport_SRN_WP,ApprovalSecSpoc,varchar
vw_NativeReport_SRN_WP,LastUpdatedBy,nvarchar
vw_NativeReport_SRN_WP,LastUpdatedOn,date
vw_NativeReport_SRN_WP,PeriodStart,datetime
vw_NativeReport_SRN_WP,SoWCreatedBy,nvarchar
vw_NativeReport_SRN_WP,MasterSectionSpocNtid,varchar
vw_NativeReport_SRN_WP,MasterDepartmentSpocNtid,varchar
vw_NativeReport_SRN_WP,CompanyId,uniqueidentifier
vw_NativeReport_SRN_WP,CompanyCode,nvarchar
vw_NativeReport_SRN_WP,NoActivitiesYTD,decimal
vw_OrgData,GroupId,int
vw_OrgData,GroupCode,int
vw_OrgData,GroupName,nvarchar
vw_OrgData,GroupMgrEno,int
vw_OrgData,GroupMgrName,nvarchar
vw_OrgData,GroupMgrEmail,nvarchar
vw_OrgData,DepartmentId,bigint
vw_OrgData,DepartmentCode,bigint
vw_OrgData,DepartmentName,nvarchar
vw_OrgData,DepartmentHeadEno,int
vw_OrgData,DepartmentHeadName,nvarchar
vw_OrgData,DepartmentHeadEmail,nvarchar
vw_OrgData,SectionCode,int
vw_OrgData,SectionName,nvarchar
vw_OrgData,SectionHeadEno,int
vw_OrgData,SectionHeadName,nvarchar
vw_OrgData,SectionHeadEmail,nvarchar
vw_OrgData,BuId,int
vw_OrgData,BUCode,int
vw_OrgData,BUName,nvarchar
vw_OrgData,BUHeadEno,int
vw_OrgData,BUHeadName,nvarchar
vw_OrgData,BUHeadEmail,nvarchar
vw_OrgData,SectionId,int
vw_OrgData,CompanyCode,nvarchar
vw_OrgData,Id,uniqueidentifier
vw_OrgData,ActiveStatus,varchar
vw_OrgData,IsActive,bit
vw_OrgData,CreatedOn,datetimeoffset
vw_OrgData,CreatedBy,nvarchar
vw_OrgData,ModifiedOn,datetimeoffset
vw_OrgData,ModifiedBy,nvarchar
vw_OrgData,CompanyId,uniqueidentifier
vw_planningpurchaseorders,Id,uniqueidentifier
vw_planningpurchaseorders,ponumber,nvarchar
vw_planningpurchaseorders,organizationunitid,int
vw_planningpurchaseorders,cfcycleyear,int
vw_planningpurchaseorders,VendorId,uniqueidentifier
vw_planningpurchaseorders,VendorName,nvarchar
vw_planningpurchaseorders,VendorSAPID,nvarchar
vw_planningpurchaseorders,LocationId,uniqueidentifier
vw_planningpurchaseorders,Location,nvarchar
vw_planningpurchaseorders,poLocationName,nvarchar
vw_planningpurchaseorders,poLocationNameId,uniqueidentifier
vw_planningpurchaseorders,CreatedOn,datetimeoffset
vw_planningpurchaseorders,ModifiedOn,datetimeoffset
vw_planningpurchaseorders,DeliveryDate,datetime
vw_planningpurchaseorders,ValidityStart,datetime2
vw_planningpurchaseorders,ValidityEnd,datetime2
vw_planningpurchaseorders,FundCenterId,uniqueidentifier
vw_planningpurchaseorders,FundCenterName,nvarchar
vw_planningpurchaseorders,CostCenterId,uniqueidentifier
vw_planningpurchaseorders,CostCenterName,nvarchar
vw_planningpurchaseorders,Fund,nvarchar
vw_planningpurchaseorders,BudgetCode,nvarchar
vw_planningpurchaseorders,OrderCurrency,nvarchar
vw_planningpurchaseorders,POValue,decimal
vw_planningpurchaseorders,IsDeleted,bit
vw_planningpurchaseorders,CompanyId,uniqueidentifier
vw_planningpurchaseorders,CompanyName,nvarchar
vw_PlanningResourcesDepartmentLoad,SkillsetId,uniqueidentifier
vw_PlanningResourcesDepartmentLoad,Skillset,nvarchar
vw_PlanningResourcesDepartmentLoad,GradeId,uniqueidentifier
vw_PlanningResourcesDepartmentLoad,Grade,nvarchar
vw_PlanningResourcesDepartmentLoad,LocationModeId,int
vw_PlanningResourcesDepartmentLoad,LocationMode,nvarchar
vw_PlanningResourcesDepartmentLoad,Vendor,nvarchar
vw_PlanningResourcesDepartmentLoad,CompanyId,uniqueidentifier
vw_PlanningResourcesDepartmentLoad,VendorId,uniqueidentifier
vw_PlanningResourcesDepartmentLoad,GBId,uniqueidentifier
vw_PlanningResourcesDepartmentLoad,GB,nvarchar
vw_PlanningResourcesDepartmentLoad,VKMPrice,int
vw_PlanningResourcesDepartmentLoad,SkillsetType,varchar
vw_PlanningResourcesDepartmentLoad,RateCardPrice,decimal
vw_PlanningResourcesDepartmentLoad,NonRateCardPrice,decimal
vw_PlanningResourcesDepartmentLoad,Price,decimal
vw_PlanningResourcesDepartmentLoad,EndingNumber,int
vw_PlanningResourcesDepartmentLoad,TotalEquivalentCapacity,int
vw_PlanningResourcesDepartmentLoad,TotalProjectedPO,decimal
vw_PlanningResourcesDepartmentLoad,TotalProjectedRevenue,int
vw_PlanningResourcesDepartmentLoad,IsImported,int
vw_PlanningResourcesDepartmentLoad,CreatedBy,varchar
vw_PlanningResourcesDepartmentLoad,DepartmentId,bigint
vw_PlanningResourcesDepartmentLoad,LocationId,uniqueidentifier
vw_PlanningResourcesDepartmentLoad,Location,nvarchar
vw_PlanningResourcesSectionLoad,SkillsetId,uniqueidentifier
vw_PlanningResourcesSectionLoad,Skillset,nvarchar
vw_PlanningResourcesSectionLoad,GradeId,uniqueidentifier
vw_PlanningResourcesSectionLoad,Grade,nvarchar
vw_PlanningResourcesSectionLoad,LocationModeId,int
vw_PlanningResourcesSectionLoad,LocationMode,nvarchar
vw_PlanningResourcesSectionLoad,Vendor,nvarchar
vw_PlanningResourcesSectionLoad,VendorId,uniqueidentifier
vw_PlanningResourcesSectionLoad,CompanyId,uniqueidentifier
vw_PlanningResourcesSectionLoad,GBId,uniqueidentifier
vw_PlanningResourcesSectionLoad,GB,nvarchar
vw_PlanningResourcesSectionLoad,VKMPrice,int
vw_PlanningResourcesSectionLoad,SkillsetType,varchar
vw_PlanningResourcesSectionLoad,RateCardPrice,decimal
vw_PlanningResourcesSectionLoad,NonRateCardPrice,decimal
vw_PlanningResourcesSectionLoad,Price,decimal
vw_PlanningResourcesSectionLoad,EndingNumber,int
vw_PlanningResourcesSectionLoad,TotalEquivalentCapacity,int
vw_PlanningResourcesSectionLoad,TotalProjectedPO,decimal
vw_PlanningResourcesSectionLoad,TotalProjectedRevenue,int
vw_PlanningResourcesSectionLoad,IsImported,int
vw_PlanningResourcesSectionLoad,CreatedBy,varchar
vw_PlanningResourcesSectionLoad,SectionId,bigint
vw_PlanningResourcesSectionLoad,LocationId,uniqueidentifier
vw_PlanningResourcesSectionLoad,Location,nvarchar
vw_ProjectXCompetencyActive,SkillsetId,uniqueidentifier
vw_ProjectXCompetencyActive,GradeId,uniqueidentifier
vw_ProjectXCompetencyActive,LocationModeId,int
vw_ProjectXCompetencyActive,EmployeeNumber,bigint
vw_ProjectXCompetencyActive,gbId,uniqueidentifier
vw_ProjectXCompetencyActive,PlantId,uniqueidentifier
vw_Redlake_SRN_Details,BILLING_MONTH,nvarchar
vw_Redlake_SRN_Details,FROM_DATE,datetime
vw_Redlake_SRN_Details,TO_DATE,datetime
vw_Redlake_SRN_Details,PO_TYPE,nvarchar
vw_Redlake_SRN_Details,SECTION_SPOC_NTID,varchar
vw_Redlake_SRN_Details,SECTION_SPOC_FIRSTNAME,nvarchar
vw_Redlake_SRN_Details,SECTION_SPOC_LASTNAME,nvarchar
vw_Redlake_SRN_Details,SECTION_SPOC_FULLNAME,nvarchar
vw_Redlake_SRN_Details,SECTION_SPOC_EMAIL,nvarchar
vw_Redlake_SRN_Details,FIRST_LEVEL_APPROVER_FIRSTNAME,nvarchar
vw_Redlake_SRN_Details,FIRST_LEVEL_APPROVER_LASTNAME,nvarchar
vw_Redlake_SRN_Details,FIRST_LEVEL_APPROVER_FULLNAME,nvarchar
vw_Redlake_SRN_Details,FIRST_LEVEL_APPROVER_EMAIL,nvarchar
vw_Redlake_SRN_Details,ApprovalSecSpoc,varchar
vw_Redlake_SRN_Details,SKILLSET,varchar
vw_Redlake_SRN_Details,SOW_JD_ID,varchar
vw_Redlake_SRN_Details,EMPLOYEE_NUMBER,nvarchar
vw_Redlake_SRN_Details,EMPLOYEE_NAME_TITLE,nvarchar
vw_Redlake_SRN_Details,EMPLOYEE_NAME_FirstName,nvarchar
vw_Redlake_SRN_Details,EMPLOYEE_NAME_LastName,nvarchar
vw_Redlake_SRN_Details,GRADE,varchar
vw_Redlake_SRN_Details,RESOURCE_COST,decimal
vw_Redlake_SRN_Details,SRN_NUMBER,varchar
vw_Redlake_SRN_Details,INVOICE_NUMBER,varchar
vw_Redlake_SRN_Details,EFFORT_PMO,decimal
vw_Redlake_SRN_Details,EFFORT_HOURS,decimal
vw_Redlake_SRN_Details,PONumber,nvarchar
vw_Redlake_SRN_Details,PRICE,decimal
vw_Redlake_SRN_Details,SRN_VALUE,decimal
vw_Redlake_SRN_Details,STATUS,varchar
vw_Redlake_SRN_Details,SRN_SUBMISSION_DATE,datetimeoffset
vw_Redlake_SRN_Details,VENDOR_Name,nvarchar
vw_Redlake_SRN_Details,Outsourcing_Mode,nvarchar
vw_Redlake_SRN_Details,Location_Mode,nvarchar
vw_Redlake_SRN_Details,CustomerType,varchar
vw_Redlake_SRN_Details,GroupObjectID,bigint
vw_Redlake_SRN_Details,CompanyCode,nvarchar
vw_ResourceCommercialActive,employeenumber,bigint
vw_ResourceCommercialActive,vendorid,uniqueidentifier
vw_ResourceFilters,Id,varchar
vw_ResourceFilters,Name,nvarchar
vw_ResourceFilters,Group,varchar
vw_ResourceOrgDataActive,SectionId,bigint
vw_ResourceOrgDataActive,EmployeeNumber,bigint
vw_ResourceOrgDataActive,BuId,bigint
vw_ResourceOrgDataActive,DepartmentId,bigint
vw_RM_AccessoriesSPOCDetails,PlantId,uniqueidentifier
vw_RM_AccessoriesSPOCDetails,Email,nvarchar
vw_RM_AccessoriesSPOCDetails,ValidityStart,datetime
vw_RM_AccessoriesSPOCDetails,ValidityEnd,datetime
vw_RM_AssetSPOCDetails,PlantId,uniqueidentifier
vw_RM_AssetSPOCDetails,Email,nvarchar
vw_RM_AssetSPOCDetails,ValidityStart,datetime
vw_RM_AssetSPOCDetails,ValidityEnd,datetime
vw_RM_BuSPOCDetails,BuId,bigint
vw_RM_BuSPOCDetails,SpocFullName,nvarchar
vw_RM_BuSPOCDetails,Ntid,varchar
vw_RM_BuSPOCDetails,SpocName,nvarchar
vw_RM_BuSPOCDetails,Email,nvarchar
vw_RM_BuSPOCDetails,ValidityStart,datetime
vw_RM_BuSPOCDetails,ValidityEnd,datetime
vw_RM_BuSPOCDetails,CompanyId,uniqueidentifier
vw_RM_DB_SOWJD,Id,uniqueidentifier
vw_RM_DB_SOWJD,SowJdNumber,varchar
vw_RM_DB_SOWJD,Group,varchar
vw_RM_DB_SOWJD,CreatedBy,nvarchar
vw_RM_DB_SOWJD,ModifiedBy,varchar
vw_RM_DB_SOWJD,CreatedOn,datetime
vw_RM_DB_SOWJD,ModifiedOn,datetime
vw_RM_DB_SOWJD,RecordOwner,varchar
vw_RM_DB_SOWJD,BUSpoc,nvarchar
vw_RM_DB_SOWJD,BuHot,nvarchar
vw_RM_DB_SOWJD,groupId,int
vw_RM_DB_SOWJD,DH,varchar
vw_RM_DB_SOWJD,SecSpoc,varchar
vw_RM_DB_SOWJD,CompanyId,uniqueidentifier
vw_RM_DB_SOWJD,BuSpocNTID,varchar
vw_RM_DB_SOWJD,PMOSecretarySpoc,varchar
vw_RM_DB_SOWJD,GroupName,nvarchar
vw_RM_DB_SOWJD,DepartmentName,nvarchar
vw_RM_DB_SOWJD,BUName,nvarchar
vw_RM_DB_SOWJD,BUHeadName,nvarchar
vw_RM_DB_SOWJD,CompanyCode,nvarchar
vw_RM_DB_SOWJD,ActiveStatus,varchar
vw_RM_DeboardingSPOCDetails,PlantId,uniqueidentifier
vw_RM_DeboardingSPOCDetails,Email,nvarchar
vw_RM_DeboardingSPOCDetails,ValidityStart,datetime
vw_RM_DeboardingSPOCDetails,ValidityEnd,datetime
vw_RM_EmployeeCardSPOCDetails,PlantId,uniqueidentifier
vw_RM_EmployeeCardSPOCDetails,Email,nvarchar
vw_RM_EmployeeCardSPOCDetails,ValidityStart,datetime
vw_RM_EmployeeCardSPOCDetails,ValidityEnd,datetime
vw_RM_MasterGBBusinessArea,CompanyCode,nvarchar
vw_RM_MasterGBBusinessArea,GBCode,nvarchar
vw_RM_MasterGBBusinessArea,GBDescription,nvarchar
vw_RM_MasterGBBusinessArea,Id,uniqueidentifier
vw_RM_MasterGBBusinessArea,CompanyId,uniqueidentifier
vw_RM_NTIDSPOCDetails,PlantId,uniqueidentifier
vw_RM_NTIDSPOCDetails,Email,nvarchar
vw_RM_NTIDSPOCDetails,ValidityStart,datetime
vw_RM_NTIDSPOCDetails,ValidityEnd,datetime
vw_RM_OrgDataDetails,GroupId,int
vw_RM_OrgDataDetails,DepartmentName,nvarchar
vw_RM_OrgDataDetails,SectionName,nvarchar
vw_RM_OrgDataDetails,GroupName,nvarchar
vw_RM_OrgDataDetails,BUName,nvarchar
vw_RM_SapIdmSPOCDetails,PlantId,uniqueidentifier
vw_RM_SapIdmSPOCDetails,Email,nvarchar
vw_RM_SapIdmSPOCDetails,ValidityStart,datetime
vw_RM_SapIdmSPOCDetails,ValidityEnd,datetime
vw_RM_SectionSPOCDetails,SectionId,bigint
vw_RM_SectionSPOCDetails,SpocFullName,nvarchar
vw_RM_SectionSPOCDetails,Ntid,varchar
vw_RM_SectionSPOCDetails,Email,nvarchar
vw_RM_SectionSPOCDetails,ValidityStart,datetime
vw_RM_SectionSPOCDetails,ValidityEnd,datetime
vw_RM_TransportSPOCDetails,PlantId,uniqueidentifier
vw_RM_TransportSPOCDetails,Email,nvarchar
vw_RM_TransportSPOCDetails,ValidityStart,datetime
vw_RM_TransportSPOCDetails,ValidityEnd,datetime
vw_Sections,SectionId,int
vw_Sections,SectionName,nvarchar
vw_SOWJD,Id,uniqueidentifier
vw_SOWJD,CompanyId,uniqueidentifier
vw_SOWJD,CurrentYear,int
vw_SOWJD,SowJdNumber,varchar
vw_SOWJD,SowJdTypeId,uniqueidentifier
vw_SOWJD,Description,varchar
vw_SOWJD,CustomerTypeId,uniqueidentifier
vw_SOWJD,CustomerName,varchar
vw_SOWJD,WbsId,uniqueidentifier
vw_SOWJD,InternalResourceCheckdone,smallint
vw_SOWJD,IsCustomerApprovalAvailable,smallint
vw_SOWJD,IsprojectGDPRRelevant,smallint
vw_SOWJD,IsStandardGPAIsSufficient,smallint
vw_SOWJD,C2PAgreement,smallint
vw_SOWJD,IsResourceAugmentationNeedExtensionOfC2P,smallint
vw_SOWJD,C2PDocumentPrepared,smallint
vw_SOWJD,OutSourcingTypeId,uniqueidentifier
vw_SOWJD,StartDate,datetime
vw_SOWJD,EndDate,datetime
vw_SOWJD,PlantId,uniqueidentifier
vw_SOWJD,BudgetCodeId,uniqueidentifier
vw_SOWJD,MaterialGroupId,uniqueidentifier
vw_SOWJD,FundId,uniqueidentifier
vw_SOWJD,FundCenterId,uniqueidentifier
vw_SOWJD,ProjectedPoValue,decimal
vw_SOWJD,Status,int
vw_SOWJD,CurrencyTypeId,uniqueidentifier
vw_SOWJD,Group,varchar
vw_SOWJD,Section,varchar
vw_SOWJD,Department,varchar
vw_SOWJD,CreatedBy,nvarchar
vw_SOWJD,ModifiedBy,varchar
vw_SOWJD,CreatedOn,datetime
vw_SOWJD,ModifiedOn,datetime
vw_SOWJD,Id_Identity,int
vw_SOWJD,remarks,varchar
vw_SOWJD,CostCenter,uniqueidentifier
vw_SOWJD,DMRemarks,varchar
vw_SOWJD,LocationModeId,int
vw_SOWJD,RecordOwner,varchar
vw_SOWJD,BUSpoc,nvarchar
vw_SOWJD,BuHot,nvarchar
vw_SOWJD,groupId,int
vw_SOWJD,SowjdReference,uniqueidentifier
vw_SOWJD,L1DeligationCount,int
vw_SOWJD,L2DeligationCount,int
vw_SOWJD,isRepeatOutsourcing,nvarchar
vw_SOWJD,DH,varchar
vw_SOWJD,actulSecSpoc,varchar
vw_SOWJD,SectionId,bigint
vw_SOWJD,SecSpocFullName,nvarchar
vw_SOWJD,BuSpocNTID,varchar
vw_SOWJD,BuId,bigint
vw_SOWJD,buSpocFullName,nvarchar
vw_SOWJD,SecSpoc,varchar
vw_SOWJD,secSpocEmpNumber,nvarchar
vw_SOWJD,DepartmentHeadNtid,varchar
vw_SOWJD,DepartmentHeadEmpNumber,bigint
vw_SOWJD,PMOSecretarySpoc,varchar
vw_SowJD_ChangeManagement_GetAll,Id,uniqueidentifier
vw_SowJD_ChangeManagement_GetAll,SoW_JD_ID,uniqueidentifier
vw_SowJD_ChangeManagement_GetAll,SoWJD_CR_Number,nvarchar
vw_SowJD_ChangeManagement_GetAll,SelectedChangeTypeId,int
vw_SowJD_ChangeManagement_GetAll,ChangeTypeName,nvarchar
vw_SowJD_ChangeManagement_GetAll,BillingMonthId,uniqueidentifier
vw_SowJD_ChangeManagement_GetAll,BillingMonth,nvarchar
vw_SowJD_ChangeManagement_GetAll,EffectiveDate,date
vw_SowJD_ChangeManagement_GetAll,GroupId,bigint
vw_SowJD_ChangeManagement_GetAll,GroupName,nvarchar
vw_SowJD_ChangeManagement_GetAll,BUName,nvarchar
vw_SowJD_ChangeManagement_GetAll,SectionName,nvarchar
vw_SowJD_ChangeManagement_GetAll,DepartmentName,nvarchar
vw_SowJD_ChangeManagement_GetAll,CostCenterId,uniqueidentifier
vw_SowJD_ChangeManagement_GetAll,CostCenter,nvarchar
vw_SowJD_ChangeManagement_GetAll,ProjectEndDate,date
vw_SowJD_ChangeManagement_GetAll,SoWCrStatusId,int
vw_SowJD_ChangeManagement_GetAll,SowJdCrStatus,nvarchar
vw_SowJD_ChangeManagement_GetAll,FirstLevelDelegateCount,int
vw_SowJD_ChangeManagement_GetAll,SecondLevelDelegateCount,int
vw_SowJD_ChangeManagement_GetAll,FirstLevelApprovalEmpNumber,bigint
vw_SowJD_ChangeManagement_GetAll,FirstLevelApprovalName,nvarchar
vw_SowJD_ChangeManagement_GetAll,FirstLevelApprovalNTId,varchar
vw_SowJD_ChangeManagement_GetAll,SecondLevelApprovalEmpNumber,bigint
vw_SowJD_ChangeManagement_GetAll,SecondLevelApprovalName,nvarchar
vw_SowJD_ChangeManagement_GetAll,SecondLevelApprovalNTId,varchar
vw_SowJD_ChangeManagement_GetAll,RecordOwnerEmpNumber,bigint
vw_SowJD_ChangeManagement_GetAll,RecordOwnerNTId,varchar
vw_SowJD_ChangeManagement_GetAll,RecordOwnerName,nvarchar
vw_SowJD_ChangeManagement_GetAll,IsSecondLevelApprovalRequired,bit
vw_SowJD_ChangeManagement_GetAll,CreatedOn,datetimeoffset
vw_SowJD_ChangeManagement_GetAll,CreatedBy,nvarchar
vw_SowJD_ChangeManagement_GetAll,CreatedByName,nvarchar
vw_SowJD_ChangeManagement_GetAll,ModifiedOn,datetimeoffset
vw_SowJD_ChangeManagement_GetAll,ModifiedBy,nvarchar
vw_SowJD_ChangeManagement_GetAll,sjdCreatedBy,nvarchar
vw_SowJD_ChangeManagement_GetAll,sjdDH,varchar
vw_SowJD_ChangeManagement_GetAll,sjdSecSpoc,varchar
vw_SowJD_ChangeManagement_GetAll,sjdSecSpocEmpNumber,nvarchar
vw_SowJD_ChangeManagement_GetAll,sjdRecordOwner,varchar
vw_SowJD_ChangeManagement_GetAll,sjdPMOSecretarySpoc,varchar
vw_SowJD_ChangeManagement_GetAll,SowCreatedByNtid,varchar
vw_SowJD_ChangeManagement_GetAll,SowCreatedByFullname,nvarchar
vw_SowJD_ChangeManagement_GetAll,SowRecordOwnerNtid,varchar
vw_SowJD_ChangeManagement_GetAll,SowRecordOwnerFullname,nvarchar
vw_SowJD_ChangeManagement_GetAll,PlantCode,nvarchar
vw_SowJD_ChangeManagement_GetAll,PlantName,nvarchar
vw_SowJD_ChangeManagement_GetAll,ChangeManagementPMOSecretarySpoc,varchar
vw_SowJD_ChangeManagement_GetAll,ChangeManagementBuSpocNTID,varchar
vw_SowJD_ChangeManagement_GetAll,ChangeManagementSecSpoc,varchar
vw_SowJD_ChangeManagement_GetAll,ChangeManagementDH,varchar
vw_SowJD_ChangeManagement_GetAll,SowJdNumber,varchar
vw_SowJD_ChangeManagement_GetAll,CompanyShortName,nvarchar
vw_SowJD_ChangeManagement_GetAll,CompanyId,uniqueidentifier
vw_SowJD_ChangeManagement_GetAll,CompanyName,nvarchar
vw_SowJD_ChangeManagement_GetAll,Currency,nvarchar
vw_SowJD_ChangeManagement_GetAll,CustomerType,nvarchar
vw_SowJD_ChangeManagement_GetAll,SowJdType,nvarchar
vw_SowJD_ChangeManagement_GetAll,SowjdTypeCode,varchar
vw_SowJD_ChangeManagement_GetAll,SowJdTypeId,uniqueidentifier
vw_SowJD_ChangeManagement_GetAll,sowJdId,uniqueidentifier
vw_SowJD_ChangeManagement_GetAll,sowJdCrId,uniqueidentifier
vw_SowJD_ChangeManagement_GetAll,CustomerTypeId,uniqueidentifier
vw_SowJD_ChangeManagement_GetAll,Wbselement,nvarchar
vw_SowJD_ChangeManagement_GetAll,BudgetCode,nvarchar
vw_SowJD_ChangeManagement_GetAll,FundCenter,nvarchar
vw_SowJD_ChangeManagement_GetAll,FundDetails,nvarchar
vw_SowJD_ChangeManagement_GetAll,OutSourcingType,nvarchar
vw_SowJD_ChangeManagement_GetAll,OutSourcingCode,varchar
vw_SowJD_ChangeManagement_GetAll,LocationMode,nvarchar
vw_SowJD_ChangeManagement_GetAll,SoWProjectStartDate,datetime
vw_SowJD_ChangeManagement_GetAll,SoWProjectEndDate,date
vw_SowJD_ChangeManagement_GetAll,MaterialGroupId,uniqueidentifier
vw_SowJD_ChangeManagement_GetAll,MaterialGroup,nvarchar
vw_SowJD_ChangeManagement_GetAll,sJdSecondLevelApproval,varchar
vw_SowJD_ChangeManagement_GetAll,sjdBuSPoc,varchar
vw_SowJD_ChangeManagement_GetAll,SjdDeptNtid,varchar
vw_SOWJD_EXTN,Id,uniqueidentifier
vw_SOWJD_EXTN,CompanyId,uniqueidentifier
vw_SOWJD_EXTN,CurrentYear,int
vw_SOWJD_EXTN,SowJdNumber,varchar
vw_SOWJD_EXTN,SowJdTypeId,uniqueidentifier
vw_SOWJD_EXTN,Description,varchar
vw_SOWJD_EXTN,CustomerTypeId,uniqueidentifier
vw_SOWJD_EXTN,CustomerName,varchar
vw_SOWJD_EXTN,WbsId,uniqueidentifier
vw_SOWJD_EXTN,InternalResourceCheckdone,smallint
vw_SOWJD_EXTN,IsCustomerApprovalAvailable,smallint
vw_SOWJD_EXTN,IsprojectGDPRRelevant,smallint
vw_SOWJD_EXTN,IsStandardGPAIsSufficient,smallint
vw_SOWJD_EXTN,C2PAgreement,smallint
vw_SOWJD_EXTN,IsResourceAugmentationNeedExtensionOfC2P,smallint
vw_SOWJD_EXTN,C2PDocumentPrepared,smallint
vw_SOWJD_EXTN,OutSourcingTypeId,uniqueidentifier
vw_SOWJD_EXTN,StartDate,datetime
vw_SOWJD_EXTN,EndDate,datetime
vw_SOWJD_EXTN,PlantId,uniqueidentifier
vw_SOWJD_EXTN,BudgetCodeId,uniqueidentifier
vw_SOWJD_EXTN,MaterialGroupId,uniqueidentifier
vw_SOWJD_EXTN,FundId,uniqueidentifier
vw_SOWJD_EXTN,FundCenterId,uniqueidentifier
vw_SOWJD_EXTN,ProjectedPoValue,decimal
vw_SOWJD_EXTN,Status,int
vw_SOWJD_EXTN,CurrencyTypeId,uniqueidentifier
vw_SOWJD_EXTN,Group,varchar
vw_SOWJD_EXTN,Section,varchar
vw_SOWJD_EXTN,Department,varchar
vw_SOWJD_EXTN,CreatedBy,nvarchar
vw_SOWJD_EXTN,ModifiedBy,varchar
vw_SOWJD_EXTN,CreatedOn,datetime
vw_SOWJD_EXTN,ModifiedOn,datetime
vw_SOWJD_EXTN,Id_Identity,int
vw_SOWJD_EXTN,remarks,varchar
vw_SOWJD_EXTN,CostCenter,uniqueidentifier
vw_SOWJD_EXTN,DMRemarks,varchar
vw_SOWJD_EXTN,LocationModeId,int
vw_SOWJD_EXTN,RecordOwner,varchar
vw_SOWJD_EXTN,BUSpoc,nvarchar
vw_SOWJD_EXTN,BuHot,nvarchar
vw_SOWJD_EXTN,groupId,int
vw_SOWJD_EXTN,SowjdReference,uniqueidentifier
vw_SOWJD_EXTN,L1DeligationCount,int
vw_SOWJD_EXTN,L2DeligationCount,int
vw_SOWJD_EXTN,isRepeatOutsourcing,nvarchar
vw_SOWJD_EXTN,DH,varchar
vw_SOWJD_EXTN,actulSecSpoc,varchar
vw_SOWJD_EXTN,BuSpocNTID,varchar
vw_SOWJD_EXTN,SecSpoc,varchar
vw_SOWJD_EXTN,PMOSecretarySpoc,varchar
vw_SOWJD_GetRFQByVendorAndSowJd,Id,uniqueidentifier
vw_SOWJD_GetRFQByVendorAndSowJd,SowJdId,uniqueidentifier
vw_SOWJD_GetRFQByVendorAndSowJd,VendorId,uniqueidentifier
vw_SOWJD_GetRFQByVendorAndSowJd,EndDate,date
vw_SOWJD_GetRFQByVendorAndSowJd,CreatedDate,datetime
vw_SOWJD_GetRFQByVendorAndSowJd,SowJdRfqNumber,nvarchar
vw_SOWJD_GetRFQByVendorAndSowJd,CreatedBy,nvarchar
vw_SOWJD_GetRFQByVendorAndSowJd,WithDrawRemarks,varchar
vw_SOWJD_GetRFQByVendorAndSowJd,Remarks,varchar
vw_SOWJD_GetRFQByVendorAndSowJd,Status,smallint
vw_SOWJD_GetRFQByVendorAndSowJd,secspocRemarks,varchar
vw_SOWJD_GetRFQByVendorAndSowJd,startdate,datetime
vw_SOWJD_GetRFQByVendorAndSowJd,ModifiedOn,datetime
vw_SOWJD_GetRFQByVendorAndSowJd,ModifiedBy,nvarchar
vw_SOWJD_GetRFQByVendorAndSowJd,createdOn,datetimeoffset
vw_SOWJD_GetRFQByVendorAndSowJd,creator,varchar
vw_SOWJD_GetRFQByVendorAndSowJd,RecordOwner,varchar
vw_SOWJD_GetRFQByVendorAndSowJd,CompanyCode,nvarchar
vw_SOWJD_GetRFQByVendorAndSowJd,VendorSAPID,int
vw_SOWJD_GetRFQByVendorAndSowJd,VendorName,nvarchar
vw_SOWJD_GetRFQByVendorAndSowJd,SowJdNumber,varchar
vw_SOWJD_GetRFQByVendorAndSowJd,SowJdTypeId,uniqueidentifier
vw_SOWJD_GetRFQByVendorAndSowJd,Description,varchar
vw_SOWJD_RFQ,Id,uniqueidentifier
vw_SOWJD_RFQ,SowJdId,uniqueidentifier
vw_SOWJD_RFQ,VendorId,uniqueidentifier
vw_SOWJD_RFQ,EndDate,date
vw_SOWJD_RFQ,CreatedDate,datetime
vw_SOWJD_RFQ,SowJdRfqNumber,nvarchar
vw_SOWJD_RFQ,CreatedBy,nvarchar
vw_SOWJD_RFQ,WithDrawRemarks,varchar
vw_SOWJD_RFQ,Remarks,varchar
vw_SOWJD_RFQ,Status,smallint
vw_SOWJD_RFQ,secspocRemarks,varchar
vw_SOWJD_RFQ,startdate,datetime
vw_SOWJD_RFQ,ModifiedOn,datetime
vw_SOWJD_RFQ,ModifiedBy,nvarchar
vw_SOWJD_RFQ,createdOn,datetimeoffset
vw_SOWJD_RFQ,creator,varchar
vw_SOWJD_RFQ,RecordOwner,varchar
vw_SOWJD_RFQ,IsDeleted,bit
vw_SOWJD_RFQ,BuSpocNTID,varchar
vw_SOWJD_RFQ,PMOSecretarySpoc,varchar
vw_SOWJD_RFQ,sowjdSecSpoc,varchar
vw_SOWJD_RFQ,sowjdDH,varchar
vw_SOWJD_RFQ_EXTN,Id,uniqueidentifier
vw_SOWJD_RFQ_EXTN,SowJdId,uniqueidentifier
vw_SOWJD_RFQ_EXTN,VendorId,uniqueidentifier
vw_SOWJD_RFQ_EXTN,EndDate,date
vw_SOWJD_RFQ_EXTN,CreatedDate,datetime
vw_SOWJD_RFQ_EXTN,SowJdRfqNumber,nvarchar
vw_SOWJD_RFQ_EXTN,CreatedBy,nvarchar
vw_SOWJD_RFQ_EXTN,WithDrawRemarks,varchar
vw_SOWJD_RFQ_EXTN,Remarks,varchar
vw_SOWJD_RFQ_EXTN,Status,smallint
vw_SOWJD_RFQ_EXTN,secspocRemarks,varchar
vw_SOWJD_RFQ_EXTN,startdate,datetime
vw_SOWJD_RFQ_EXTN,ModifiedOn,datetime
vw_SOWJD_RFQ_EXTN,ModifiedBy,nvarchar
vw_SOWJD_RFQ_EXTN,createdOn,datetimeoffset
vw_SOWJD_RFQ_EXTN,creator,varchar
vw_SOWJD_RFQ_EXTN,RecordOwner,varchar
vw_SOWJD_RFQ_EXTN,IsDeleted,bit
vw_SOWJD_RFQ_EXTN,BuSpocNTID,varchar
vw_SOWJD_RFQ_EXTN,PMOSecretarySpoc,varchar
vw_SOWJD_RFQ_EXTN,sowjdSecSpoc,varchar
vw_SOWJD_RFQ_EXTN,sowjdDH,varchar
vw_Sowjd_SRN,Id,uniqueidentifier
vw_Sowjd_SRN,BillingPeriodId,uniqueidentifier
vw_Sowjd_SRN,VendorId,uniqueidentifier
vw_Sowjd_SRN,PurchaseOrderId,uniqueidentifier
vw_Sowjd_SRN,SowJdId,uniqueidentifier
vw_Sowjd_SRN,SRNType,varchar
vw_Sowjd_SRN,CreatedOn,datetimeoffset
vw_Sowjd_SRN,CreatedBy,nvarchar
vw_Sowjd_SRN,ModifiedOn,datetimeoffset
vw_Sowjd_SRN,ModifiedByName,nvarchar
vw_Sowjd_SRN,ModifiedBy,nvarchar
vw_Sowjd_SRN,IsDeleted,bit
vw_Sowjd_SRN,Version,timestamp
vw_Sowjd_SRN,DM,varchar
vw_Sowjd_SRN,SRNNumber,varchar
vw_Sowjd_SRN,TechnicalProposalId,uniqueidentifier
vw_Sowjd_SRN,SRNStatusID,int
vw_Sowjd_SRN,InvoiceId,varchar
vw_Sowjd_SRN,SRNTypeID,int
vw_Sowjd_SRN,SRNValue,decimal
vw_Sowjd_SRN,TotalPMO,decimal
vw_Sowjd_SRN,ApproverEmployeeNumber,bigint
vw_Sowjd_SRN,RecordOwner,varchar
vw_Sowjd_SRN,SectionSpoc,varchar
vw_Sowjd_SRN,L1DeligationCount,int
vw_Sowjd_SRN,L2DeligationCount,int
vw_Sowjd_SRN,SectionSPOCApproval,varchar
vw_Sowjd_SRN,ApprovalDM,varchar
vw_Sowjd_SRN,ApprovalSecSpoc,varchar
vw_Sowjd_SRN,SRNBillingYear,int
vw_Sowjd_SRN,TpRecordOwner,varchar
vw_Sowjd_SRN,SoWJdCreatedBy,nvarchar
vw_Sowjd_SRN,SoWJdPMOSecretarySpoc,varchar
vw_Sowjd_SRN,SrnSoWBuSpoc,varchar
vw_Sowjd_SRN,SrnSoWSecSpoc,varchar
vw_Sowjd_SRN,SrnDH,varchar
vw_SoWJD_TP,Id,uniqueidentifier
vw_SoWJD_TP,SowJdId,uniqueidentifier
vw_SoWJD_TP,VendorId,uniqueidentifier
vw_SoWJD_TP,StartDate,date
vw_SoWJD_TP,EndDate,date
vw_SoWJD_TP,CreatedDate,date
vw_SoWJD_TP,CreatedBy,nvarchar
vw_SoWJD_TP,Remarks,nvarchar
vw_SoWJD_TP,Status,smallint
vw_SoWJD_TP,RfqId,uniqueidentifier
vw_SoWJD_TP,isSpocSignedOff,bit
vw_SoWJD_TP,isVendorSignedOff,bit
vw_SoWJD_TP,isDMSignedOff,bit
vw_SoWJD_TP,modifiedOn,datetime
vw_SoWJD_TP,modifiedBy,varchar
vw_SoWJD_TP,TechnicalProposalNumber,varchar
vw_SoWJD_TP,secspocActionBy,nvarchar
vw_SoWJD_TP,DMActionBy,nvarchar
vw_SoWJD_TP,InitateSignOff,bit
vw_SoWJD_TP,creator,varchar
vw_SoWJD_TP,RecordOwner,varchar
vw_SoWJD_TP,ManagedCapacity,nvarchar
vw_SoWJD_TP,BuSpocNTID,varchar
vw_SoWJD_TP,PMOSecretarySpoc,varchar
vw_SoWJD_TP,sowjdSecSpoc,varchar
vw_SoWJD_TP,sowjdDH,varchar
vw_SoWJD_TP_EXTN,Id,uniqueidentifier
vw_SoWJD_TP_EXTN,SowJdId,uniqueidentifier
vw_SoWJD_TP_EXTN,VendorId,uniqueidentifier
vw_SoWJD_TP_EXTN,StartDate,date
vw_SoWJD_TP_EXTN,EndDate,date
vw_SoWJD_TP_EXTN,CreatedDate,date
vw_SoWJD_TP_EXTN,CreatedBy,nvarchar
vw_SoWJD_TP_EXTN,Remarks,nvarchar
vw_SoWJD_TP_EXTN,Status,smallint
vw_SoWJD_TP_EXTN,RfqId,uniqueidentifier
vw_SoWJD_TP_EXTN,isSpocSignedOff,bit
vw_SoWJD_TP_EXTN,isVendorSignedOff,bit
vw_SoWJD_TP_EXTN,isDMSignedOff,bit
vw_SoWJD_TP_EXTN,modifiedOn,datetime
vw_SoWJD_TP_EXTN,modifiedBy,varchar
vw_SoWJD_TP_EXTN,TechnicalProposalNumber,varchar
vw_SoWJD_TP_EXTN,secspocActionBy,nvarchar
vw_SoWJD_TP_EXTN,DMActionBy,nvarchar
vw_SoWJD_TP_EXTN,InitateSignOff,bit
vw_SoWJD_TP_EXTN,creator,varchar
vw_SoWJD_TP_EXTN,RecordOwner,varchar
vw_SoWJD_TP_EXTN,ManagedCapacity,nvarchar
vw_SoWJD_TP_EXTN,BuSpocNTID,varchar
vw_SoWJD_TP_EXTN,PMOSecretarySpoc,varchar
vw_SoWJD_TP_EXTN,sowjdSecSpoc,varchar
vw_SoWJD_TP_EXTN,sowjdDH,varchar
vw_SowJD_TP_Skillsets,VendorShare,decimal
vw_SowJD_TP_Skillsets,TotalPendingCount,decimal
vw_SowJD_TP_Skillsets,IsDeleted,bit
vw_SowJD_TP_Skillsets,SoWJdSkillsetId,uniqueidentifier
vw_SowJD_TP_Skillsets,TechnicalProposalId,uniqueidentifier
vw_SowJD_TP_Skillsets,SkillsetId,uniqueidentifier
vw_SowJD_TP_Skillsets,GradeId,uniqueidentifier
vw_SowJD_TP_Skillsets,Id,uniqueidentifier
vw_SowJD_TP_Skillsets,SowJdId,uniqueidentifier
vw_SRN,Id,uniqueidentifier
vw_SRN,BillingPeriodId,uniqueidentifier
vw_SRN,VendorId,uniqueidentifier
vw_SRN,PurchaseOrderId,uniqueidentifier
vw_SRN,SowJdId,uniqueidentifier
vw_SRN,InvoiceId,varchar
vw_SRN,CreatedOn,datetimeoffset
vw_SRN,CreatedBy,nvarchar
vw_SRN,ModifiedOn,datetimeoffset
vw_SRN,ModifiedBy,nvarchar
vw_SRN,CompanyCode,nvarchar
vw_SRN,VendorSAPID,int
vw_SRN,VendorName,nvarchar
vw_SRN,BillingMonth,nvarchar
vw_SRN,PeriodStart,datetime
vw_SRN,PeriodId,int
vw_SRN,PeriodEnd,datetime
vw_SRN,StandardDays,int
vw_SRN,Ponumber,nvarchar
vw_SRN,SowJdNumber,varchar
vw_wbs,Id,uniqueidentifier
vw_wbs,WbsElement,nvarchar
vw_wbs,Description,nvarchar
vw_wbs,ProjectId,nvarchar
vw_wbs,CompanyId,uniqueidentifier
vw_wbs,CompanyCode,nvarchar
vw_wbs,PlantId,uniqueidentifier
vw_wbs,PlantCode,nvarchar
vw_wbs,PlantName,nvarchar
vw_wbs,TechnicallyCompleted,datetime
vw_wbs,BusinessArea,nvarchar
vw_wbs,SAPCreatedOn,datetime
vw_wbs,ChangedOn,datetime
vw_wbs,Source,nvarchar
vw_wbs,CreatedOn,datetimeoffset
vw_wbs,CreatedBy,nvarchar
vw_wbs,ModifiedOn,datetimeoffset
vw_wbs,ModifiedBy,nvarchar
vw_wbs,Version,timestamp
Wbs,Id,uniqueidentifier
Wbs,Wbselement,nvarchar
Wbs,Description,nvarchar
Wbs,ProjectId,nvarchar
Wbs,Source,nvarchar
Wbs,CreatedOn,datetimeoffset
Wbs,CreatedBy,nvarchar
Wbs,ModifiedOn,datetimeoffset
Wbs,ModifiedBy,nvarchar
Wbs,IsDeleted,bit
Wbs,Version,timestamp
Wbs,CompanyId,uniqueidentifier
Wbs,PlantId,uniqueidentifier
Wbs,Imported,bit
Wbs,BusinessArea,nvarchar
Wbs,TechnicallyCompleted,datetime
Wbs,ChangedOn,datetime
Wbs,SAPCreatedOn,datetime
Wbs,PlantCode,nvarchar
WBSMaster,Id,uniqueidentifier
WBSMaster,WBSElement,nvarchar
WBSMaster,Description,nvarchar
WBSMaster,ProjectId,nvarchar
WBSMaster,CompanyCode,nvarchar
WBSMaster,Plant,nvarchar
WBSMaster,TechnicallyCompleted,nvarchar
WBSMaster,Source,nvarchar
WBSMaster,IsActive,bit
WBSMaster,CreatedOn,datetime2
WBSMaster,CreatedBy,nvarchar
WBSMaster,ModifiedOn,datetime2
WBSMaster,ModifiedBy,nvarchar
